event_id,detected_at,received_at,latencia_ms
8c0f01f6-99fa-4b1e-a40c-0c05dd899afa,2026-09-18 02:11:45.887328+00,2026-09-18 02:11:45.913328+00,26.000000
5a01116e-4e16-4d5a-831a-9d181269556f,2026-09-18 02:11:49.487495+00,2026-09-18 02:11:49.520619+00,33.124000
c8d1a84f-7380-4d70-9b38-3adb772cc2e6,2026-09-18 02:11:53.087242+00,2026-09-18 02:11:53.123048+00,35.806000
54cd7d50-6320-4f62-85c6-4273f8a14772,2026-09-18 02:11:56.687245+00,2026-09-18 02:11:56.720908+00,33.663000
18d60a4c-2ef9-45cd-8451-9723c53f753f,2026-09-18 02:12:00.286791+00,2026-09-18 02:12:00.32149+00,34.699000
68ac5491-d43b-4a83-a4a7-73e26902aac8,2026-09-18 02:12:03.886404+00,2026-09-18 02:12:03.920555+00,34.151000
d9d658f5-ae5d-4823-a5b1-cf9108581905,2026-09-18 02:12:07.486252+00,2026-09-18 02:12:07.523217+00,36.965000
c61c4459-d2ae-4105-8cb7-93ace88ab949,2026-09-18 02:12:11.085723+00,2026-09-18 02:12:11.119741+00,34.018000
8f5222a6-ce7e-45ee-8ba1-d69b801611b8,2026-09-18 02:12:14.685198+00,2026-09-18 02:12:14.716655+00,31.457000
82e19c4d-45e4-4776-9506-bf2e55add919,2026-09-18 02:12:18.285554+00,2026-09-18 02:12:18.321641+00,36.087000
224b085c-94d0-46ed-a3e8-77415142617f,2026-09-18 02:12:21.884367+00,2026-09-18 02:12:21.916768+00,32.401000
6cdce75b-eccd-45f1-ae9a-8078b8c8705c,2026-09-18 02:12:25.484775+00,2026-09-18 02:12:25.512173+00,27.398000
29e9735d-1a90-4a43-b1f4-1b70d48e3250,2026-09-18 02:12:29.084286+00,2026-09-18 02:12:29.117897+00,33.611000
d36db6af-c8bc-460a-8f97-72df4954177f,2026-09-18 02:12:32.684563+00,2026-09-18 02:12:32.719919+00,35.356000
91d8e8d2-86e5-408d-b990-59df272dbfc6,2026-09-18 02:12:36.284241+00,2026-09-18 02:12:36.319314+00,35.073000
a3bae82d-d334-4919-93ce-37eabb19bf4e,2026-09-18 02:12:39.883331+00,2026-09-18 02:12:39.914452+00,31.121000
91c22d25-a04d-48d8-ada7-6b9ea1b095a9,2026-09-18 02:12:43.482223+00,2026-09-18 02:12:43.513751+00,31.528000
0c1b3595-0c75-40f5-b35f-a9dee317a0cb,2026-09-18 02:12:47.082826+00,2026-09-18 02:12:47.118772+00,35.946000
56988b99-faca-49f6-8b38-11d90566e131,2026-09-18 02:12:50.682832+00,2026-09-18 02:12:50.716898+00,34.066000
e8706873-5fd7-467e-bd50-e6629c3dfe8c,2026-09-18 02:12:54.281837+00,2026-09-18 02:12:54.312368+00,30.531000
5026eff0-193c-4693-be50-e3bbc21e5a33,2026-09-18 02:12:57.882457+00,2026-09-18 02:12:57.916683+00,34.226000
41dafa6e-2e94-4c12-a272-58cc5b064d20,2026-09-18 02:13:01.482206+00,2026-09-18 02:13:01.518236+00,36.030000
fce86549-bbe4-4555-a125-08e106a275d5,2026-09-18 02:13:05.081525+00,2026-09-18 02:13:05.105946+00,24.421000
3c425fe3-91d8-4f03-92dc-85acd3bd7865,2026-09-18 02:13:08.680643+00,2026-09-18 02:13:08.709017+00,28.374000
fd8fada3-e806-4503-a266-bde9e78d4e02,2026-09-18 02:13:12.281481+00,2026-09-18 02:13:12.314961+00,33.480000
5740af09-e005-44d9-aaa8-5bb2b81973af,2026-09-18 02:13:15.880373+00,2026-09-18 02:13:15.907572+00,27.199000
44b87e7d-b031-492f-a8f2-3e65f2388248,2026-09-18 02:13:19.480465+00,2026-09-18 02:13:19.517719+00,37.254000
cc49b599-1dfd-40d3-90c9-122b39c43671,2026-09-18 02:13:23.079469+00,2026-09-18 02:13:23.106253+00,26.784000
58114bff-2534-4cd5-ad53-19b55573327e,2026-09-18 02:13:26.679947+00,2026-09-18 02:13:26.712194+00,32.247000
b38c5a74-b382-4602-acfb-0cb4d0e10c0e,2026-09-18 02:13:30.279746+00,2026-09-18 02:13:30.314794+00,35.048000
ede7098a-e3a2-4bdb-97df-6848b14fd9ed,2026-09-18 02:13:33.878484+00,2026-09-18 02:13:33.905231+00,26.747000
bf44bf01-dd5c-41c4-af82-a2dd897a8e13,2026-09-18 02:13:37.479191+00,2026-09-18 02:13:37.513651+00,34.460000
03951432-a2dd-43eb-8b9e-11c6157ccc01,2026-09-18 02:13:41.07844+00,2026-09-18 02:13:41.116386+00,37.946000
14baaaab-019f-44b6-988b-ed9b3e82a13c,2026-09-18 02:13:44.678265+00,2026-09-18 02:13:44.715022+00,36.757000
224ae903-2247-4782-8c3e-852685740356,2026-09-18 02:13:48.2778+00,2026-09-18 02:13:48.312393+00,34.593000
d33847b4-c8ca-4232-a5d2-de14df2950ba,2026-09-18 02:13:51.878108+00,2026-09-18 02:13:51.913883+00,35.775000
d012a472-c067-4de6-a316-9d66b9c17efd,2026-09-18 02:13:55.477431+00,2026-09-18 02:13:55.504365+00,26.934000
8b4a4ef3-746e-47f6-8386-bb7d7fe76dc6,2026-09-18 02:13:59.077054+00,2026-09-18 02:13:59.103152+00,26.098000
acd996ca-6c23-4866-b9fb-29b84e452c85,2026-09-18 02:14:02.676791+00,2026-09-18 02:14:02.71337+00,36.579000
0f2996b6-d612-4548-9b85-ae1120a4336c,2026-09-18 02:14:06.276463+00,2026-09-18 02:14:06.312675+00,36.212000
2cc4e412-85fe-409d-af3b-0d1f46f1a7c7,2026-09-18 02:14:09.876746+00,2026-09-18 02:14:09.918795+00,42.049000
a4a66361-2710-46b7-b12a-99588d46e10e,2026-09-18 02:14:13.476438+00,2026-09-18 02:14:13.511059+00,34.621000
99ea30dd-b8d9-4f9f-98ad-ed971474b46a,2026-09-18 02:14:17.075833+00,2026-09-18 02:14:17.110828+00,34.995000
564f8e5e-c715-4969-a05b-609edc1fc216,2026-09-18 02:14:20.676037+00,2026-09-18 02:14:20.711492+00,35.455000
8263880d-73eb-4a83-b1e6-b599369a4de9,2026-09-18 02:14:24.275384+00,2026-09-18 02:14:24.30875+00,33.366000
6f43cf31-083a-4bb1-9073-07e38cf220aa,2026-09-18 02:14:27.875228+00,2026-09-18 02:14:27.91183+00,36.602000
5ad740b1-6eb5-4377-b354-6bb75090608d,2026-09-18 02:14:31.474609+00,2026-09-18 02:14:31.501084+00,26.475000
761b1f1e-2cd5-4565-a8e9-bc3719a34c18,2026-09-18 02:14:35.07416+00,2026-09-18 02:14:35.109544+00,35.384000
1f1d6439-2864-4d4e-a765-09e2ca3e2923,2026-09-18 02:14:38.674065+00,2026-09-18 02:14:38.708639+00,34.574000
bc361401-2dc3-434a-b773-2a4e7badb6c4,2026-09-18 02:14:42.274635+00,2026-09-18 02:14:42.310744+00,36.109000
0a70f6e2-1b18-4f92-88af-b5c2309143ed,2026-09-18 02:14:45.873376+00,2026-09-18 02:14:45.906955+00,33.579000
7af4b9b9-8452-47f7-84e5-e521e838afa1,2026-09-18 02:14:49.473099+00,2026-09-18 02:14:49.511448+00,38.349000
b30aae8e-0428-40a0-b110-5528e50a8672,2026-09-18 02:14:53.072775+00,2026-09-18 02:14:53.108492+00,35.717000
b2569081-0660-4760-ba7f-74b994a60f3f,2026-09-18 02:14:56.672421+00,2026-09-18 02:14:56.697907+00,25.486000
728e216f-e1a2-4c1b-bb18-39b97c1f7372,2026-09-18 02:15:00.27208+00,2026-09-18 02:15:00.305646+00,33.566000
6c0dc3eb-2c70-40c9-a8aa-14b22af973ab,2026-09-18 02:15:03.872184+00,2026-09-18 02:15:03.90632+00,34.136000
6cc7005c-461f-4294-a05a-7a011dd2f4b0,2026-09-18 02:15:07.471261+00,2026-09-18 02:15:07.505193+00,33.932000
30f13769-cf12-4fa0-93f4-c9cb65b8d7e7,2026-09-18 02:15:11.071308+00,2026-09-18 02:15:11.105451+00,34.143000
34ade2c9-b780-4e84-9690-f64ff9336392,2026-09-18 02:15:14.671403+00,2026-09-18 02:15:14.707064+00,35.661000
2a50c1ff-4494-4365-bc2e-780c2274065b,2026-09-18 02:15:18.27078+00,2026-09-18 02:15:18.304813+00,34.033000
b1e40479-82bd-420b-95e5-7c9e7bd54a99,2026-09-18 02:15:21.870713+00,2026-09-18 02:15:21.904895+00,34.182000
0d11a446-3670-4dc4-ba5b-c66dd4fec494,2026-09-18 02:15:25.470409+00,2026-09-18 02:15:25.496367+00,25.958000
97aa2c5e-9ee7-4c24-b9b9-619fef04390a,2026-09-18 02:15:29.069982+00,2026-09-18 02:15:29.101325+00,31.343000
9617c9df-567a-40b0-abd7-67db7735e06b,2026-09-18 02:15:32.670216+00,2026-09-18 02:15:32.708152+00,37.936000
23a26562-879c-4852-abb3-a6c360eddfbf,2026-09-18 02:15:36.269706+00,2026-09-18 02:15:36.303102+00,33.396000
ddf39fe4-37e1-43fd-a9f0-5dd4dcc2dea6,2026-09-18 02:15:39.869018+00,2026-09-18 02:15:39.903184+00,34.166000
b638465a-cfaf-4fb6-8c4a-ac4bd03880f8,2026-09-18 02:15:43.469307+00,2026-09-18 02:15:43.50266+00,33.353000
6f32a559-4a4a-4a0b-8079-4ef2cbd5e2a2,2026-09-18 02:15:47.069092+00,2026-09-18 02:15:47.104012+00,34.920000
ba15aba7-0528-4bc5-a534-48cfbe37307c,2026-09-18 02:15:50.668394+00,2026-09-18 02:15:50.705259+00,36.865000
be0e1619-4f80-4c72-97c5-531bd2b4b8f4,2026-09-18 02:15:54.268267+00,2026-09-18 02:15:54.303784+00,35.517000
7a4a05f4-c231-4902-a293-075f4987ceef,2026-09-18 02:15:57.867558+00,2026-09-18 02:15:57.899416+00,31.858000
e969e225-9e33-46a8-b255-cbb91e8a3b9e,2026-09-18 02:16:01.467244+00,2026-09-18 02:16:01.50194+00,34.696000
1898ed2f-2a39-4338-92f8-9fa5d05785ce,2026-09-18 02:16:05.066215+00,2026-09-18 02:16:05.093867+00,27.652000
acd41c56-f5fd-401b-a00e-5c23dc7e39b7,2026-09-18 02:16:08.66632+00,2026-09-18 02:16:08.702339+00,36.019000
044e7a35-16c6-4f70-a8b2-2273ede70d83,2026-09-18 02:16:12.266316+00,2026-09-18 02:16:12.300919+00,34.603000
5898160f-de83-4422-add4-06f12b237630,2026-09-18 02:16:15.866298+00,2026-09-18 02:16:15.903363+00,37.065000
f3f1485a-68ff-423d-9f45-a9af69d33ae0,2026-09-18 02:16:19.465894+00,2026-09-18 02:16:19.501769+00,35.875000
023854bb-0b5c-4826-870f-57fcf45fcf0c,2026-09-18 02:16:23.066177+00,2026-09-18 02:16:23.101905+00,35.728000
2ae17404-8cef-4e65-a545-ee6588689e4b,2026-09-18 02:16:26.665667+00,2026-09-18 02:16:26.701629+00,35.962000
69732361-98f4-46e9-b66b-7d9083da1ab1,2026-09-18 02:16:30.265078+00,2026-09-18 02:16:30.30748+00,42.402000
b9a449f2-0fc1-473b-b127-6accb3f97f9c,2026-09-18 02:16:33.864834+00,2026-09-18 02:16:33.900502+00,35.668000
6f93a811-1be8-49e6-a984-10de82bf9f57,2026-09-18 02:16:37.464492+00,2026-09-18 02:16:37.500154+00,35.662000
e88302c0-a69d-45c6-abaa-64cb9a1036b9,2026-09-18 02:16:41.063892+00,2026-09-18 02:16:41.100457+00,36.565000
e3cdcc7f-85c2-44e7-9d6b-26afa5eb5307,2026-09-18 02:16:44.663427+00,2026-09-18 02:16:44.70275+00,39.323000
83a7f262-efd8-4d84-bb2b-b92bcc2da6d8,2026-09-18 02:16:48.263651+00,2026-09-18 02:16:48.299298+00,35.647000
8af6975c-f1a9-4023-a070-e4c8cc6930de,2026-09-18 02:16:51.863585+00,2026-09-18 02:16:51.89995+00,36.365000
4e42f9a3-46d4-4225-9443-36bfcf844901,2026-09-18 02:16:55.462664+00,2026-09-18 02:16:55.50291+00,40.246000
cdbdea32-15da-4eee-a9f3-b0d4b254b935,2026-09-18 02:16:59.062692+00,2026-09-18 02:16:59.102407+00,39.715000
d6759929-b5f0-44cd-8223-5c9ce1e041e5,2026-09-18 02:17:02.662542+00,2026-09-18 02:17:02.698899+00,36.357000
1be7e635-5be8-414a-8716-59111331e54b,2026-09-18 02:17:06.261991+00,2026-09-18 02:17:06.296429+00,34.438000
011cac36-02ff-482f-bc85-8560085f1620,2026-09-18 02:17:09.861633+00,2026-09-18 02:17:09.900786+00,39.153000
7a7f2cf3-60a5-46b9-84a7-347cb951253e,2026-09-18 02:17:13.461403+00,2026-09-18 02:17:13.491043+00,29.640000
97121138-4428-4888-8384-36379492ee9f,2026-09-18 02:17:17.060933+00,2026-09-18 02:17:17.091987+00,31.054000
6cfdb198-70ab-47d8-9e66-c9243647eec4,2026-09-18 02:17:20.661097+00,2026-09-18 02:17:20.696073+00,34.976000
038e9d7c-ea67-463c-9156-e42941d96716,2026-09-18 02:17:24.260344+00,2026-09-18 02:17:24.295592+00,35.248000
8ac1d93b-fea4-4542-a922-e4d5355a691a,2026-09-18 02:17:27.860583+00,2026-09-18 02:17:27.89732+00,36.737000
2a613e9d-d0d4-4b4d-bf6a-f15d4ece0cd3,2026-09-18 02:17:31.460258+00,2026-09-18 02:17:31.500867+00,40.609000
6407aa0c-3283-42f7-a90e-e12dac80e2b3,2026-09-18 02:17:35.060379+00,2026-09-18 02:17:35.096619+00,36.240000
62ca3491-3bdf-418a-9ab4-a977a520dc5e,2026-09-18 02:17:38.659996+00,2026-09-18 02:17:38.698023+00,38.027000
bd83c73c-404b-4165-9740-e0e29e26ebbf,2026-09-18 02:17:42.259203+00,2026-09-18 02:17:42.296375+00,37.172000
034175b6-3d06-4a79-872f-accfacc66115,2026-09-18 02:17:45.859318+00,2026-09-18 02:17:45.895434+00,36.116000
0d8ef17e-51db-43ce-a48a-dc9767809bef,2026-09-18 02:17:49.458771+00,2026-09-18 02:17:49.494737+00,35.966000
bfada0ab-45c7-4e82-811f-c3823d96093f,2026-09-18 02:17:53.057977+00,2026-09-18 02:17:53.093166+00,35.189000
6ff44392-d7c9-48bb-ab95-54af0b2fde4c,2026-09-18 02:17:56.658262+00,2026-09-18 02:17:56.695101+00,36.839000
697d040c-00fa-4909-81b0-e7620844b1f7,2026-09-18 02:18:00.257663+00,2026-09-18 02:18:00.296221+00,38.558000
ce2d8bb6-4986-4b11-a2d2-b1ec81faf126,2026-09-18 02:18:03.857971+00,2026-09-18 02:18:03.890153+00,32.182000
f1366c10-75b0-4f35-bd75-dfa1ab144c04,2026-09-18 02:18:07.457763+00,2026-09-18 02:18:07.495719+00,37.956000
1f9e1fa2-8d3b-42df-8f5e-f3285bb8f64f,2026-09-18 02:18:11.057011+00,2026-09-18 02:18:11.092741+00,35.730000
c6f06857-1e5a-4a08-93ee-17b1b8df2c10,2026-09-18 02:18:14.656563+00,2026-09-18 02:18:14.690424+00,33.861000
317adbb2-c513-4faf-9879-c237c1277310,2026-09-18 02:18:18.256665+00,2026-09-18 02:18:18.291451+00,34.786000
140c28aa-668f-4a3f-b75a-3196026ff294,2026-09-18 02:18:21.8557+00,2026-09-18 02:18:21.890848+00,35.148000
39473ba4-9be1-4c3e-81b4-c9ef6cdaf7c7,2026-09-18 02:18:25.45633+00,2026-09-18 02:18:25.490906+00,34.576000
de4bb55a-bdb4-4162-925f-bce212a96837,2026-09-18 02:18:29.055498+00,2026-09-18 02:18:29.090403+00,34.905000
de36d3ec-71e2-427c-8dee-fdb8f26a9a2a,2026-09-18 02:18:32.655154+00,2026-09-18 02:18:32.690754+00,35.600000
ad235da5-5ff3-4a0f-9e01-cfcb1adc1c23,2026-09-18 02:18:36.255124+00,2026-09-18 02:18:36.288283+00,33.159000
ddb494b8-a985-443d-b940-a4680aedd3d5,2026-09-18 02:18:39.855015+00,2026-09-18 02:18:39.891336+00,36.321000
0ba4fb8b-c832-44af-810f-98d3360e952d,2026-09-18 02:18:43.454419+00,2026-09-18 02:18:43.494633+00,40.214000
c342ad54-4096-4ff0-89b6-a3ead790c2ed,2026-09-18 02:18:47.054171+00,2026-09-18 02:18:47.088192+00,34.021000
7f4d21f0-6bf4-428d-b553-4891f962a82a,2026-09-18 02:18:50.653565+00,2026-09-18 02:18:50.694327+00,40.762000
a7884a46-59c7-4294-b5bd-7f6a35b5dc59,2026-09-18 02:18:54.253508+00,2026-09-18 02:18:54.291215+00,37.707000
6d19e687-e3b3-4ab1-a990-f5eaa49fef44,2026-09-18 02:18:57.853405+00,2026-09-18 02:18:57.887882+00,34.477000
8a269764-9f49-4dd0-8070-a20be2394562,2026-09-18 02:19:01.452818+00,2026-09-18 02:19:01.489278+00,36.460000
376de892-5c55-43d6-b13b-6bf5d8444b6d,2026-09-18 02:19:05.053105+00,2026-09-18 02:19:05.087855+00,34.750000
1aa2df9f-8115-40ba-a1fa-7ed7c66c74e4,2026-09-18 02:19:08.652171+00,2026-09-18 02:19:08.687125+00,34.954000
fe95931b-6703-4e87-9fa6-60094db85f2e,2026-09-18 02:19:12.251705+00,2026-09-18 02:19:12.283088+00,31.383000
d596e2c9-84e4-401e-9cab-f5c0919b4576,2026-09-18 02:19:15.851513+00,2026-09-18 02:19:15.888291+00,36.778000
9ce71d28-8acf-436e-95a0-43c189577cc2,2026-09-18 02:19:19.451824+00,2026-09-18 02:19:19.49021+00,38.386000
aeb501c2-1b71-4adc-89b8-9c6b09a9368e,2026-09-18 02:19:23.051228+00,2026-09-18 02:19:23.086818+00,35.590000
e74b9102-761b-42d4-aef2-331325bba3e9,2026-09-18 02:19:26.650611+00,2026-09-18 02:19:26.684938+00,34.327000
5475cafd-2e8d-439c-bd44-d99ac0860cf5,2026-09-18 02:19:30.250414+00,2026-09-18 02:19:30.285003+00,34.589000
a89746fc-91f9-4c4c-b7c5-2a2fbe39287a,2026-09-18 02:19:33.850188+00,2026-09-18 02:19:33.890211+00,40.023000
ccc2024a-f377-41aa-b21c-5333d664cd51,2026-09-18 02:19:37.449916+00,2026-09-18 02:19:37.486593+00,36.677000
8a6a5fdb-a15b-418a-86f8-bf9bccb7dd7d,2026-09-18 02:19:41.04958+00,2026-09-18 02:19:41.087978+00,38.398000
5c4f09a2-6228-4599-9caf-e530ea11d080,2026-09-18 02:19:44.649789+00,2026-09-18 02:19:44.683211+00,33.422000
48fb2d5e-45ce-4089-8954-001d6dcc6de0,2026-09-18 02:19:48.249038+00,2026-09-18 02:19:48.285896+00,36.858000
8471af9b-0a9a-4ae2-ae19-7108ed0d3381,2026-09-18 02:19:51.849419+00,2026-09-18 02:19:51.886385+00,36.966000
8303ffc0-42f5-4dea-bf14-a70447af237a,2026-09-18 02:19:55.44852+00,2026-09-18 02:19:55.477017+00,28.497000
611c479f-6f61-4270-8015-2b67a0ab0cb5,2026-09-18 02:19:59.048489+00,2026-09-18 02:19:59.084858+00,36.369000
4f0407e8-b6b0-426c-a9da-9f3ce918a3f2,2026-09-18 02:20:02.648219+00,2026-09-18 02:20:02.681862+00,33.643000
3c18d5a5-bb4f-4c5e-8ece-541ab2ea0a35,2026-09-18 02:20:06.247908+00,2026-09-18 02:20:06.282969+00,35.061000
3a824d8c-c5eb-40d0-9e05-c6b4721d0e72,2026-09-18 02:20:09.848116+00,2026-09-18 02:20:09.883638+00,35.522000
d4847572-28ac-4211-8c61-087e17165763,2026-09-18 02:20:13.447361+00,2026-09-18 02:20:13.481185+00,33.824000
dbe27462-24cd-460f-9970-6d0f8b6dd6ee,2026-09-18 02:20:17.047011+00,2026-09-18 02:20:17.085461+00,38.450000
e0f5c73c-db88-4278-bbca-86ec1b576668,2026-09-18 02:20:20.646674+00,2026-09-18 02:20:20.680855+00,34.181000
136a8678-114c-4e1d-80b6-45a742061b24,2026-09-18 02:20:24.246627+00,2026-09-18 02:20:24.281754+00,35.127000
85577f1b-488a-4041-941e-63f44718bc83,2026-09-18 02:20:27.846538+00,2026-09-18 02:20:27.881596+00,35.058000
a25a4170-2fe9-4f70-9fb9-a3ee1b40c954,2026-09-18 02:20:31.44571+00,2026-09-18 02:20:31.477781+00,32.071000
49aaebeb-380c-4321-8148-fa3b5a8d6ac1,2026-09-18 02:20:35.045451+00,2026-09-18 02:20:35.079071+00,33.620000
2f1cad54-263d-4456-82a8-c05af96d04b3,2026-09-18 02:20:38.644985+00,2026-09-18 02:20:38.682201+00,37.216000
497ca6d5-7394-44fe-a090-818a72795de5,2026-09-18 02:20:42.24537+00,2026-09-18 02:20:42.282074+00,36.704000
71030fc0-0ed7-4202-bd7e-da02a6d19e30,2026-09-18 02:20:45.84471+00,2026-09-18 02:20:45.880351+00,35.641000
e54e996c-ba38-4529-a2e0-49f845084101,2026-09-18 02:20:49.444311+00,2026-09-18 02:20:49.47857+00,34.259000
cb4904e9-4201-4a5d-992e-ef21f85c9a6c,2026-09-18 02:20:53.043737+00,2026-09-18 02:20:53.080436+00,36.699000
bbaee748-4016-4ca4-a813-f44d34f08d36,2026-09-18 02:20:56.643326+00,2026-09-18 02:20:56.678337+00,35.011000
6f8ea83e-6f4e-4193-9f2b-26c236d13e92,2026-09-18 02:21:00.243649+00,2026-09-18 02:21:00.278881+00,35.232000
7fd29d27-f534-4cf7-aa70-9c32443b9ecc,2026-09-18 02:21:03.842976+00,2026-09-18 02:21:03.870477+00,27.501000
faf8e471-9bed-4deb-9177-522150fa2ed2,2026-09-18 02:21:07.44264+00,2026-09-18 02:21:07.47736+00,34.720000
cbd68f41-c83b-4dff-8623-efbc91cda10b,2026-09-18 02:21:11.042276+00,2026-09-18 02:21:11.077901+00,35.625000
824eb2fb-ee21-4297-a642-5f00b124c96b,2026-09-18 02:21:14.642509+00,2026-09-18 02:21:14.6757+00,33.191000
40aad964-deaf-4e10-82c7-21ea7e025cb2,2026-09-18 02:21:18.241555+00,2026-09-18 02:21:18.259816+00,18.261000
291f4492-4e68-4f67-83ac-ecb714ac2dab,2026-09-18 02:21:21.841428+00,2026-09-18 02:21:21.875833+00,34.405000
8395384d-eb50-4587-bd86-fa0f09bfe3d3,2026-09-18 02:21:25.441144+00,2026-09-18 02:21:25.478363+00,37.219000
3a52b5a6-db73-449e-beab-dd68f1beb51f,2026-09-18 02:21:29.041197+00,2026-09-18 02:21:29.072818+00,31.621000
0a89d96e-c554-48dd-a7b5-d67f83b0d283,2026-09-18 02:21:32.640453+00,2026-09-18 02:21:32.678197+00,37.744000
3aa53944-df90-4152-9eb5-9b8b18fda9fc,2026-09-18 02:21:36.240437+00,2026-09-18 02:21:36.279457+00,39.020000
474bf713-72b0-4733-8cae-cfc9aeb3434e,2026-09-18 02:21:39.840299+00,2026-09-18 02:21:39.877982+00,37.683000
9dc75ce2-0a46-454a-b1bd-129f6a5a8792,2026-09-18 02:21:43.439696+00,2026-09-18 02:21:43.473516+00,33.820000
8826b226-3e2e-4608-8b48-9cac3c5ecb78,2026-09-18 02:21:47.039373+00,2026-09-18 02:21:47.061876+00,22.503000
2df3d197-414f-4672-8440-0f356ab1efa0,2026-09-18 02:21:50.639762+00,2026-09-18 02:21:50.676911+00,37.149000
4911d2cb-d02c-405f-ad8d-31e970cc48f7,2026-09-18 02:21:54.239165+00,2026-09-18 02:21:54.27325+00,34.085000
2cc7b3e0-f5a2-44f1-b446-e1a860a8543e,2026-09-18 02:21:57.838575+00,2026-09-18 02:21:57.880267+00,41.692000
d93d5504-886e-416c-bd61-0ec9dae44bb7,2026-09-18 02:22:01.438622+00,2026-09-18 02:22:01.470445+00,31.823000
bf583844-5cc5-4b83-bc09-c981864d7fff,2026-09-18 02:22:05.038388+00,2026-09-18 02:22:05.075441+00,37.053000
21496c11-912d-40e8-96d4-5c74bef6aa9b,2026-09-18 02:22:08.637576+00,2026-09-18 02:22:08.67291+00,35.334000
8ed89739-54de-4426-9ec2-c2ffe67d1f5d,2026-09-18 02:22:12.236849+00,2026-09-18 02:22:12.273956+00,37.107000
bbfb475a-e6c3-4865-8715-38171b7d9626,2026-09-18 02:22:15.83759+00,2026-09-18 02:22:15.87247+00,34.880000
fa03bd27-8863-4148-94e1-ebf31ffe2310,2026-09-18 02:22:19.437021+00,2026-09-18 02:22:19.470964+00,33.943000
704af5f6-a06c-48ae-932d-cbb18d946567,2026-09-18 02:22:23.036763+00,2026-09-18 02:22:23.071618+00,34.855000
a34b4361-2e8c-45e7-9fc8-310801a8c77e,2026-09-18 02:22:26.636199+00,2026-09-18 02:22:26.67344+00,37.241000
da6e30bd-8a88-4bdb-bd24-7c5b127872af,2026-09-18 02:22:30.236234+00,2026-09-18 02:22:30.27353+00,37.296000
1b4ae065-63e7-4774-8fd5-cc4b2720c8bd,2026-09-18 02:22:33.83599+00,2026-09-18 02:22:33.874232+00,38.242000
8e65b4ef-b533-4751-b946-468e9e991fc7,2026-09-18 02:22:37.435744+00,2026-09-18 02:22:37.473396+00,37.652000
309a5c1a-a035-4fd7-aba8-486a676a7209,2026-09-18 02:22:41.035412+00,2026-09-18 02:22:41.073662+00,38.250000
550831da-51ec-48e6-aec8-e313afa44aa7,2026-09-18 02:22:44.635201+00,2026-09-18 02:22:44.672813+00,37.612000
3e6f0bcd-f65e-4915-8f75-ce6ed86171e1,2026-09-18 02:22:48.23445+00,2026-09-18 02:22:48.270365+00,35.915000
5f6211b1-6e7b-412b-af81-3132aa3abe93,2026-09-18 02:22:51.83424+00,2026-09-18 02:22:51.870297+00,36.057000
33476399-906b-428d-9441-a3e6f87c1996,2026-09-18 02:22:55.433912+00,2026-09-18 02:22:55.472311+00,38.399000
0903a32d-c4f1-43ec-b444-cd4a40ff89cf,2026-09-18 02:22:59.034054+00,2026-09-18 02:22:59.070742+00,36.688000
fd9f31ee-bf71-4bd5-9778-9dbddcb64019,2026-09-18 02:23:02.633971+00,2026-09-18 02:23:02.668469+00,34.498000
e423ea0c-edeb-46d8-9e74-353064db2ff3,2026-09-18 02:23:06.232797+00,2026-09-18 02:23:06.265367+00,32.570000
2212315e-092f-4e59-80be-a1740ede0989,2026-09-18 02:23:09.833258+00,2026-09-18 02:23:09.871164+00,37.906000
b7509179-0230-4deb-937c-ed5a9f83bc54,2026-09-18 02:23:13.4326+00,2026-09-18 02:23:13.464332+00,31.732000
8717ac9a-03b5-450d-ae68-b1aeb9ddefaf,2026-09-18 02:23:17.03229+00,2026-09-18 02:23:17.064392+00,32.102000
f47f4df1-18c7-412e-8ea2-4028a0d9f01d,2026-09-18 02:23:20.632129+00,2026-09-18 02:23:20.666276+00,34.147000
fb85c826-c061-492f-b7aa-f6cae29f5bca,2026-09-18 02:23:24.232002+00,2026-09-18 02:23:24.268226+00,36.224000
eb6835b6-1cbb-4024-bb1a-3b63fb35628b,2026-09-18 02:23:27.831709+00,2026-09-18 02:23:27.866481+00,34.772000
4b058bc3-0c16-4f03-bd91-f364adae7acd,2026-09-18 02:23:31.431543+00,2026-09-18 02:23:31.467588+00,36.045000
f415dffa-1ea0-4d33-9b51-17b0509ace36,2026-09-18 02:23:35.030635+00,2026-09-18 02:23:35.072223+00,41.588000
e78d890c-3fce-4ab1-824c-4fd9c1e8edbc,2026-09-18 02:23:38.630719+00,2026-09-18 02:23:38.665287+00,34.568000
2973ff12-8a65-477b-b787-38bd5e9b0dde,2026-09-18 02:23:42.23004+00,2026-09-18 02:23:42.268183+00,38.143000
786d4132-2adb-46b3-8f05-fcec5440951a,2026-09-18 02:23:45.830031+00,2026-09-18 02:23:45.857278+00,27.247000
bf8e07ef-417e-4490-93d0-5471338cfc6a,2026-09-18 02:23:49.429509+00,2026-09-18 02:23:49.46668+00,37.171000
f78d998c-7b4f-40c7-ab3c-33115c7dc13a,2026-09-18 02:23:53.029622+00,2026-09-18 02:23:53.065867+00,36.245000
b866e029-9a60-4ea9-aef6-c4eaf524cba7,2026-09-18 02:23:56.629531+00,2026-09-18 02:23:56.665982+00,36.451000
888e99a6-83ab-4bea-bbb5-7dedf535c0c2,2026-09-18 02:24:00.229208+00,2026-09-18 02:24:00.264702+00,35.494000
07c0ed85-1d4d-45c5-96a6-ea5608b106cb,2026-09-18 02:24:03.828389+00,2026-09-18 02:24:03.858363+00,29.974000
3e0b8413-dd11-4986-affa-8bb9002bff3c,2026-09-18 02:24:07.428109+00,2026-09-18 02:24:07.464851+00,36.742000
7c83a9e8-e505-4bc1-a936-9d7268e77a6b,2026-09-18 02:24:11.028144+00,2026-09-18 02:24:11.064904+00,36.760000
437c12ff-a6c1-46ee-a233-576bb5a198d4,2026-09-18 02:24:14.627586+00,2026-09-18 02:24:14.66526+00,37.674000
b9879e8f-5e48-431f-b7af-c98baa8ef5ef,2026-09-18 02:24:18.227176+00,2026-09-18 02:24:18.262091+00,34.915000
7fd6f70a-e791-48b0-91db-27747ce6383e,2026-09-18 02:24:21.827362+00,2026-09-18 02:24:21.86255+00,35.188000
05aedd4e-9074-4963-a39a-36f5a81c794f,2026-09-18 02:24:25.427512+00,2026-09-18 02:24:25.460879+00,33.367000
5629aa69-29d8-4d7a-a87a-e029786dc33d,2026-09-18 02:24:29.026416+00,2026-09-18 02:24:29.059329+00,32.913000
111268b9-961d-4b26-9b49-958a0419f0e4,2026-09-18 02:24:32.626469+00,2026-09-18 02:24:32.660835+00,34.366000
5a580e41-4882-4a85-ac02-3e72e937ff11,2026-09-18 02:24:36.226367+00,2026-09-18 02:24:36.261432+00,35.065000
47d8535f-c0fb-4b45-80a6-d5791c97bfc0,2026-09-18 02:24:39.826333+00,2026-09-18 02:24:39.860616+00,34.283000
c4322e3c-6e1a-4d3a-a3ba-bd49ca79f8b2,2026-09-18 02:24:43.425661+00,2026-09-18 02:24:43.461462+00,35.801000
a12617d0-dfc8-4fc1-876d-d7bebc536add,2026-09-18 02:24:47.025146+00,2026-09-18 02:24:47.061109+00,35.963000
b71bac8f-c5c9-4954-b6fa-5c9f5dc15034,2026-09-18 02:24:50.625334+00,2026-09-18 02:24:50.663471+00,38.137000
3073dddf-e216-4a1b-a333-d634f5f0760e,2026-09-18 02:24:54.224004+00,2026-09-18 02:24:54.251912+00,27.908000
a46a03c2-b70d-4a3c-ad6c-cbb737fd72df,2026-09-18 02:24:57.824407+00,2026-09-18 02:24:57.859583+00,35.176000
59f07b4b-c6bf-401c-9105-e47a7b4a9bc1,2026-09-18 02:25:01.42417+00,2026-09-18 02:25:01.459768+00,35.598000
ddeb06de-e88d-455a-bf5c-8bb31158de96,2026-09-18 02:25:05.023412+00,2026-09-18 02:25:05.05602+00,32.608000
99a68779-8348-4026-a5d7-7ca3f3b17319,2026-09-18 02:25:08.623421+00,2026-09-18 02:25:08.661159+00,37.738000
9b30820c-0db2-496b-bcb3-06d2c93cfef2,2026-09-18 02:25:12.223471+00,2026-09-18 02:25:12.261334+00,37.863000
4d742260-660c-4dcd-baca-2a22ccf9f422,2026-09-18 02:25:15.823067+00,2026-09-18 02:25:15.850484+00,27.417000
84043dab-1a7f-4044-98fe-d322403dd605,2026-09-18 02:25:19.422571+00,2026-09-18 02:25:19.460587+00,38.016000
10c8ac4e-fc27-4047-958f-4d06ff7abc2c,2026-09-18 02:25:23.022323+00,2026-09-18 02:25:23.056901+00,34.578000
1e379345-0ccb-4130-8f92-9be7230f504c,2026-09-18 02:25:26.62175+00,2026-09-18 02:25:26.65651+00,34.760000
42ab9c40-52f1-4f7d-a050-3ca2b4bab32e,2026-09-18 02:25:30.221405+00,2026-09-18 02:25:30.248244+00,26.839000
ac1546bf-46a5-4caa-8afa-8ef48443aa57,2026-09-18 02:25:33.820705+00,2026-09-18 02:25:33.854419+00,33.714000
dfcc79d7-7f38-451e-ab43-5c98a53f497e,2026-09-18 02:25:37.421104+00,2026-09-18 02:25:37.453851+00,32.747000
3654cf2e-908b-4159-aa38-20a254eb5a58,2026-09-18 02:25:41.021328+00,2026-09-18 02:25:41.056471+00,35.143000
fb48cb8d-6c59-4919-bf27-c3660ff31896,2026-09-18 02:25:44.620692+00,2026-09-18 02:25:44.658707+00,38.015000
a40630dd-ec11-4c72-b8d6-180937ad944d,2026-09-18 02:25:48.21979+00,2026-09-18 02:25:48.24781+00,28.020000
3f92c764-6ac4-458b-9c1d-adebc012bdcc,2026-09-18 02:25:51.819786+00,2026-09-18 02:25:51.85342+00,33.634000
6cadb37a-2ee4-45c0-9c18-5d87f7883c2a,2026-09-18 02:25:55.419505+00,2026-09-18 02:25:55.445802+00,26.297000
058bec23-706b-4c7a-89c3-cf6e15cfec64,2026-09-18 02:25:59.019214+00,2026-09-18 02:25:59.056368+00,37.154000
07cc5407-10c5-4c8b-b01a-ef30912aaf25,2026-09-18 02:26:02.618488+00,2026-09-18 02:26:02.649494+00,31.006000
071d2125-758d-4a01-a0ea-b8589a8223d2,2026-09-18 02:26:06.218508+00,2026-09-18 02:26:06.251124+00,32.616000
5c8e886c-99ec-4c28-8ea3-5f70512d1042,2026-09-18 02:26:09.818688+00,2026-09-18 02:26:09.853348+00,34.660000
a407fe02-e906-495e-bfb2-b61904cdcbd8,2026-09-18 02:26:13.418184+00,2026-09-18 02:26:13.45595+00,37.766000
98e2e79d-7069-416a-bade-e696ff5cd871,2026-09-18 02:26:17.018315+00,2026-09-18 02:26:17.052743+00,34.428000
79cd9602-fb54-45a6-8246-0336bae10be4,2026-09-18 02:26:20.61768+00,2026-09-18 02:26:20.645928+00,28.248000
279c7037-36a5-4ba1-b1e6-2d190ae433d2,2026-09-18 02:26:24.217198+00,2026-09-18 02:26:24.245459+00,28.261000
ef133754-c805-4a1c-8bab-4b10e1cb8176,2026-09-18 02:26:27.816913+00,2026-09-18 02:26:27.853204+00,36.291000
ed0c71a7-af74-46fb-90a7-d33465f8cdb6,2026-09-18 02:26:31.416677+00,2026-09-18 02:26:31.451158+00,34.481000
5523e1b3-7260-4069-a69a-8ee1c2f7fc9c,2026-09-18 02:26:35.016783+00,2026-09-18 02:26:35.054335+00,37.552000
6e760e53-1ecc-4d38-b6c6-7301cb3e89a8,2026-09-18 02:26:38.6166+00,2026-09-18 02:26:38.649511+00,32.911000
e60d1dda-1d4d-47b3-8dce-9aad334a177a,2026-09-18 02:26:42.215931+00,2026-09-18 02:26:42.248084+00,32.153000
831de475-c4f2-49b8-8679-98195999b335,2026-09-18 02:26:45.815756+00,2026-09-18 02:26:45.842303+00,26.547000
c96564a8-93a8-4f27-b718-f1010f9b5687,2026-09-18 02:26:49.41491+00,2026-09-18 02:26:49.444019+00,29.109000
0fb33bfd-bc3c-45de-8068-1cad2267a085,2026-09-18 02:26:53.015235+00,2026-09-18 02:26:53.049788+00,34.553000
5231fa64-1d46-4f25-944f-bc7d92038ea4,2026-09-18 02:26:56.615332+00,2026-09-18 02:26:56.651467+00,36.135000
25886bcb-2b8e-4157-98aa-b7ec54939a6e,2026-09-18 02:27:00.214547+00,2026-09-18 02:27:00.249773+00,35.226000
549cf24a-b99d-4d33-ba1b-0305944167b7,2026-09-18 02:27:03.814599+00,2026-09-18 02:27:03.851441+00,36.842000
38d35585-d928-450a-8ef2-72e5742248e9,2026-09-18 02:27:07.414543+00,2026-09-18 02:27:07.454025+00,39.482000
c5adb729-29c7-41ad-aeb1-cca548724f56,2026-09-18 02:27:11.013212+00,2026-09-18 02:27:11.042793+00,29.581000
11ee1de1-28ed-4aba-9449-4cf4a0ff4fc5,2026-09-18 02:27:18.213338+00,2026-09-18 02:27:18.247437+00,34.099000
90456c32-1ca7-4214-aec8-ad6d4facc22b,2026-09-18 02:27:21.813238+00,2026-09-18 02:27:21.85002+00,36.782000
98d96fac-08df-47d1-94b2-1d1dbd95e549,2026-09-18 02:27:25.412572+00,2026-09-18 02:27:25.44833+00,35.758000
d18769ae-8ea0-423a-b1ca-7f95c18f1c4d,2026-09-18 02:27:29.011978+00,2026-09-18 02:27:29.053274+00,41.296000
f9d395b5-c81b-468c-9c7a-c4214ce78b68,2026-09-18 02:27:32.612136+00,2026-09-18 02:27:32.649096+00,36.960000
3300f3ad-a449-411f-8621-bb6c609ff0bc,2026-09-18 02:27:36.211551+00,2026-09-18 02:27:36.247641+00,36.090000
b73b6f02-4fdc-45c5-b8cf-ec689306181e,2026-09-18 02:27:39.810778+00,2026-09-18 02:27:39.842992+00,32.214000
375d5754-4314-498c-9036-712b1a95f172,2026-09-18 02:27:43.411532+00,2026-09-18 02:27:43.447193+00,35.661000
9ecc38cf-c78f-4167-9901-ebedb76708b2,2026-09-18 02:27:47.011224+00,2026-09-18 02:27:47.047645+00,36.421000
cf5fa57a-3a96-4797-9ac5-f896a18090de,2026-09-18 02:27:50.610511+00,2026-09-18 02:27:50.65128+00,40.769000
73c45fd0-aee3-4a60-9b18-41c5e503ad55,2026-09-18 02:27:54.210217+00,2026-09-18 02:27:54.250364+00,40.147000
c6c407c3-8e37-4aed-b9e1-1ea6ba2c143b,2026-09-18 02:27:57.809566+00,2026-09-18 02:27:57.843649+00,34.083000
51644354-162d-4d22-adfb-1d8743c619fc,2026-09-18 02:28:01.409525+00,2026-09-18 02:28:01.450445+00,40.920000
a2934e5e-0fc2-4434-9086-7df658e30cf6,2026-09-18 02:28:05.00901+00,2026-09-18 02:28:05.0361+00,27.090000
4a375032-b9f8-41c1-948d-ad05a22a49e4,2026-09-18 02:28:12.208466+00,2026-09-18 02:28:12.246601+00,38.135000
f7523b3a-d969-4726-af2a-96c65086d5b7,2026-09-18 02:28:15.808309+00,2026-09-18 02:28:15.836602+00,28.293000
a414e23c-bd63-4ba0-b031-faf51f2c825e,2026-09-18 02:28:19.408126+00,2026-09-18 02:28:19.44465+00,36.524000
d17f48b0-889b-4d3d-badb-7d2b80e87151,2026-09-18 02:28:23.008024+00,2026-09-18 02:28:23.043459+00,35.435000
71e9c92e-88f6-4a68-8031-76254bc9a216,2026-09-18 02:28:26.607698+00,2026-09-18 02:28:26.650476+00,42.778000
9a6f3151-0124-44f0-8a63-172e364563ca,2026-09-18 02:28:30.207424+00,2026-09-18 02:28:30.237341+00,29.917000
caf7c23c-0da0-4b8f-b12b-c0c477b2beea,2026-09-18 02:28:33.806957+00,2026-09-18 02:28:33.844666+00,37.709000
c20557cd-8d0a-4ebe-9fbb-6b564e39847b,2026-09-18 02:28:37.407182+00,2026-09-18 02:28:37.446725+00,39.543000
80b999b5-6b36-40cf-8af8-760b0962bb3d,2026-09-18 02:28:41.006446+00,2026-09-18 02:28:41.049829+00,43.383000
e4d20fbe-d60f-4ae9-bef9-b1a95087c1a2,2026-09-18 02:28:44.605466+00,2026-09-18 02:28:44.633329+00,27.863000
dea84bee-af1e-4c73-b775-b5e794e340e7,2026-09-18 02:28:48.20623+00,2026-09-18 02:28:48.243846+00,37.616000
df64a641-3a9e-48be-ae0c-972103e3c488,2026-09-18 02:28:51.806071+00,2026-09-18 02:28:51.847672+00,41.601000
f96beb9b-7382-415a-99bc-8462020af576,2026-09-18 02:28:55.405794+00,2026-09-18 02:28:55.443389+00,37.595000
237aa77d-7100-4b6f-86f9-818d42963d9b,2026-09-18 02:28:59.004948+00,2026-09-18 02:28:59.037952+00,33.004000
5892ce9e-c1b5-4eff-bb55-b861798fdb91,2026-09-18 02:29:02.604453+00,2026-09-18 02:29:02.641092+00,36.639000
6209f92a-733a-4feb-81ff-7a8f5426444b,2026-09-18 02:29:06.204546+00,2026-09-18 02:29:06.23963+00,35.084000
04999a24-c836-4f3f-b0be-b7b4437d88e5,2026-09-18 02:29:09.804083+00,2026-09-18 02:29:09.839884+00,35.801000
342dfbf4-56c2-42d8-a2e5-44c13c8d0841,2026-09-18 02:29:13.40398+00,2026-09-18 02:29:13.443062+00,39.082000
068c0c67-b658-4c63-a6dd-681813bcc132,2026-09-18 02:29:17.003502+00,2026-09-18 02:29:17.045873+00,42.371000
21f8f1f8-6a65-47c5-b4ac-f570597e8aca,2026-09-18 02:29:20.603532+00,2026-09-18 02:29:20.641293+00,37.761000
2272b109-4efa-43fc-863c-c78202d74cac,2026-09-18 02:29:24.202957+00,2026-09-18 02:29:24.240441+00,37.484000
05f29859-6303-48c2-86a3-eec9bdd7740b,2026-09-18 02:29:27.80261+00,2026-09-18 02:29:27.837724+00,35.114000
43f1d0bb-5f2b-4fe3-9371-f4f4addd4ea8,2026-09-18 02:29:31.402701+00,2026-09-18 02:29:31.438014+00,35.313000
f18c6665-fd7e-4052-bc41-5d8f1ac7f26a,2026-09-18 02:29:35.001557+00,2026-09-18 02:29:35.03465+00,33.093000
e61dec05-b28e-4dfb-ab3c-e819f5672c37,2026-09-18 02:29:38.60133+00,2026-09-18 02:29:38.632256+00,30.926000
bd6d7c8d-5a8a-4c7c-a337-9fa88c00899e,2026-09-18 02:29:42.201968+00,2026-09-18 02:29:42.248185+00,46.217000
33bf4238-2e28-4b22-b500-7b5d2eeb2703,2026-09-18 02:29:45.80096+00,2026-09-18 02:29:45.841521+00,40.561000
0c0473bb-2820-45c4-b14c-49b0f31a78b0,2026-09-18 02:29:49.401026+00,2026-09-18 02:29:49.428369+00,27.343000
16c3b6db-538e-4511-872f-1e984c72e342,2026-09-18 02:29:53.000221+00,2026-09-18 02:29:53.029094+00,28.873000
eb569efd-cd0b-46f4-9e4f-fc093782dbe1,2026-09-18 02:29:56.600563+00,2026-09-18 02:29:56.6369+00,36.337000
4efbf22c-49d7-4551-a306-a91a32e1aa48,2026-09-18 02:30:00.20053+00,2026-09-18 02:30:00.241691+00,41.161000
519031d1-56f2-4b96-a352-7318cae23b08,2026-09-18 02:30:03.800174+00,2026-09-18 02:30:03.836964+00,36.790000
5b155f64-ba22-418a-8ead-81f394cde28d,2026-09-18 02:30:07.400297+00,2026-09-18 02:30:07.437876+00,37.579000
841b1e24-fb74-440a-b1bd-dbc9a7cd2ddc,2026-09-18 02:30:10.999313+00,2026-09-18 02:30:11.035113+00,35.800000
b70443c9-6734-44d3-a347-b3cd2f409995,2026-09-18 02:30:14.599157+00,2026-09-18 02:30:14.639338+00,40.181000
d119e148-bd9e-481e-875b-388b3e28e5d0,2026-09-18 02:30:18.199034+00,2026-09-18 02:30:18.23673+00,37.696000
2417c61a-d328-4852-b3d0-76d2a7aa73c0,2026-09-18 02:30:21.798924+00,2026-09-18 02:30:21.838656+00,39.732000
c3b4f842-7b91-47d6-b7d4-c804344afc9e,2026-09-18 02:30:25.398249+00,2026-09-18 02:30:25.435536+00,37.287000
16fce748-eaf9-479e-8bfb-32c149418dd2,2026-09-18 02:30:28.997978+00,2026-09-18 02:30:29.034213+00,36.235000
652ffa0d-9462-4932-b3b5-640941387174,2026-09-18 02:30:32.597376+00,2026-09-18 02:30:32.634321+00,36.945000
5be7377d-1eb2-45e7-94c7-f580b06d6d45,2026-09-18 02:30:36.197184+00,2026-09-18 02:30:36.232361+00,35.177000
e6c3c8b4-2c95-4880-a70d-37a86f41ae81,2026-09-18 02:30:39.797039+00,2026-09-18 02:30:39.832129+00,35.090000
eb8e38d4-0817-42c9-a665-5a4302652d91,2026-09-18 02:30:43.396588+00,2026-09-18 02:30:43.431909+00,35.321000
03814a89-9782-4189-a33a-35cfccd26c6c,2026-09-18 02:30:46.996195+00,2026-09-18 02:30:47.031509+00,35.314000
a40f6a22-b633-497e-ab71-455885604a97,2026-09-18 02:30:50.596311+00,2026-09-18 02:30:50.632771+00,36.460000
8ca1915b-329e-4fb0-8677-e7f053244c92,2026-09-18 02:30:57.795648+00,2026-09-18 02:30:57.833615+00,37.967000
54af8bd4-90c7-44bf-93e3-65eea2ca2fa7,2026-09-18 02:31:01.394431+00,2026-09-18 02:31:01.434416+00,39.985000
e3c03ae6-efff-43f5-a0e1-fc84748cf8b2,2026-09-18 02:31:04.994829+00,2026-09-18 02:31:05.029411+00,34.582000
587aed62-4a25-4d3d-831c-7bb7f7e780fd,2026-09-18 02:31:08.594571+00,2026-09-18 02:31:08.637126+00,42.555000
12af43ee-62ca-4a47-8738-9dba533da138,2026-09-18 02:31:12.194213+00,2026-09-18 02:31:12.229781+00,35.568000
f6c57e29-0762-4bc1-88de-2b540bf6a32d,2026-09-18 02:31:15.794351+00,2026-09-18 02:31:15.830501+00,36.150000
1b56c180-def3-4f0e-b02a-ed052146cc0a,2026-09-18 02:31:19.393981+00,2026-09-18 02:31:19.430052+00,36.071000
af9b5cbb-8c42-4770-986f-25018772ca88,2026-09-18 02:31:22.993442+00,2026-09-18 02:31:23.028628+00,35.186000
f115b665-f79d-4935-90d2-588f6222427f,2026-09-18 02:31:26.59332+00,2026-09-18 02:31:26.621074+00,27.754000
9cacb4ee-cba8-4f55-b167-f2fc15cb3936,2026-09-18 02:31:30.193171+00,2026-09-18 02:31:30.228436+00,35.265000
b8ac1e34-4a6e-4488-b567-386076d8fef7,2026-09-18 02:31:33.792957+00,2026-09-18 02:31:33.829809+00,36.852000
c65bb2d9-706b-4725-95b7-dba40415f8af,2026-09-18 02:31:40.992091+00,2026-09-18 02:31:41.03084+00,38.749000
5aa4c573-046a-4f5a-a42f-ab1168b182a7,2026-09-18 02:31:44.592065+00,2026-09-18 02:31:44.6274+00,35.335000
41c61802-ab56-4fc2-9dd8-42b306d9a76d,2026-09-18 02:31:51.791621+00,2026-09-18 02:31:51.829357+00,37.736000
bfc9ea74-4249-483b-8cb3-3b29a540cde2,2026-09-18 02:31:55.391396+00,2026-09-18 02:31:55.428916+00,37.520000
9fd21d47-5fd9-40f5-8db0-0b03966d4bf7,2026-09-18 02:31:58.99064+00,2026-09-18 02:31:59.026617+00,35.977000
373a6e8a-8185-4c20-bede-28456b31379f,2026-09-18 02:32:02.590488+00,2026-09-18 02:32:02.627864+00,37.376000
ceda7e60-af0e-4540-b98c-44ae59c94142,2026-09-18 02:32:06.190087+00,2026-09-18 02:32:06.229487+00,39.400000
7f7fd5f4-f956-42b0-8ed2-6c284da8ae57,2026-09-18 02:32:09.788965+00,2026-09-18 02:32:09.819221+00,30.256000
5fe695aa-f72e-494a-be8a-ac01d339baad,2026-09-18 02:32:13.392827+00,2026-09-18 02:32:13.432098+00,39.271000
497f6ae5-b162-4d23-b994-08d7471e5a2f,2026-09-18 02:32:20.588477+00,2026-09-18 02:32:20.630107+00,41.630000
dd330a4c-e3ad-4c95-8984-6515e895bab1,2026-09-18 02:32:24.188636+00,2026-09-18 02:32:24.217805+00,29.169000
0c2a4277-653b-456d-baaa-e1810ea2ee10,2026-09-18 02:32:27.788175+00,2026-09-18 02:32:27.82556+00,37.385000
ce0a334d-2d15-4994-8ce0-792215699ad9,2026-09-18 02:32:31.388258+00,2026-09-18 02:32:31.428814+00,40.556000
caca2862-038e-4210-9e49-015d0c73e839,2026-09-18 02:32:34.987653+00,2026-09-18 02:32:35.021136+00,33.483000
bf2d9d61-d90b-465e-ac55-b8e30f03c275,2026-09-18 02:32:38.588028+00,2026-09-18 02:32:38.622429+00,34.401000
98188b28-dc17-40c3-92fa-59d7e59463e2,2026-09-18 02:32:45.787374+00,2026-09-18 02:32:45.824386+00,37.012000
b3414772-9312-4289-a378-eba83f0aac88,2026-09-18 02:32:49.386649+00,2026-09-18 02:32:49.425931+00,39.282000
48c12dcd-0e09-447b-9aa0-e4da91ffc457,2026-09-18 02:32:52.985978+00,2026-09-18 02:32:53.022696+00,36.718000
59c3e193-feb2-444c-a3a7-f72caefa5d39,2026-09-18 02:32:56.586238+00,2026-09-18 02:32:56.622932+00,36.694000
9156dc8a-8b37-4653-8769-0cd872b75526,2026-09-18 02:33:00.185733+00,2026-09-18 02:33:00.225665+00,39.932000
3ee2bf7e-d64f-418e-86dd-f5567a72bf50,2026-09-18 02:33:03.78515+00,2026-09-18 02:33:03.824651+00,39.501000
bd727dbb-13f1-49aa-9185-2abc79d7e3bf,2026-09-18 02:33:07.385154+00,2026-09-18 02:33:07.422691+00,37.537000
fdb4ebc2-ea06-4eaf-b501-84ed2bf1ed94,2026-09-18 02:33:10.985015+00,2026-09-18 02:33:11.021534+00,36.519000
48c76d20-cd15-43a4-b473-a001b29da673,2026-09-18 02:33:14.584749+00,2026-09-18 02:33:14.62158+00,36.831000
3f0af28a-cc13-49e1-bdda-61efb9c6d93f,2026-09-18 02:33:18.183913+00,2026-09-18 02:33:18.223952+00,40.039000
ecd59847-0f0e-41c3-8684-53a9c0176f81,2026-09-18 02:33:21.784059+00,2026-09-18 02:33:21.815399+00,31.340000
8fb15bf4-75d7-4faf-a301-cc13e4437a2b,2026-09-18 02:33:25.383691+00,2026-09-18 02:33:25.420222+00,36.531000
63b61036-595b-4eb0-a447-79df607de720,2026-09-18 02:33:28.983521+00,2026-09-18 02:33:29.01884+00,35.319000
ca2ee5d0-9e05-48cf-bb78-9effb2127790,2026-09-18 02:33:32.583112+00,2026-09-18 02:33:32.619577+00,36.465000
4b3c346d-21b6-4bcd-a5bb-3c9aed9ae59e,2026-09-18 02:33:36.183191+00,2026-09-18 02:33:36.22097+00,37.779000
b599c242-8a27-4827-933f-2b774974b061,2026-09-18 02:33:39.782351+00,2026-09-18 02:33:39.817553+00,35.202000
93364f99-564d-44b3-81c4-e4fefc0d922d,2026-09-18 02:33:43.382131+00,2026-09-18 02:33:43.410432+00,28.301000
17f9fc8d-da9c-4842-9d30-635e1671ed21,2026-09-18 02:33:46.981842+00,2026-09-18 02:33:47.020765+00,38.923000
074f4efe-9859-49e9-8720-86c7bd6383d9,2026-09-18 02:33:50.581542+00,2026-09-18 02:33:50.618218+00,36.676000
1c1f802b-2958-4172-89f8-9b698c3a040c,2026-09-18 02:33:54.180994+00,2026-09-18 02:33:54.216019+00,35.025000
bf0be9c8-2f59-4bca-a2a9-bcd01f192a67,2026-09-18 02:33:57.780975+00,2026-09-18 02:33:57.816982+00,36.007000
360a442e-2ebd-4572-8654-f1f4b4418c50,2026-09-18 02:34:01.380745+00,2026-09-18 02:34:01.423585+00,42.840000
7768ed2b-567e-42bb-a2a1-296205baa599,2026-09-18 02:34:04.981182+00,2026-09-18 02:34:05.017314+00,36.132000
fc57f197-6a1f-48b9-bdd6-b6155b4395d3,2026-09-18 02:34:08.580381+00,2026-09-18 02:34:08.618818+00,38.437000
c7594707-7fbf-410d-b7a8-a060667c43cc,2026-09-18 02:34:12.179822+00,2026-09-18 02:34:12.211598+00,31.776000
059111f8-271a-4bb7-9438-e41118b51e5a,2026-09-18 02:34:15.779378+00,2026-09-18 02:34:15.816707+00,37.329000
49976ae0-1219-49d6-ad22-109c211fd6e5,2026-09-18 02:34:19.379289+00,2026-09-18 02:34:19.41504+00,35.751000
a1de0093-a39b-4271-b608-f2ce8523fe8d,2026-09-18 02:34:22.978962+00,2026-09-18 02:34:23.016739+00,37.777000
ab416770-43bc-460f-a55e-bf04919bbc52,2026-09-18 02:34:26.579396+00,2026-09-18 02:34:26.617573+00,38.177000
49de521b-c391-4bc8-8826-87109f84943d,2026-09-18 02:34:30.178379+00,2026-09-18 02:34:30.212516+00,34.137000
048bdaf1-e5d4-441e-9780-51bdd872825a,2026-09-18 02:34:33.778276+00,2026-09-18 02:34:33.81345+00,35.174000
408f8f04-8ff7-44b3-8a2e-2125c0187202,2026-09-18 02:34:37.378005+00,2026-09-18 02:34:37.411874+00,33.869000
a13223a0-57af-4f06-8212-cdcd463fee87,2026-09-18 02:34:40.977445+00,2026-09-18 02:34:41.013675+00,36.230000
5f029885-7fcf-43b5-9277-e4661a5ae639,2026-09-18 02:34:44.577348+00,2026-09-18 02:34:44.612785+00,35.437000
5e3cf51d-0864-42d1-adb0-903e0eb6e24b,2026-09-18 02:34:48.176893+00,2026-09-18 02:34:48.212102+00,35.209000
de8cf152-0b76-49b5-91e3-8f3e79ee209e,2026-09-18 02:34:51.776369+00,2026-09-18 02:34:51.803613+00,27.244000
bc903cdc-847f-4928-9e56-ddf67c400a93,2026-09-18 02:34:55.376207+00,2026-09-18 02:34:55.414135+00,37.928000
d1e7a447-fc72-421e-a4ac-ae2ec36663eb,2026-09-18 02:34:58.976212+00,2026-09-18 02:34:59.014273+00,38.061000
5595a9a7-8a44-40c5-a132-81446c14d995,2026-09-18 02:35:02.576103+00,2026-09-18 02:35:02.613625+00,37.522000
d4ed33f5-4068-4762-a683-70ada60b93f7,2026-09-18 02:35:06.175735+00,2026-09-18 02:35:06.213323+00,37.588000
c61d67fa-70aa-4398-946f-d8a34eac121f,2026-09-18 02:35:09.775226+00,2026-09-18 02:35:09.81059+00,35.364000
8d8ddd9b-7090-4a53-9487-9b79612ad34d,2026-09-18 02:35:13.375245+00,2026-09-18 02:35:13.413453+00,38.208000
0fc83cf0-cf84-4f3c-b3de-36923b828d37,2026-09-18 02:35:16.974785+00,2026-09-18 02:35:17.011648+00,36.863000
9702b125-11ef-4ca1-8545-dfc83aa99058,2026-09-18 02:35:20.574445+00,2026-09-18 02:35:20.611086+00,36.641000
8639ff69-61ce-4487-be2e-ae78f2ff00a0,2026-09-18 02:35:24.174205+00,2026-09-18 02:35:24.213012+00,38.807000
ca16a178-9ba7-4f12-b1ea-bbd1d8e79d8b,2026-09-18 02:35:27.773382+00,2026-09-18 02:35:27.80839+00,35.008000
c2820939-d46f-4d14-82e6-4df325338f36,2026-09-18 02:35:31.374074+00,2026-09-18 02:35:31.410479+00,36.405000
261f67bb-a0f1-44dd-9883-5fbc71aab72d,2026-09-18 02:35:34.973232+00,2026-09-18 02:35:35.010488+00,37.256000
f1a12815-2c4b-45d8-818e-4729e126e528,2026-09-18 02:35:45.772452+00,2026-09-18 02:35:45.807304+00,34.852000
c0889084-3d45-4c7d-974f-6ff17bfaf1dc,2026-09-18 02:35:49.372046+00,2026-09-18 02:35:49.410262+00,38.216000
3d035fc8-0344-44b2-9eff-27e576fb3214,2026-09-18 02:35:52.971339+00,2026-09-18 02:35:52.997466+00,26.127000
5558fb04-1c33-4262-8912-f305f7b81fc4,2026-09-18 02:35:56.571524+00,2026-09-18 02:35:56.60797+00,36.446000
1f68d4f2-5b71-47ea-ac4d-f010185ca84c,2026-09-18 02:36:00.171641+00,2026-09-18 02:36:00.207127+00,35.486000
42e930e1-e2a7-41c8-b1cd-dd81e7b15a5e,2026-09-18 02:36:03.770994+00,2026-09-18 02:36:03.807741+00,36.747000
ee39ef13-9f78-4844-b73c-5d2482a9f456,2026-09-18 02:36:07.37104+00,2026-09-18 02:36:07.408414+00,37.374000
281185b5-4b23-46eb-a273-48ae031e0850,2026-09-18 02:36:10.970517+00,2026-09-18 02:36:11.00562+00,35.103000
c0d83dd2-302e-4078-9655-b220717c412a,2026-09-18 02:36:14.569991+00,2026-09-18 02:36:14.610683+00,40.692000
f4ea091e-7daa-4879-a168-0c85de2aed6e,2026-09-18 02:36:18.170156+00,2026-09-18 02:36:18.209553+00,39.397000
1b568219-1aab-44e0-8aa2-0bc536d53084,2026-09-18 02:36:21.769901+00,2026-09-18 02:36:21.807243+00,37.342000
4283d505-ee49-40eb-b9b5-da9994a99d63,2026-09-18 02:36:25.368668+00,2026-09-18 02:36:25.395951+00,27.283000
06178dca-9f41-4b9b-8e3c-d163745bad16,2026-09-18 02:36:28.96903+00,2026-09-18 02:36:29.005408+00,36.378000
92ac4e5a-ed0c-4649-8616-29aa1b0d85b8,2026-09-18 02:36:32.568844+00,2026-09-18 02:36:32.607851+00,39.007000
2bd5cad5-6a5f-48bc-8d45-0fc860facb07,2026-09-18 02:36:36.168734+00,2026-09-18 02:36:36.205118+00,36.384000
527c63f7-d672-4f98-bee7-d1014bac286e,2026-09-18 02:36:43.368248+00,2026-09-18 02:36:43.404868+00,36.620000
8b096792-20eb-4410-9028-9a4847c6b51b,2026-09-18 02:36:46.967358+00,2026-09-18 02:36:47.001151+00,33.793000
b33420eb-2a5d-4ebd-a50e-ee38af95fae6,2026-09-18 02:36:50.567584+00,2026-09-18 02:36:50.60562+00,38.036000
a8aa72d7-32d9-4b0c-bd5d-86dd81fe3b19,2026-09-18 02:36:54.167108+00,2026-09-18 02:36:54.204576+00,37.468000
be8e4f61-16c9-498c-bbe2-c931ed838b24,2026-09-18 02:36:57.766659+00,2026-09-18 02:36:57.801167+00,34.508000
322bfa5c-350c-423e-91ff-237342100553,2026-09-18 02:37:04.965947+00,2026-09-18 02:37:05.001243+00,35.296000
fcfa711f-a16b-4190-8fd8-7b6d227748e4,2026-09-18 02:37:08.565284+00,2026-09-18 02:37:08.594495+00,29.211000
92c5dbee-11ff-49e1-8d8c-e03f94ffbc86,2026-09-18 02:37:12.16571+00,2026-09-18 02:37:12.202913+00,37.203000
0ee401a7-4b49-4cc9-832d-3e1db09cb9a4,2026-09-18 02:37:15.765348+00,2026-09-18 02:37:15.80212+00,36.772000
999b4b4a-91d5-4ca9-b0c6-627e085e31a4,2026-09-18 02:37:19.364385+00,2026-09-18 02:37:19.400455+00,36.070000
30721895-7b70-4e64-85e5-df8d6937b759,2026-09-18 02:37:22.964425+00,2026-09-18 02:37:22.996531+00,32.106000
e780a67d-1b90-4567-a25a-17f244f1858b,2026-09-18 02:37:26.563772+00,2026-09-18 02:37:26.597273+00,33.501000
740ca834-f5c7-4511-87d5-65b12d367b06,2026-09-18 02:37:30.164102+00,2026-09-18 02:37:30.19894+00,34.838000
c773cc9a-fce3-46db-a0c5-556039b4395d,2026-09-18 02:37:33.764102+00,2026-09-18 02:37:33.799486+00,35.384000
fdcbd439-e8fd-40ca-977d-56992825000b,2026-09-18 02:37:37.363406+00,2026-09-18 02:37:37.396847+00,33.441000
0ca4ba5e-d090-44e3-85f7-285282a2ab49,2026-09-18 02:37:40.963244+00,2026-09-18 02:37:41.001005+00,37.761000
4b9bef4c-5d8c-45fb-900e-ea4a31ea2c2f,2026-09-18 02:37:44.562735+00,2026-09-18 02:37:44.598156+00,35.421000
36e7966c-fb11-40a9-baad-e525c774449c,2026-09-18 02:37:48.162729+00,2026-09-18 02:37:48.198076+00,35.347000
03a2c2af-6403-4fce-a72f-bbd95514d0b8,2026-09-18 02:37:51.76201+00,2026-09-18 02:37:51.790395+00,28.385000
21f3564e-d76c-49e0-a9bf-1a4702ea9e5b,2026-09-18 02:37:55.362426+00,2026-09-18 02:37:55.400216+00,37.790000
4b2d9a41-1cd5-48c2-9900-c41696df2122,2026-09-18 02:37:58.961976+00,2026-09-18 02:37:58.99701+00,35.034000
d51ebb65-268b-4fd7-b631-c24dd21f9d72,2026-09-18 02:38:02.561398+00,2026-09-18 02:38:02.599383+00,37.985000
19bf684c-f7da-4211-836d-5eb598861564,2026-09-18 02:38:06.16081+00,2026-09-18 02:38:06.194862+00,34.052000
850bf4fc-b04f-4a60-ae9f-3f13286fbfad,2026-09-18 02:38:09.760915+00,2026-09-18 02:38:09.795018+00,34.103000
18d3020f-8b84-4624-9b93-741f6d69147c,2026-09-18 02:38:13.360103+00,2026-09-18 02:38:13.395282+00,35.179000
9bfef71e-a1d2-4212-aaf2-1f3431b9f078,2026-09-18 02:38:16.95976+00,2026-09-18 02:38:16.987165+00,27.405000
c7d03d28-926e-44c4-8f84-d1bbebd785b6,2026-09-18 02:38:20.559498+00,2026-09-18 02:38:20.599802+00,40.304000
33b7e16c-f5d3-4e81-93e0-56dff4f3297e,2026-09-18 02:38:24.160157+00,2026-09-18 02:38:24.196313+00,36.156000
46310b50-8f9e-4b2b-a32d-d1145fdb16a8,2026-09-18 02:38:27.759157+00,2026-09-18 02:38:27.796599+00,37.442000
315574f9-632d-4c43-94f7-200a73847524,2026-09-18 02:38:34.958581+00,2026-09-18 02:38:34.994066+00,35.485000
a9f775b3-f161-4af6-8fd9-aa5d550dee98,2026-09-18 02:38:38.558911+00,2026-09-18 02:38:38.594776+00,35.865000
d26cfa43-9cc6-4304-8b9e-4f20e400c95c,2026-09-18 02:38:42.157829+00,2026-09-18 02:38:42.185638+00,27.809000
f2945cd8-fcb5-43db-ac5f-175bd81372cc,2026-09-18 02:38:49.357516+00,2026-09-18 02:38:49.389115+00,31.599000
a91836e8-5099-4e54-87ec-d84f4749c609,2026-09-18 02:38:52.957286+00,2026-09-18 02:38:52.992601+00,35.315000
aa731eda-4b35-4582-8c27-9d1da7809f29,2026-09-18 02:38:56.557739+00,2026-09-18 02:38:56.598494+00,40.755000
35197b0e-3f68-4493-ab5b-1aa87da65d52,2026-09-18 02:39:03.756645+00,2026-09-18 02:39:03.790972+00,34.327000
abcaabd7-e027-4b9f-9f9b-08dd23669660,2026-09-18 02:39:07.356986+00,2026-09-18 02:39:07.385814+00,28.828000
aa5a1977-b60d-4ece-959d-49694f89aab0,2026-09-18 02:39:10.956366+00,2026-09-18 02:39:10.989171+00,32.805000
b8a84569-01b6-4ae3-945b-6610b67b7535,2026-09-18 02:39:18.155421+00,2026-09-18 02:39:18.194509+00,39.088000
210585ab-8920-4293-936d-db21f15f6130,2026-09-18 02:39:21.755244+00,2026-09-18 02:39:21.782629+00,27.385000
c56c56ba-2dbf-4030-a8d8-827fdbe9f3fc,2026-09-18 02:39:25.354235+00,2026-09-18 02:39:25.381816+00,27.581000
16186032-f6da-4b44-be72-85ee4c69574e,2026-09-18 02:39:28.955023+00,2026-09-18 02:39:29.032534+00,77.511000
81450ddf-1526-42e3-8b95-8e7d81bf39e2,2026-09-18 02:39:32.553821+00,2026-09-18 02:39:32.591686+00,37.865000
9d2be3da-1269-4047-8bcf-0304ee058952,2026-09-18 02:39:36.154223+00,2026-09-18 02:39:36.192672+00,38.449000
debd9d3f-7446-4850-95c1-02a346949636,2026-09-18 02:39:39.753608+00,2026-09-18 02:39:39.777951+00,24.343000
81e46c4a-0cef-46f1-b7f5-e7ed8102a23c,2026-09-18 02:39:43.35348+00,2026-09-18 02:39:43.387172+00,33.692000
aa8eee31-c76e-4d60-90ef-2b2baaf0f500,2026-09-18 02:39:46.953284+00,2026-09-18 02:39:46.988325+00,35.041000
0e9148be-8e51-41bd-bd57-7b83a92f9cf4,2026-09-18 02:39:50.553119+00,2026-09-18 02:39:50.585635+00,32.516000
e5486a54-3c70-4827-9a56-a1e63a052f37,2026-09-18 02:39:54.152383+00,2026-09-18 02:39:54.190459+00,38.076000
f23b63d9-2180-411e-9a6f-eb065682aa9b,2026-09-18 02:40:01.352228+00,2026-09-18 02:40:01.386421+00,34.193000
39819cb5-d9bb-4c06-b2c8-f180f2c26176,2026-09-18 02:40:04.952157+00,2026-09-18 02:40:04.987872+00,35.715000
486feab4-e41a-45d1-8351-628eeb54d64a,2026-09-18 02:40:08.551731+00,2026-09-18 02:40:08.587777+00,36.046000
0dbe9300-9ac9-451d-a670-8e3ea67e9e4f,2026-09-18 02:40:12.15119+00,2026-09-18 02:40:12.188227+00,37.037000
0b3d4f90-d950-4626-91eb-2da8ec6594ce,2026-09-18 02:40:19.350458+00,2026-09-18 02:40:19.386359+00,35.901000
9d29976e-6745-48a0-b3fb-a29fc72c7e70,2026-09-18 02:40:22.950578+00,2026-09-18 02:40:22.983994+00,33.416000
8ab935fd-9ce4-45b6-a964-d34cde1bf6e9,2026-09-18 02:40:26.5501+00,2026-09-18 02:40:26.584303+00,34.203000
8d6a0641-62f2-42e5-9fd0-838f8024d0ce,2026-09-18 02:40:30.149916+00,2026-09-18 02:40:30.186645+00,36.729000
721eb826-88b9-4487-8c2d-f97df0496654,2026-09-18 02:40:33.74917+00,2026-09-18 02:40:33.783848+00,34.678000
cf169f12-6f17-4bbe-8935-90192248ce9d,2026-09-18 02:40:37.349173+00,2026-09-18 02:40:37.38477+00,35.597000
1568dc99-4ed2-4ce5-9478-ae9bb570fd0a,2026-09-18 02:40:40.949268+00,2026-09-18 02:40:40.985189+00,35.921000
723c8fc3-6773-44b8-8be2-43bb900fa921,2026-09-18 02:40:44.547962+00,2026-09-18 02:40:44.581641+00,33.679000
ab158188-5a7c-41d6-94b0-4919459ea68a,2026-09-18 02:40:48.148471+00,2026-09-18 02:40:48.180788+00,32.317000
c80fc04f-9d78-4105-8034-7e19c9512521,2026-09-18 02:40:51.747982+00,2026-09-18 02:40:51.782244+00,34.262000
5eef37ad-d20b-4757-bd6f-46ed199e037e,2026-09-18 02:40:55.347397+00,2026-09-18 02:40:55.378182+00,30.785000
83b79a8d-9184-4725-8c26-b58bc5ecb6bc,2026-09-18 02:40:58.947558+00,2026-09-18 02:40:58.982234+00,34.676000
509ecede-bf92-4123-a2dd-714697e4f3e7,2026-09-18 02:41:02.547382+00,2026-09-18 02:41:02.583114+00,35.732000
4c506a84-710c-469a-b12e-7fe06929ce4b,2026-09-18 02:41:09.746218+00,2026-09-18 02:41:09.780454+00,34.236000
35930061-1e6e-4c57-902f-37d4eba6c7bd,2026-09-18 02:41:13.346115+00,2026-09-18 02:41:13.383999+00,37.884000
01cd1fb6-6199-489b-a741-66aae8f64106,2026-09-18 02:41:24.144751+00,2026-09-18 02:41:24.172691+00,27.940000
82bab717-e4d9-4635-ada6-ededc325b873,2026-09-18 02:41:27.745201+00,2026-09-18 02:41:27.786518+00,41.317000
c751a912-8a73-499a-a983-7e7a202cb9c1,2026-09-18 02:41:31.345131+00,2026-09-18 02:41:31.38364+00,38.509000
37518159-94b4-433c-b561-b4eff5e80596,2026-09-18 02:41:34.945254+00,2026-09-18 02:41:34.980647+00,35.393000
bc57bdf4-1d6f-48eb-9c4f-6df65100397a,2026-09-18 02:41:38.544578+00,2026-09-18 02:41:38.570577+00,25.999000
35ff6c5f-cbef-415f-bc8d-de6e5c59fe29,2026-09-18 02:41:42.144109+00,2026-09-18 02:41:42.18637+00,42.261000
