path,detected_at,received_at,created_at,agent_to_backend_receive_s,backend_internal_s,end_to_end_s
/watch/l9-latency-marker.txt,2026-09-12 20:46:21.691939+00,2026-09-12 20:46:21.698912+00,2026-09-12 20:46:21.705506+00,0.006973,0.006594,0.013567
/watch/l9-latency-marker.txt,2026-09-12 20:46:21.802844+00,2026-09-12 20:46:21.811987+00,2026-09-12 20:46:21.821213+00,0.009143,0.009226,0.018369
/watch/l9-latency-marker.txt,2026-09-12 20:46:21.914181+00,2026-09-12 20:46:21.921097+00,2026-09-12 20:46:21.930579+00,0.006916,0.009482,0.016398
/watch/l9-latency-marker.txt,2026-09-12 20:46:22.026208+00,2026-09-12 20:46:22.035471+00,2026-09-12 20:46:22.044792+00,0.009263,0.009321,0.018584
/watch/l9-latency-marker.txt,2026-09-12 20:46:22.137422+00,2026-09-12 20:46:22.146237+00,2026-09-12 20:46:22.15541+00,0.008815,0.009173,0.017988
/watch/l9-latency-marker.txt,2026-09-12 20:46:22.249108+00,2026-09-12 20:46:22.256354+00,2026-09-12 20:46:22.263261+00,0.007246,0.006907,0.014153
/watch/l9-latency-marker.txt,2026-09-12 20:46:22.360911+00,2026-09-12 20:46:22.370224+00,2026-09-12 20:46:22.379762+00,0.009313,0.009538,0.018851
/watch/l9-latency-marker.txt,2026-09-12 20:46:22.472097+00,2026-09-12 20:46:22.479208+00,2026-09-12 20:46:22.48492+00,0.007111,0.005712,0.012823
/watch/l9-latency-marker.txt,2026-09-12 20:46:22.583636+00,2026-09-12 20:46:22.592313+00,2026-09-12 20:46:22.602753+00,0.008677,0.010440,0.019117
/watch/l9-latency-marker.txt,2026-09-12 20:46:22.6948+00,2026-09-12 20:46:22.699872+00,2026-09-12 20:46:22.706489+00,0.005072,0.006617,0.011689
/watch/l9-latency-marker.txt,2026-09-12 20:46:22.805985+00,2026-09-12 20:46:22.81518+00,2026-09-12 20:46:22.823699+00,0.009195,0.008519,0.017714
/watch/l9-latency-marker.txt,2026-09-12 20:46:22.916749+00,2026-09-12 20:46:22.927219+00,2026-09-12 20:46:22.932512+00,0.010470,0.005293,0.015763
/watch/l9-latency-marker.txt,2026-09-12 20:46:23.028008+00,2026-09-12 20:46:23.037172+00,2026-09-12 20:46:23.045498+00,0.009164,0.008326,0.017490
/watch/l9-latency-marker.txt,2026-09-12 20:46:23.137895+00,2026-09-12 20:46:23.144447+00,2026-09-12 20:46:23.150269+00,0.006552,0.005822,0.012374
/watch/l9-latency-marker.txt,2026-09-12 20:46:23.249946+00,2026-09-12 20:46:23.259384+00,2026-09-12 20:46:23.267639+00,0.009438,0.008255,0.017693
/watch/l9-latency-marker.txt,2026-09-12 20:46:23.360507+00,2026-09-12 20:46:23.366107+00,2026-09-12 20:46:23.372925+00,0.005600,0.006818,0.012418
/watch/l9-latency-marker.txt,2026-09-12 20:46:23.471663+00,2026-09-12 20:46:23.479844+00,2026-09-12 20:46:23.486205+00,0.008181,0.006361,0.014542
/watch/l9-latency-marker.txt,2026-09-12 20:46:23.583787+00,2026-09-12 20:46:23.593343+00,2026-09-12 20:46:23.601809+00,0.009556,0.008466,0.018022
/watch/l9-latency-marker.txt,2026-09-12 20:46:23.694821+00,2026-09-12 20:46:23.700905+00,2026-09-12 20:46:23.70702+00,0.006084,0.006115,0.012199
/watch/l9-latency-marker.txt,2026-09-12 20:46:23.806419+00,2026-09-12 20:46:23.814095+00,2026-09-12 20:46:23.822393+00,0.007676,0.008298,0.015974
/watch/l9-latency-marker.txt,2026-09-12 20:46:23.917808+00,2026-09-12 20:46:23.923443+00,2026-09-12 20:46:23.927718+00,0.005635,0.004275,0.009910
/watch/l9-latency-marker.txt,2026-09-12 20:46:24.028659+00,2026-09-12 20:46:24.034672+00,2026-09-12 20:46:24.039128+00,0.006013,0.004456,0.010469
/watch/l9-latency-marker.txt,2026-09-12 20:46:24.141205+00,2026-09-12 20:46:24.151224+00,2026-09-12 20:46:24.159745+00,0.010019,0.008521,0.018540
/watch/l9-latency-marker.txt,2026-09-12 20:46:24.253221+00,2026-09-12 20:46:24.26074+00,2026-09-12 20:46:24.267211+00,0.007519,0.006471,0.013990
/watch/l9-latency-marker.txt,2026-09-12 20:46:24.364949+00,2026-09-12 20:46:24.371826+00,2026-09-12 20:46:24.377904+00,0.006877,0.006078,0.012955
/watch/l9-latency-marker.txt,2026-09-12 20:46:24.475907+00,2026-09-12 20:46:24.481539+00,2026-09-12 20:46:24.485881+00,0.005632,0.004342,0.009974
/watch/l9-latency-marker.txt,2026-09-12 20:46:24.587036+00,2026-09-12 20:46:24.594864+00,2026-09-12 20:46:24.601761+00,0.007828,0.006897,0.014725
/watch/l9-latency-marker.txt,2026-09-12 20:46:24.699274+00,2026-09-12 20:46:24.708286+00,2026-09-12 20:46:24.716693+00,0.009012,0.008407,0.017419
/watch/l9-latency-marker.txt,2026-09-12 20:46:24.811141+00,2026-09-12 20:46:24.816449+00,2026-09-12 20:46:24.820554+00,0.005308,0.004105,0.009413
/watch/l9-latency-marker.txt,2026-09-12 20:46:24.921881+00,2026-09-12 20:46:24.929833+00,2026-09-12 20:46:24.934195+00,0.007952,0.004362,0.012314
/watch/l9-latency-marker.txt,2026-09-12 20:46:25.03338+00,2026-09-12 20:46:25.042617+00,2026-09-12 20:46:25.051667+00,0.009237,0.009050,0.018287
/watch/l9-latency-marker.txt,2026-09-12 20:46:25.143912+00,2026-09-12 20:46:25.150831+00,2026-09-12 20:46:25.15696+00,0.006919,0.006129,0.013048
/watch/l9-latency-marker.txt,2026-09-12 20:46:25.254514+00,2026-09-12 20:46:25.264053+00,2026-09-12 20:46:25.272581+00,0.009539,0.008528,0.018067
/watch/l9-latency-marker.txt,2026-09-12 20:46:25.365945+00,2026-09-12 20:46:25.376081+00,2026-09-12 20:46:25.385178+00,0.010136,0.009097,0.019233
/watch/l9-latency-marker.txt,2026-09-12 20:46:25.476913+00,2026-09-12 20:46:25.48597+00,2026-09-12 20:46:25.494827+00,0.009057,0.008857,0.017914
/watch/l9-latency-marker.txt,2026-09-12 20:46:25.587546+00,2026-09-12 20:46:25.594417+00,2026-09-12 20:46:25.599064+00,0.006871,0.004647,0.011518
/watch/l9-latency-marker.txt,2026-09-12 20:46:25.698268+00,2026-09-12 20:46:25.706042+00,2026-09-12 20:46:25.714797+00,0.007774,0.008755,0.016529
/watch/l9-latency-marker.txt,2026-09-12 20:46:25.810559+00,2026-09-12 20:46:25.816177+00,2026-09-12 20:46:25.822382+00,0.005618,0.006205,0.011823
/watch/l9-latency-marker.txt,2026-09-12 20:46:25.92219+00,2026-09-12 20:46:25.928246+00,2026-09-12 20:46:25.933767+00,0.006056,0.005521,0.011577
/watch/l9-latency-marker.txt,2026-09-12 20:46:26.033656+00,2026-09-12 20:46:26.042391+00,2026-09-12 20:46:26.050675+00,0.008735,0.008284,0.017019
/watch/l9-latency-marker.txt,2026-09-12 20:46:26.144291+00,2026-09-12 20:46:26.151656+00,2026-09-12 20:46:26.157805+00,0.007365,0.006149,0.013514
/watch/l9-latency-marker.txt,2026-09-12 20:46:26.256396+00,2026-09-12 20:46:26.262387+00,2026-09-12 20:46:26.268047+00,0.005991,0.005660,0.011651
/watch/l9-latency-marker.txt,2026-09-12 20:46:26.367423+00,2026-09-12 20:46:26.376869+00,2026-09-12 20:46:26.385463+00,0.009446,0.008594,0.018040
/watch/l9-latency-marker.txt,2026-09-12 20:46:26.478579+00,2026-09-12 20:46:26.486539+00,2026-09-12 20:46:26.491069+00,0.007960,0.004530,0.012490
/watch/l9-latency-marker.txt,2026-09-12 20:46:26.589659+00,2026-09-12 20:46:26.599246+00,2026-09-12 20:46:26.60773+00,0.009587,0.008484,0.018071
/watch/l9-latency-marker.txt,2026-09-12 20:46:26.700387+00,2026-09-12 20:46:26.71038+00,2026-09-12 20:46:26.716877+00,0.009993,0.006497,0.016490
/watch/l9-latency-marker.txt,2026-09-12 20:46:26.811347+00,2026-09-12 20:46:26.819184+00,2026-09-12 20:46:26.826272+00,0.007837,0.007088,0.014925
/watch/l9-latency-marker.txt,2026-09-12 20:46:26.922652+00,2026-09-12 20:46:26.93237+00,2026-09-12 20:46:26.941208+00,0.009718,0.008838,0.018556
/watch/l9-latency-marker.txt,2026-09-12 20:46:27.033485+00,2026-09-12 20:46:27.043272+00,2026-09-12 20:46:27.051882+00,0.009787,0.008610,0.018397
/watch/l9-latency-marker.txt,2026-09-12 20:46:27.144984+00,2026-09-12 20:46:27.154091+00,2026-09-12 20:46:27.16246+00,0.009107,0.008369,0.017476
/watch/l9-latency-marker.txt,2026-09-12 20:46:27.257483+00,2026-09-12 20:46:27.263096+00,2026-09-12 20:46:27.269312+00,0.005613,0.006216,0.011829
/watch/l9-latency-marker.txt,2026-09-12 20:46:27.368882+00,2026-09-12 20:46:27.376208+00,2026-09-12 20:46:27.380349+00,0.007326,0.004141,0.011467
/watch/l9-latency-marker.txt,2026-09-12 20:46:27.48046+00,2026-09-12 20:46:27.486459+00,2026-09-12 20:46:27.490926+00,0.005999,0.004467,0.010466
/watch/l9-latency-marker.txt,2026-09-12 20:46:27.59135+00,2026-09-12 20:46:27.600118+00,2026-09-12 20:46:27.606535+00,0.008768,0.006417,0.015185
/watch/l9-latency-marker.txt,2026-09-12 20:46:27.701347+00,2026-09-12 20:46:27.708304+00,2026-09-12 20:46:27.714223+00,0.006957,0.005919,0.012876
/watch/l9-latency-marker.txt,2026-09-12 20:46:27.812372+00,2026-09-12 20:46:27.819189+00,2026-09-12 20:46:27.825598+00,0.006817,0.006409,0.013226
/watch/l9-latency-marker.txt,2026-09-12 20:46:27.924173+00,2026-09-12 20:46:27.930898+00,2026-09-12 20:46:27.935074+00,0.006725,0.004176,0.010901
/watch/l9-latency-marker.txt,2026-09-12 20:46:28.036206+00,2026-09-12 20:46:28.043717+00,2026-09-12 20:46:28.049471+00,0.007511,0.005754,0.013265
/watch/l9-latency-marker.txt,2026-09-12 20:46:28.147822+00,2026-09-12 20:46:28.154631+00,2026-09-12 20:46:28.159014+00,0.006809,0.004383,0.011192
/watch/l9-latency-marker.txt,2026-09-12 20:46:28.259241+00,2026-09-12 20:46:28.266459+00,2026-09-12 20:46:28.27099+00,0.007218,0.004531,0.011749
/watch/l9-latency-marker.txt,2026-09-12 20:46:28.37005+00,2026-09-12 20:46:28.376156+00,2026-09-12 20:46:28.380834+00,0.006106,0.004678,0.010784
/watch/l9-latency-marker.txt,2026-09-12 20:46:28.480826+00,2026-09-12 20:46:28.487036+00,2026-09-12 20:46:28.491412+00,0.006210,0.004376,0.010586
/watch/l9-latency-marker.txt,2026-09-12 20:46:28.593789+00,2026-09-12 20:46:28.601407+00,2026-09-12 20:46:28.606247+00,0.007618,0.004840,0.012458
/watch/l9-latency-marker.txt,2026-09-12 20:46:28.704448+00,2026-09-12 20:46:28.711319+00,2026-09-12 20:46:28.7157+00,0.006871,0.004381,0.011252
/watch/l9-latency-marker.txt,2026-09-12 20:46:28.814375+00,2026-09-12 20:46:28.820405+00,2026-09-12 20:46:28.824916+00,0.006030,0.004511,0.010541
/watch/l9-latency-marker.txt,2026-09-12 20:46:28.926162+00,2026-09-12 20:46:28.931685+00,2026-09-12 20:46:28.935874+00,0.005523,0.004189,0.009712
/watch/l9-latency-marker.txt,2026-09-12 20:46:29.037095+00,2026-09-12 20:46:29.044692+00,2026-09-12 20:46:29.050148+00,0.007597,0.005456,0.013053
/watch/l9-latency-marker.txt,2026-09-12 20:46:29.148311+00,2026-09-12 20:46:29.155486+00,2026-09-12 20:46:29.162371+00,0.007175,0.006885,0.014060
/watch/l9-latency-marker.txt,2026-09-12 20:46:29.260701+00,2026-09-12 20:46:29.268105+00,2026-09-12 20:46:29.274241+00,0.007404,0.006136,0.013540
/watch/l9-latency-marker.txt,2026-09-12 20:46:29.371346+00,2026-09-12 20:46:29.378571+00,2026-09-12 20:46:29.383178+00,0.007225,0.004607,0.011832
/watch/l9-latency-marker.txt,2026-09-12 20:46:29.481623+00,2026-09-12 20:46:29.487855+00,2026-09-12 20:46:29.492478+00,0.006232,0.004623,0.010855
/watch/l9-latency-marker.txt,2026-09-12 20:46:29.592081+00,2026-09-12 20:46:29.600075+00,2026-09-12 20:46:29.604854+00,0.007994,0.004779,0.012773
/watch/l9-latency-marker.txt,2026-09-12 20:46:29.702881+00,2026-09-12 20:46:29.710254+00,2026-09-12 20:46:29.715124+00,0.007373,0.004870,0.012243
/watch/l9-latency-marker.txt,2026-09-12 20:46:29.814958+00,2026-09-12 20:46:29.820946+00,2026-09-12 20:46:29.825385+00,0.005988,0.004439,0.010427
/watch/l9-latency-marker.txt,2026-09-12 20:46:29.925731+00,2026-09-12 20:46:29.931141+00,2026-09-12 20:46:29.935908+00,0.005410,0.004767,0.010177
/watch/l9-latency-marker.txt,2026-09-12 20:46:30.036932+00,2026-09-12 20:46:30.045497+00,2026-09-12 20:46:30.050728+00,0.008565,0.005231,0.013796
/watch/l9-latency-marker.txt,2026-09-12 20:46:30.147745+00,2026-09-12 20:46:30.153509+00,2026-09-12 20:46:30.158775+00,0.005764,0.005266,0.011030
/watch/l9-latency-marker.txt,2026-09-12 20:46:30.263215+00,2026-09-12 20:46:30.279346+00,2026-09-12 20:46:30.286476+00,0.016131,0.007130,0.023261
/watch/l9-latency-marker.txt,2026-09-12 20:46:30.374881+00,2026-09-12 20:46:30.379949+00,2026-09-12 20:46:30.38358+00,0.005068,0.003631,0.008699
/watch/l9-latency-marker.txt,2026-09-12 20:46:30.486309+00,2026-09-12 20:46:30.493673+00,2026-09-12 20:46:30.500317+00,0.007364,0.006644,0.014008
/watch/l9-latency-marker.txt,2026-09-12 20:46:30.598122+00,2026-09-12 20:46:30.603827+00,2026-09-12 20:46:30.609574+00,0.005705,0.005747,0.011452
/watch/l9-latency-marker.txt,2026-09-12 20:46:30.70901+00,2026-09-12 20:46:30.715137+00,2026-09-12 20:46:30.720347+00,0.006127,0.005210,0.011337
/watch/l9-latency-marker.txt,2026-09-12 20:46:30.820502+00,2026-09-12 20:46:30.827059+00,2026-09-12 20:46:30.83183+00,0.006557,0.004771,0.011328
/watch/l9-latency-marker.txt,2026-09-12 20:46:30.931348+00,2026-09-12 20:46:30.936822+00,2026-09-12 20:46:30.941665+00,0.005474,0.004843,0.010317
/watch/l9-latency-marker.txt,2026-09-12 20:46:31.042559+00,2026-09-12 20:46:31.049353+00,2026-09-12 20:46:31.05386+00,0.006794,0.004507,0.011301
/watch/l9-latency-marker.txt,2026-09-12 20:46:31.154875+00,2026-09-12 20:46:31.16405+00,2026-09-12 20:46:31.168778+00,0.009175,0.004728,0.013903
/watch/l9-latency-marker.txt,2026-09-12 20:46:31.26578+00,2026-09-12 20:46:31.272932+00,2026-09-12 20:46:31.277554+00,0.007152,0.004622,0.011774
/watch/l9-latency-marker.txt,2026-09-12 20:46:31.376904+00,2026-09-12 20:46:31.384491+00,2026-09-12 20:46:31.391361+00,0.007587,0.006870,0.014457
/watch/l9-latency-marker.txt,2026-09-12 20:46:31.488172+00,2026-09-12 20:46:31.495313+00,2026-09-12 20:46:31.503895+00,0.007141,0.008582,0.015723
/watch/l9-latency-marker.txt,2026-09-12 20:46:31.598106+00,2026-09-12 20:46:31.606896+00,2026-09-12 20:46:31.616155+00,0.008790,0.009259,0.018049
/watch/l9-latency-marker.txt,2026-09-12 20:46:31.709123+00,2026-09-12 20:46:31.718662+00,2026-09-12 20:46:31.728556+00,0.009539,0.009894,0.019433
/watch/l9-latency-marker.txt,2026-09-12 20:46:31.820245+00,2026-09-12 20:46:31.825533+00,2026-09-12 20:46:31.830927+00,0.005288,0.005394,0.010682
/watch/l9-latency-marker.txt,2026-09-12 20:46:31.932693+00,2026-09-12 20:46:31.941181+00,2026-09-12 20:46:31.948232+00,0.008488,0.007051,0.015539
/watch/l9-latency-marker.txt,2026-09-12 20:46:32.043397+00,2026-09-12 20:46:32.051878+00,2026-09-12 20:46:32.061444+00,0.008481,0.009566,0.018047
/watch/l9-latency-marker.txt,2026-09-12 20:46:32.154132+00,2026-09-12 20:46:32.161493+00,2026-09-12 20:46:32.166824+00,0.007361,0.005331,0.012692
/watch/l9-latency-marker.txt,2026-09-12 20:46:32.263986+00,2026-09-12 20:46:32.269581+00,2026-09-12 20:46:32.274324+00,0.005595,0.004743,0.010338
/watch/l9-latency-marker.txt,2026-09-12 20:46:32.373894+00,2026-09-12 20:46:32.382991+00,2026-09-12 20:46:32.392618+00,0.009097,0.009627,0.018724
/watch/l9-latency-marker.txt,2026-09-12 20:46:32.484852+00,2026-09-12 20:46:32.493178+00,2026-09-12 20:46:32.502723+00,0.008326,0.009545,0.017871
/watch/l9-latency-marker.txt,2026-09-12 20:46:32.596621+00,2026-09-12 20:46:32.601824+00,2026-09-12 20:46:32.606433+00,0.005203,0.004609,0.009812
(99 rows)
