seq,caso,ruta_agente,ts_utc,modificacion_efectiva,deteccion_esperada,eventos_encontrados,hash_antes,hash_despues,hashes_en_eventos,estado
1,C_escritura_convencional,/srv/fim-watch/mmap_C_escritura_convencional_001.bin,2026-10-03T13:03:21.410436+00:00,True,True,1,522cfcc8760427b770768421d9821a6407c909b066cd8c6f57762f55317f611e,a5c7f9b4482f5e302f25c48447ec848bca3bb7a146b55e10ebb7b9013a1ac7a5,a5c7f9b4482f5e302f25c48447ec848bca3bb7a146b55e10ebb7b9013a1ac7a5,detectada
2,C_escritura_convencional,/srv/fim-watch/mmap_C_escritura_convencional_002.bin,2026-10-03T13:03:31.412728+00:00,True,True,1,522cfcc8760427b770768421d9821a6407c909b066cd8c6f57762f55317f611e,a5c7f9b4482f5e302f25c48447ec848bca3bb7a146b55e10ebb7b9013a1ac7a5,a5c7f9b4482f5e302f25c48447ec848bca3bb7a146b55e10ebb7b9013a1ac7a5,detectada
3,C_escritura_convencional,/srv/fim-watch/mmap_C_escritura_convencional_003.bin,2026-10-03T13:03:41.414259+00:00,True,True,1,522cfcc8760427b770768421d9821a6407c909b066cd8c6f57762f55317f611e,a5c7f9b4482f5e302f25c48447ec848bca3bb7a146b55e10ebb7b9013a1ac7a5,a5c7f9b4482f5e302f25c48447ec848bca3bb7a146b55e10ebb7b9013a1ac7a5,detectada
4,C_escritura_convencional,/srv/fim-watch/mmap_C_escritura_convencional_004.bin,2026-10-03T13:03:51.415619+00:00,True,True,1,522cfcc8760427b770768421d9821a6407c909b066cd8c6f57762f55317f611e,a5c7f9b4482f5e302f25c48447ec848bca3bb7a146b55e10ebb7b9013a1ac7a5,a5c7f9b4482f5e302f25c48447ec848bca3bb7a146b55e10ebb7b9013a1ac7a5,detectada
5,C_escritura_convencional,/srv/fim-watch/mmap_C_escritura_convencional_005.bin,2026-10-03T13:04:01.418002+00:00,True,True,1,522cfcc8760427b770768421d9821a6407c909b066cd8c6f57762f55317f611e,a5c7f9b4482f5e302f25c48447ec848bca3bb7a146b55e10ebb7b9013a1ac7a5,a5c7f9b4482f5e302f25c48447ec848bca3bb7a146b55e10ebb7b9013a1ac7a5,detectada
6,C_escritura_convencional,/srv/fim-watch/mmap_C_escritura_convencional_006.bin,2026-10-03T13:04:11.419724+00:00,True,True,1,522cfcc8760427b770768421d9821a6407c909b066cd8c6f57762f55317f611e,a5c7f9b4482f5e302f25c48447ec848bca3bb7a146b55e10ebb7b9013a1ac7a5,a5c7f9b4482f5e302f25c48447ec848bca3bb7a146b55e10ebb7b9013a1ac7a5,detectada
7,C_escritura_convencional,/srv/fim-watch/mmap_C_escritura_convencional_007.bin,2026-10-03T13:04:21.421652+00:00,True,True,1,522cfcc8760427b770768421d9821a6407c909b066cd8c6f57762f55317f611e,a5c7f9b4482f5e302f25c48447ec848bca3bb7a146b55e10ebb7b9013a1ac7a5,a5c7f9b4482f5e302f25c48447ec848bca3bb7a146b55e10ebb7b9013a1ac7a5,detectada
8,C_escritura_convencional,/srv/fim-watch/mmap_C_escritura_convencional_008.bin,2026-10-03T13:04:31.423589+00:00,True,True,1,522cfcc8760427b770768421d9821a6407c909b066cd8c6f57762f55317f611e,a5c7f9b4482f5e302f25c48447ec848bca3bb7a146b55e10ebb7b9013a1ac7a5,a5c7f9b4482f5e302f25c48447ec848bca3bb7a146b55e10ebb7b9013a1ac7a5,detectada
9,C_escritura_convencional,/srv/fim-watch/mmap_C_escritura_convencional_009.bin,2026-10-03T13:04:41.425532+00:00,True,True,1,522cfcc8760427b770768421d9821a6407c909b066cd8c6f57762f55317f611e,a5c7f9b4482f5e302f25c48447ec848bca3bb7a146b55e10ebb7b9013a1ac7a5,a5c7f9b4482f5e302f25c48447ec848bca3bb7a146b55e10ebb7b9013a1ac7a5,detectada
10,C_escritura_convencional,/srv/fim-watch/mmap_C_escritura_convencional_010.bin,2026-10-03T13:04:51.427831+00:00,True,True,1,522cfcc8760427b770768421d9821a6407c909b066cd8c6f57762f55317f611e,a5c7f9b4482f5e302f25c48447ec848bca3bb7a146b55e10ebb7b9013a1ac7a5,a5c7f9b4482f5e302f25c48447ec848bca3bb7a146b55e10ebb7b9013a1ac7a5,detectada
11,D_mmap_close_retardo_000ms,/srv/fim-watch/mmap_D_mmap_close_retardo_000ms_001.bin,2026-10-03T13:05:01.429042+00:00,True,,1,522cfcc8760427b770768421d9821a6407c909b066cd8c6f57762f55317f611e,a5c7f9b4482f5e302f25c48447ec848bca3bb7a146b55e10ebb7b9013a1ac7a5,a5c7f9b4482f5e302f25c48447ec848bca3bb7a146b55e10ebb7b9013a1ac7a5,detectada
12,D_mmap_close_retardo_000ms,/srv/fim-watch/mmap_D_mmap_close_retardo_000ms_002.bin,2026-10-03T13:05:11.430927+00:00,True,,1,522cfcc8760427b770768421d9821a6407c909b066cd8c6f57762f55317f611e,a5c7f9b4482f5e302f25c48447ec848bca3bb7a146b55e10ebb7b9013a1ac7a5,a5c7f9b4482f5e302f25c48447ec848bca3bb7a146b55e10ebb7b9013a1ac7a5,detectada
13,D_mmap_close_retardo_000ms,/srv/fim-watch/mmap_D_mmap_close_retardo_000ms_003.bin,2026-10-03T13:05:21.434720+00:00,True,,1,522cfcc8760427b770768421d9821a6407c909b066cd8c6f57762f55317f611e,a5c7f9b4482f5e302f25c48447ec848bca3bb7a146b55e10ebb7b9013a1ac7a5,a5c7f9b4482f5e302f25c48447ec848bca3bb7a146b55e10ebb7b9013a1ac7a5,detectada
14,D_mmap_close_retardo_000ms,/srv/fim-watch/mmap_D_mmap_close_retardo_000ms_004.bin,2026-10-03T13:05:31.438402+00:00,True,,1,522cfcc8760427b770768421d9821a6407c909b066cd8c6f57762f55317f611e,a5c7f9b4482f5e302f25c48447ec848bca3bb7a146b55e10ebb7b9013a1ac7a5,a5c7f9b4482f5e302f25c48447ec848bca3bb7a146b55e10ebb7b9013a1ac7a5,detectada
15,D_mmap_close_retardo_000ms,/srv/fim-watch/mmap_D_mmap_close_retardo_000ms_005.bin,2026-10-03T13:05:41.441412+00:00,True,,1,522cfcc8760427b770768421d9821a6407c909b066cd8c6f57762f55317f611e,a5c7f9b4482f5e302f25c48447ec848bca3bb7a146b55e10ebb7b9013a1ac7a5,a5c7f9b4482f5e302f25c48447ec848bca3bb7a146b55e10ebb7b9013a1ac7a5,detectada
16,D_mmap_close_retardo_000ms,/srv/fim-watch/mmap_D_mmap_close_retardo_000ms_006.bin,2026-10-03T13:05:51.445483+00:00,True,,1,522cfcc8760427b770768421d9821a6407c909b066cd8c6f57762f55317f611e,a5c7f9b4482f5e302f25c48447ec848bca3bb7a146b55e10ebb7b9013a1ac7a5,a5c7f9b4482f5e302f25c48447ec848bca3bb7a146b55e10ebb7b9013a1ac7a5,detectada
17,D_mmap_close_retardo_000ms,/srv/fim-watch/mmap_D_mmap_close_retardo_000ms_007.bin,2026-10-03T13:06:01.448405+00:00,True,,1,522cfcc8760427b770768421d9821a6407c909b066cd8c6f57762f55317f611e,a5c7f9b4482f5e302f25c48447ec848bca3bb7a146b55e10ebb7b9013a1ac7a5,a5c7f9b4482f5e302f25c48447ec848bca3bb7a146b55e10ebb7b9013a1ac7a5,detectada
18,D_mmap_close_retardo_000ms,/srv/fim-watch/mmap_D_mmap_close_retardo_000ms_008.bin,2026-10-03T13:06:11.451461+00:00,True,,1,522cfcc8760427b770768421d9821a6407c909b066cd8c6f57762f55317f611e,a5c7f9b4482f5e302f25c48447ec848bca3bb7a146b55e10ebb7b9013a1ac7a5,a5c7f9b4482f5e302f25c48447ec848bca3bb7a146b55e10ebb7b9013a1ac7a5,detectada
19,D_mmap_close_retardo_000ms,/srv/fim-watch/mmap_D_mmap_close_retardo_000ms_009.bin,2026-10-03T13:06:21.454686+00:00,True,,1,522cfcc8760427b770768421d9821a6407c909b066cd8c6f57762f55317f611e,a5c7f9b4482f5e302f25c48447ec848bca3bb7a146b55e10ebb7b9013a1ac7a5,a5c7f9b4482f5e302f25c48447ec848bca3bb7a146b55e10ebb7b9013a1ac7a5,detectada
20,D_mmap_close_retardo_000ms,/srv/fim-watch/mmap_D_mmap_close_retardo_000ms_010.bin,2026-10-03T13:06:31.457579+00:00,True,,1,522cfcc8760427b770768421d9821a6407c909b066cd8c6f57762f55317f611e,a5c7f9b4482f5e302f25c48447ec848bca3bb7a146b55e10ebb7b9013a1ac7a5,a5c7f9b4482f5e302f25c48447ec848bca3bb7a146b55e10ebb7b9013a1ac7a5,detectada
21,D_mmap_close_retardo_005ms,/srv/fim-watch/mmap_D_mmap_close_retardo_005ms_001.bin,2026-10-03T13:06:41.460151+00:00,True,,1,522cfcc8760427b770768421d9821a6407c909b066cd8c6f57762f55317f611e,a5c7f9b4482f5e302f25c48447ec848bca3bb7a146b55e10ebb7b9013a1ac7a5,a5c7f9b4482f5e302f25c48447ec848bca3bb7a146b55e10ebb7b9013a1ac7a5,detectada
22,D_mmap_close_retardo_005ms,/srv/fim-watch/mmap_D_mmap_close_retardo_005ms_002.bin,2026-10-03T13:06:51.467783+00:00,True,,1,522cfcc8760427b770768421d9821a6407c909b066cd8c6f57762f55317f611e,a5c7f9b4482f5e302f25c48447ec848bca3bb7a146b55e10ebb7b9013a1ac7a5,a5c7f9b4482f5e302f25c48447ec848bca3bb7a146b55e10ebb7b9013a1ac7a5,detectada
23,D_mmap_close_retardo_005ms,/srv/fim-watch/mmap_D_mmap_close_retardo_005ms_003.bin,2026-10-03T13:07:01.474686+00:00,True,,1,522cfcc8760427b770768421d9821a6407c909b066cd8c6f57762f55317f611e,a5c7f9b4482f5e302f25c48447ec848bca3bb7a146b55e10ebb7b9013a1ac7a5,a5c7f9b4482f5e302f25c48447ec848bca3bb7a146b55e10ebb7b9013a1ac7a5,detectada
24,D_mmap_close_retardo_005ms,/srv/fim-watch/mmap_D_mmap_close_retardo_005ms_004.bin,2026-10-03T13:07:11.482116+00:00,True,,1,522cfcc8760427b770768421d9821a6407c909b066cd8c6f57762f55317f611e,a5c7f9b4482f5e302f25c48447ec848bca3bb7a146b55e10ebb7b9013a1ac7a5,a5c7f9b4482f5e302f25c48447ec848bca3bb7a146b55e10ebb7b9013a1ac7a5,detectada
25,D_mmap_close_retardo_005ms,/srv/fim-watch/mmap_D_mmap_close_retardo_005ms_005.bin,2026-10-03T13:07:21.499470+00:00,True,,1,522cfcc8760427b770768421d9821a6407c909b066cd8c6f57762f55317f611e,a5c7f9b4482f5e302f25c48447ec848bca3bb7a146b55e10ebb7b9013a1ac7a5,a5c7f9b4482f5e302f25c48447ec848bca3bb7a146b55e10ebb7b9013a1ac7a5,detectada
26,D_mmap_close_retardo_005ms,/srv/fim-watch/mmap_D_mmap_close_retardo_005ms_006.bin,2026-10-03T13:07:31.516551+00:00,True,,1,522cfcc8760427b770768421d9821a6407c909b066cd8c6f57762f55317f611e,a5c7f9b4482f5e302f25c48447ec848bca3bb7a146b55e10ebb7b9013a1ac7a5,a5c7f9b4482f5e302f25c48447ec848bca3bb7a146b55e10ebb7b9013a1ac7a5,detectada
27,D_mmap_close_retardo_005ms,/srv/fim-watch/mmap_D_mmap_close_retardo_005ms_007.bin,2026-10-03T13:07:41.538980+00:00,True,,1,522cfcc8760427b770768421d9821a6407c909b066cd8c6f57762f55317f611e,a5c7f9b4482f5e302f25c48447ec848bca3bb7a146b55e10ebb7b9013a1ac7a5,a5c7f9b4482f5e302f25c48447ec848bca3bb7a146b55e10ebb7b9013a1ac7a5,detectada
28,D_mmap_close_retardo_005ms,/srv/fim-watch/mmap_D_mmap_close_retardo_005ms_008.bin,2026-10-03T13:07:51.558419+00:00,True,,1,522cfcc8760427b770768421d9821a6407c909b066cd8c6f57762f55317f611e,a5c7f9b4482f5e302f25c48447ec848bca3bb7a146b55e10ebb7b9013a1ac7a5,a5c7f9b4482f5e302f25c48447ec848bca3bb7a146b55e10ebb7b9013a1ac7a5,detectada
29,D_mmap_close_retardo_005ms,/srv/fim-watch/mmap_D_mmap_close_retardo_005ms_009.bin,2026-10-03T13:08:01.567062+00:00,True,,1,522cfcc8760427b770768421d9821a6407c909b066cd8c6f57762f55317f611e,a5c7f9b4482f5e302f25c48447ec848bca3bb7a146b55e10ebb7b9013a1ac7a5,a5c7f9b4482f5e302f25c48447ec848bca3bb7a146b55e10ebb7b9013a1ac7a5,detectada
30,D_mmap_close_retardo_005ms,/srv/fim-watch/mmap_D_mmap_close_retardo_005ms_010.bin,2026-10-03T13:08:11.583486+00:00,True,,1,522cfcc8760427b770768421d9821a6407c909b066cd8c6f57762f55317f611e,a5c7f9b4482f5e302f25c48447ec848bca3bb7a146b55e10ebb7b9013a1ac7a5,a5c7f9b4482f5e302f25c48447ec848bca3bb7a146b55e10ebb7b9013a1ac7a5,detectada
31,D_mmap_close_retardo_010ms,/srv/fim-watch/mmap_D_mmap_close_retardo_010ms_001.bin,2026-10-03T13:08:21.600535+00:00,True,,1,522cfcc8760427b770768421d9821a6407c909b066cd8c6f57762f55317f611e,a5c7f9b4482f5e302f25c48447ec848bca3bb7a146b55e10ebb7b9013a1ac7a5,a5c7f9b4482f5e302f25c48447ec848bca3bb7a146b55e10ebb7b9013a1ac7a5,detectada
32,D_mmap_close_retardo_010ms,/srv/fim-watch/mmap_D_mmap_close_retardo_010ms_002.bin,2026-10-03T13:08:31.622388+00:00,True,,1,522cfcc8760427b770768421d9821a6407c909b066cd8c6f57762f55317f611e,a5c7f9b4482f5e302f25c48447ec848bca3bb7a146b55e10ebb7b9013a1ac7a5,a5c7f9b4482f5e302f25c48447ec848bca3bb7a146b55e10ebb7b9013a1ac7a5,detectada
33,D_mmap_close_retardo_010ms,/srv/fim-watch/mmap_D_mmap_close_retardo_010ms_003.bin,2026-10-03T13:08:41.643576+00:00,True,,1,522cfcc8760427b770768421d9821a6407c909b066cd8c6f57762f55317f611e,a5c7f9b4482f5e302f25c48447ec848bca3bb7a146b55e10ebb7b9013a1ac7a5,a5c7f9b4482f5e302f25c48447ec848bca3bb7a146b55e10ebb7b9013a1ac7a5,detectada
34,D_mmap_close_retardo_010ms,/srv/fim-watch/mmap_D_mmap_close_retardo_010ms_004.bin,2026-10-03T13:08:51.664857+00:00,True,,1,522cfcc8760427b770768421d9821a6407c909b066cd8c6f57762f55317f611e,a5c7f9b4482f5e302f25c48447ec848bca3bb7a146b55e10ebb7b9013a1ac7a5,a5c7f9b4482f5e302f25c48447ec848bca3bb7a146b55e10ebb7b9013a1ac7a5,detectada
35,D_mmap_close_retardo_010ms,/srv/fim-watch/mmap_D_mmap_close_retardo_010ms_005.bin,2026-10-03T13:09:01.685558+00:00,True,,1,522cfcc8760427b770768421d9821a6407c909b066cd8c6f57762f55317f611e,a5c7f9b4482f5e302f25c48447ec848bca3bb7a146b55e10ebb7b9013a1ac7a5,a5c7f9b4482f5e302f25c48447ec848bca3bb7a146b55e10ebb7b9013a1ac7a5,detectada
36,D_mmap_close_retardo_010ms,/srv/fim-watch/mmap_D_mmap_close_retardo_010ms_006.bin,2026-10-03T13:09:11.710443+00:00,True,,1,522cfcc8760427b770768421d9821a6407c909b066cd8c6f57762f55317f611e,a5c7f9b4482f5e302f25c48447ec848bca3bb7a146b55e10ebb7b9013a1ac7a5,a5c7f9b4482f5e302f25c48447ec848bca3bb7a146b55e10ebb7b9013a1ac7a5,detectada
37,D_mmap_close_retardo_010ms,/srv/fim-watch/mmap_D_mmap_close_retardo_010ms_007.bin,2026-10-03T13:09:21.732422+00:00,True,,1,522cfcc8760427b770768421d9821a6407c909b066cd8c6f57762f55317f611e,a5c7f9b4482f5e302f25c48447ec848bca3bb7a146b55e10ebb7b9013a1ac7a5,a5c7f9b4482f5e302f25c48447ec848bca3bb7a146b55e10ebb7b9013a1ac7a5,detectada
38,D_mmap_close_retardo_010ms,/srv/fim-watch/mmap_D_mmap_close_retardo_010ms_008.bin,2026-10-03T13:09:31.746815+00:00,True,,1,522cfcc8760427b770768421d9821a6407c909b066cd8c6f57762f55317f611e,a5c7f9b4482f5e302f25c48447ec848bca3bb7a146b55e10ebb7b9013a1ac7a5,a5c7f9b4482f5e302f25c48447ec848bca3bb7a146b55e10ebb7b9013a1ac7a5,detectada
39,D_mmap_close_retardo_010ms,/srv/fim-watch/mmap_D_mmap_close_retardo_010ms_009.bin,2026-10-03T13:09:41.769719+00:00,True,,1,522cfcc8760427b770768421d9821a6407c909b066cd8c6f57762f55317f611e,a5c7f9b4482f5e302f25c48447ec848bca3bb7a146b55e10ebb7b9013a1ac7a5,a5c7f9b4482f5e302f25c48447ec848bca3bb7a146b55e10ebb7b9013a1ac7a5,detectada
40,D_mmap_close_retardo_010ms,/srv/fim-watch/mmap_D_mmap_close_retardo_010ms_010.bin,2026-10-03T13:09:51.791146+00:00,True,,1,522cfcc8760427b770768421d9821a6407c909b066cd8c6f57762f55317f611e,a5c7f9b4482f5e302f25c48447ec848bca3bb7a146b55e10ebb7b9013a1ac7a5,a5c7f9b4482f5e302f25c48447ec848bca3bb7a146b55e10ebb7b9013a1ac7a5,detectada
41,D_mmap_close_retardo_020ms,/srv/fim-watch/mmap_D_mmap_close_retardo_020ms_001.bin,2026-10-03T13:10:01.805813+00:00,True,,1,522cfcc8760427b770768421d9821a6407c909b066cd8c6f57762f55317f611e,a5c7f9b4482f5e302f25c48447ec848bca3bb7a146b55e10ebb7b9013a1ac7a5,a5c7f9b4482f5e302f25c48447ec848bca3bb7a146b55e10ebb7b9013a1ac7a5,detectada
42,D_mmap_close_retardo_020ms,/srv/fim-watch/mmap_D_mmap_close_retardo_020ms_002.bin,2026-10-03T13:10:11.842617+00:00,True,,1,522cfcc8760427b770768421d9821a6407c909b066cd8c6f57762f55317f611e,a5c7f9b4482f5e302f25c48447ec848bca3bb7a146b55e10ebb7b9013a1ac7a5,a5c7f9b4482f5e302f25c48447ec848bca3bb7a146b55e10ebb7b9013a1ac7a5,detectada
43,D_mmap_close_retardo_020ms,/srv/fim-watch/mmap_D_mmap_close_retardo_020ms_003.bin,2026-10-03T13:10:21.875051+00:00,True,,1,522cfcc8760427b770768421d9821a6407c909b066cd8c6f57762f55317f611e,a5c7f9b4482f5e302f25c48447ec848bca3bb7a146b55e10ebb7b9013a1ac7a5,a5c7f9b4482f5e302f25c48447ec848bca3bb7a146b55e10ebb7b9013a1ac7a5,detectada
44,D_mmap_close_retardo_020ms,/srv/fim-watch/mmap_D_mmap_close_retardo_020ms_004.bin,2026-10-03T13:10:31.908529+00:00,True,,1,522cfcc8760427b770768421d9821a6407c909b066cd8c6f57762f55317f611e,a5c7f9b4482f5e302f25c48447ec848bca3bb7a146b55e10ebb7b9013a1ac7a5,a5c7f9b4482f5e302f25c48447ec848bca3bb7a146b55e10ebb7b9013a1ac7a5,detectada
45,D_mmap_close_retardo_020ms,/srv/fim-watch/mmap_D_mmap_close_retardo_020ms_005.bin,2026-10-03T13:10:41.939686+00:00,True,,1,522cfcc8760427b770768421d9821a6407c909b066cd8c6f57762f55317f611e,a5c7f9b4482f5e302f25c48447ec848bca3bb7a146b55e10ebb7b9013a1ac7a5,a5c7f9b4482f5e302f25c48447ec848bca3bb7a146b55e10ebb7b9013a1ac7a5,detectada
46,D_mmap_close_retardo_020ms,/srv/fim-watch/mmap_D_mmap_close_retardo_020ms_006.bin,2026-10-03T13:10:51.971024+00:00,True,,1,522cfcc8760427b770768421d9821a6407c909b066cd8c6f57762f55317f611e,a5c7f9b4482f5e302f25c48447ec848bca3bb7a146b55e10ebb7b9013a1ac7a5,a5c7f9b4482f5e302f25c48447ec848bca3bb7a146b55e10ebb7b9013a1ac7a5,detectada
47,D_mmap_close_retardo_020ms,/srv/fim-watch/mmap_D_mmap_close_retardo_020ms_007.bin,2026-10-03T13:11:02.003351+00:00,True,,1,522cfcc8760427b770768421d9821a6407c909b066cd8c6f57762f55317f611e,a5c7f9b4482f5e302f25c48447ec848bca3bb7a146b55e10ebb7b9013a1ac7a5,a5c7f9b4482f5e302f25c48447ec848bca3bb7a146b55e10ebb7b9013a1ac7a5,detectada
48,D_mmap_close_retardo_020ms,/srv/fim-watch/mmap_D_mmap_close_retardo_020ms_008.bin,2026-10-03T13:11:12.035806+00:00,True,,1,522cfcc8760427b770768421d9821a6407c909b066cd8c6f57762f55317f611e,a5c7f9b4482f5e302f25c48447ec848bca3bb7a146b55e10ebb7b9013a1ac7a5,a5c7f9b4482f5e302f25c48447ec848bca3bb7a146b55e10ebb7b9013a1ac7a5,detectada
49,D_mmap_close_retardo_020ms,/srv/fim-watch/mmap_D_mmap_close_retardo_020ms_009.bin,2026-10-03T13:11:22.068706+00:00,True,,1,522cfcc8760427b770768421d9821a6407c909b066cd8c6f57762f55317f611e,a5c7f9b4482f5e302f25c48447ec848bca3bb7a146b55e10ebb7b9013a1ac7a5,a5c7f9b4482f5e302f25c48447ec848bca3bb7a146b55e10ebb7b9013a1ac7a5,detectada
50,D_mmap_close_retardo_020ms,/srv/fim-watch/mmap_D_mmap_close_retardo_020ms_010.bin,2026-10-03T13:11:32.101908+00:00,True,,1,522cfcc8760427b770768421d9821a6407c909b066cd8c6f57762f55317f611e,a5c7f9b4482f5e302f25c48447ec848bca3bb7a146b55e10ebb7b9013a1ac7a5,a5c7f9b4482f5e302f25c48447ec848bca3bb7a146b55e10ebb7b9013a1ac7a5,detectada
51,D_mmap_close_retardo_050ms,/srv/fim-watch/mmap_D_mmap_close_retardo_050ms_001.bin,2026-10-03T13:11:42.134955+00:00,True,,1,522cfcc8760427b770768421d9821a6407c909b066cd8c6f57762f55317f611e,a5c7f9b4482f5e302f25c48447ec848bca3bb7a146b55e10ebb7b9013a1ac7a5,a5c7f9b4482f5e302f25c48447ec848bca3bb7a146b55e10ebb7b9013a1ac7a5,detectada
52,D_mmap_close_retardo_050ms,/srv/fim-watch/mmap_D_mmap_close_retardo_050ms_002.bin,2026-10-03T13:11:52.197230+00:00,True,,1,522cfcc8760427b770768421d9821a6407c909b066cd8c6f57762f55317f611e,a5c7f9b4482f5e302f25c48447ec848bca3bb7a146b55e10ebb7b9013a1ac7a5,a5c7f9b4482f5e302f25c48447ec848bca3bb7a146b55e10ebb7b9013a1ac7a5,detectada
53,D_mmap_close_retardo_050ms,/srv/fim-watch/mmap_D_mmap_close_retardo_050ms_003.bin,2026-10-03T13:12:02.258807+00:00,True,,1,522cfcc8760427b770768421d9821a6407c909b066cd8c6f57762f55317f611e,a5c7f9b4482f5e302f25c48447ec848bca3bb7a146b55e10ebb7b9013a1ac7a5,a5c7f9b4482f5e302f25c48447ec848bca3bb7a146b55e10ebb7b9013a1ac7a5,detectada
54,D_mmap_close_retardo_050ms,/srv/fim-watch/mmap_D_mmap_close_retardo_050ms_004.bin,2026-10-03T13:12:12.320240+00:00,True,,1,522cfcc8760427b770768421d9821a6407c909b066cd8c6f57762f55317f611e,a5c7f9b4482f5e302f25c48447ec848bca3bb7a146b55e10ebb7b9013a1ac7a5,a5c7f9b4482f5e302f25c48447ec848bca3bb7a146b55e10ebb7b9013a1ac7a5,detectada
55,D_mmap_close_retardo_050ms,/srv/fim-watch/mmap_D_mmap_close_retardo_050ms_005.bin,2026-10-03T13:12:22.374922+00:00,True,,1,522cfcc8760427b770768421d9821a6407c909b066cd8c6f57762f55317f611e,a5c7f9b4482f5e302f25c48447ec848bca3bb7a146b55e10ebb7b9013a1ac7a5,a5c7f9b4482f5e302f25c48447ec848bca3bb7a146b55e10ebb7b9013a1ac7a5,detectada
56,D_mmap_close_retardo_050ms,/srv/fim-watch/mmap_D_mmap_close_retardo_050ms_006.bin,2026-10-03T13:12:32.436851+00:00,True,,1,522cfcc8760427b770768421d9821a6407c909b066cd8c6f57762f55317f611e,a5c7f9b4482f5e302f25c48447ec848bca3bb7a146b55e10ebb7b9013a1ac7a5,a5c7f9b4482f5e302f25c48447ec848bca3bb7a146b55e10ebb7b9013a1ac7a5,detectada
57,D_mmap_close_retardo_050ms,/srv/fim-watch/mmap_D_mmap_close_retardo_050ms_007.bin,2026-10-03T13:12:42.501817+00:00,True,,1,522cfcc8760427b770768421d9821a6407c909b066cd8c6f57762f55317f611e,a5c7f9b4482f5e302f25c48447ec848bca3bb7a146b55e10ebb7b9013a1ac7a5,a5c7f9b4482f5e302f25c48447ec848bca3bb7a146b55e10ebb7b9013a1ac7a5,detectada
58,D_mmap_close_retardo_050ms,/srv/fim-watch/mmap_D_mmap_close_retardo_050ms_008.bin,2026-10-03T13:12:52.564360+00:00,True,,1,522cfcc8760427b770768421d9821a6407c909b066cd8c6f57762f55317f611e,a5c7f9b4482f5e302f25c48447ec848bca3bb7a146b55e10ebb7b9013a1ac7a5,a5c7f9b4482f5e302f25c48447ec848bca3bb7a146b55e10ebb7b9013a1ac7a5,detectada
59,D_mmap_close_retardo_050ms,/srv/fim-watch/mmap_D_mmap_close_retardo_050ms_009.bin,2026-10-03T13:13:02.625410+00:00,True,,1,522cfcc8760427b770768421d9821a6407c909b066cd8c6f57762f55317f611e,a5c7f9b4482f5e302f25c48447ec848bca3bb7a146b55e10ebb7b9013a1ac7a5,a5c7f9b4482f5e302f25c48447ec848bca3bb7a146b55e10ebb7b9013a1ac7a5,detectada
60,D_mmap_close_retardo_050ms,/srv/fim-watch/mmap_D_mmap_close_retardo_050ms_010.bin,2026-10-03T13:13:12.687846+00:00,True,,1,522cfcc8760427b770768421d9821a6407c909b066cd8c6f57762f55317f611e,a5c7f9b4482f5e302f25c48447ec848bca3bb7a146b55e10ebb7b9013a1ac7a5,a5c7f9b4482f5e302f25c48447ec848bca3bb7a146b55e10ebb7b9013a1ac7a5,detectada
61,D_mmap_close_retardo_100ms,/srv/fim-watch/mmap_D_mmap_close_retardo_100ms_001.bin,2026-10-03T13:13:22.750138+00:00,True,,1,522cfcc8760427b770768421d9821a6407c909b066cd8c6f57762f55317f611e,a5c7f9b4482f5e302f25c48447ec848bca3bb7a146b55e10ebb7b9013a1ac7a5,a5c7f9b4482f5e302f25c48447ec848bca3bb7a146b55e10ebb7b9013a1ac7a5,detectada
62,D_mmap_close_retardo_100ms,/srv/fim-watch/mmap_D_mmap_close_retardo_100ms_002.bin,2026-10-03T13:13:32.863812+00:00,True,,1,522cfcc8760427b770768421d9821a6407c909b066cd8c6f57762f55317f611e,a5c7f9b4482f5e302f25c48447ec848bca3bb7a146b55e10ebb7b9013a1ac7a5,a5c7f9b4482f5e302f25c48447ec848bca3bb7a146b55e10ebb7b9013a1ac7a5,detectada
63,D_mmap_close_retardo_100ms,/srv/fim-watch/mmap_D_mmap_close_retardo_100ms_003.bin,2026-10-03T13:13:42.976224+00:00,True,,1,522cfcc8760427b770768421d9821a6407c909b066cd8c6f57762f55317f611e,a5c7f9b4482f5e302f25c48447ec848bca3bb7a146b55e10ebb7b9013a1ac7a5,a5c7f9b4482f5e302f25c48447ec848bca3bb7a146b55e10ebb7b9013a1ac7a5,detectada
64,D_mmap_close_retardo_100ms,/srv/fim-watch/mmap_D_mmap_close_retardo_100ms_004.bin,2026-10-03T13:13:53.090312+00:00,True,,1,522cfcc8760427b770768421d9821a6407c909b066cd8c6f57762f55317f611e,a5c7f9b4482f5e302f25c48447ec848bca3bb7a146b55e10ebb7b9013a1ac7a5,a5c7f9b4482f5e302f25c48447ec848bca3bb7a146b55e10ebb7b9013a1ac7a5,detectada
65,D_mmap_close_retardo_100ms,/srv/fim-watch/mmap_D_mmap_close_retardo_100ms_005.bin,2026-10-03T13:14:03.201463+00:00,True,,1,522cfcc8760427b770768421d9821a6407c909b066cd8c6f57762f55317f611e,a5c7f9b4482f5e302f25c48447ec848bca3bb7a146b55e10ebb7b9013a1ac7a5,a5c7f9b4482f5e302f25c48447ec848bca3bb7a146b55e10ebb7b9013a1ac7a5,detectada
66,D_mmap_close_retardo_100ms,/srv/fim-watch/mmap_D_mmap_close_retardo_100ms_006.bin,2026-10-03T13:14:13.313534+00:00,True,,1,522cfcc8760427b770768421d9821a6407c909b066cd8c6f57762f55317f611e,a5c7f9b4482f5e302f25c48447ec848bca3bb7a146b55e10ebb7b9013a1ac7a5,a5c7f9b4482f5e302f25c48447ec848bca3bb7a146b55e10ebb7b9013a1ac7a5,detectada
67,D_mmap_close_retardo_100ms,/srv/fim-watch/mmap_D_mmap_close_retardo_100ms_007.bin,2026-10-03T13:14:23.430529+00:00,True,,1,522cfcc8760427b770768421d9821a6407c909b066cd8c6f57762f55317f611e,a5c7f9b4482f5e302f25c48447ec848bca3bb7a146b55e10ebb7b9013a1ac7a5,a5c7f9b4482f5e302f25c48447ec848bca3bb7a146b55e10ebb7b9013a1ac7a5,detectada
68,D_mmap_close_retardo_100ms,/srv/fim-watch/mmap_D_mmap_close_retardo_100ms_008.bin,2026-10-03T13:14:33.542164+00:00,True,,1,522cfcc8760427b770768421d9821a6407c909b066cd8c6f57762f55317f611e,a5c7f9b4482f5e302f25c48447ec848bca3bb7a146b55e10ebb7b9013a1ac7a5,a5c7f9b4482f5e302f25c48447ec848bca3bb7a146b55e10ebb7b9013a1ac7a5,detectada
69,D_mmap_close_retardo_100ms,/srv/fim-watch/mmap_D_mmap_close_retardo_100ms_009.bin,2026-10-03T13:14:43.653333+00:00,True,,1,522cfcc8760427b770768421d9821a6407c909b066cd8c6f57762f55317f611e,a5c7f9b4482f5e302f25c48447ec848bca3bb7a146b55e10ebb7b9013a1ac7a5,a5c7f9b4482f5e302f25c48447ec848bca3bb7a146b55e10ebb7b9013a1ac7a5,detectada
70,D_mmap_close_retardo_100ms,/srv/fim-watch/mmap_D_mmap_close_retardo_100ms_010.bin,2026-10-03T13:14:53.769368+00:00,True,,1,522cfcc8760427b770768421d9821a6407c909b066cd8c6f57762f55317f611e,a5c7f9b4482f5e302f25c48447ec848bca3bb7a146b55e10ebb7b9013a1ac7a5,a5c7f9b4482f5e302f25c48447ec848bca3bb7a146b55e10ebb7b9013a1ac7a5,detectada
71,D_mmap_close_retardo_500ms,/srv/fim-watch/mmap_D_mmap_close_retardo_500ms_001.bin,2026-10-03T13:15:03.880379+00:00,True,,1,522cfcc8760427b770768421d9821a6407c909b066cd8c6f57762f55317f611e,a5c7f9b4482f5e302f25c48447ec848bca3bb7a146b55e10ebb7b9013a1ac7a5,a5c7f9b4482f5e302f25c48447ec848bca3bb7a146b55e10ebb7b9013a1ac7a5,detectada
72,D_mmap_close_retardo_500ms,/srv/fim-watch/mmap_D_mmap_close_retardo_500ms_002.bin,2026-10-03T13:15:14.391561+00:00,True,,1,522cfcc8760427b770768421d9821a6407c909b066cd8c6f57762f55317f611e,a5c7f9b4482f5e302f25c48447ec848bca3bb7a146b55e10ebb7b9013a1ac7a5,a5c7f9b4482f5e302f25c48447ec848bca3bb7a146b55e10ebb7b9013a1ac7a5,detectada
73,D_mmap_close_retardo_500ms,/srv/fim-watch/mmap_D_mmap_close_retardo_500ms_003.bin,2026-10-03T13:15:24.904824+00:00,True,,1,522cfcc8760427b770768421d9821a6407c909b066cd8c6f57762f55317f611e,a5c7f9b4482f5e302f25c48447ec848bca3bb7a146b55e10ebb7b9013a1ac7a5,a5c7f9b4482f5e302f25c48447ec848bca3bb7a146b55e10ebb7b9013a1ac7a5,detectada
74,D_mmap_close_retardo_500ms,/srv/fim-watch/mmap_D_mmap_close_retardo_500ms_004.bin,2026-10-03T13:15:35.416323+00:00,True,,1,522cfcc8760427b770768421d9821a6407c909b066cd8c6f57762f55317f611e,a5c7f9b4482f5e302f25c48447ec848bca3bb7a146b55e10ebb7b9013a1ac7a5,a5c7f9b4482f5e302f25c48447ec848bca3bb7a146b55e10ebb7b9013a1ac7a5,detectada
75,D_mmap_close_retardo_500ms,/srv/fim-watch/mmap_D_mmap_close_retardo_500ms_005.bin,2026-10-03T13:15:45.927649+00:00,True,,1,522cfcc8760427b770768421d9821a6407c909b066cd8c6f57762f55317f611e,a5c7f9b4482f5e302f25c48447ec848bca3bb7a146b55e10ebb7b9013a1ac7a5,a5c7f9b4482f5e302f25c48447ec848bca3bb7a146b55e10ebb7b9013a1ac7a5,detectada
76,D_mmap_close_retardo_500ms,/srv/fim-watch/mmap_D_mmap_close_retardo_500ms_006.bin,2026-10-03T13:15:56.441911+00:00,True,,1,522cfcc8760427b770768421d9821a6407c909b066cd8c6f57762f55317f611e,a5c7f9b4482f5e302f25c48447ec848bca3bb7a146b55e10ebb7b9013a1ac7a5,a5c7f9b4482f5e302f25c48447ec848bca3bb7a146b55e10ebb7b9013a1ac7a5,detectada
