seq,operacion,patron,ruta_agente,deteccion_control_esperada,hash_despues,causa,decision,baseline_status,ts_operacion,ts_traza
107,create,simple,/srv/fim-watch/gen_00020.txt,visible,d7a4193f07e5bb067f84880d8aa9fa017e4f852ad03e40b5a6728fce8a98d2a3,matches_active_baseline,suppress,present,2026-09-23T22:56:40.672636+00:00,2026-09-23T22:56:40.674920+00:00
194,modify,revertido,/srv/fim-watch/gen_00033.txt,invisible_revertido,13b1616f092a2e887bb89d5ba42a9fede3a20f6fe9419c50f7f646b8d8d5527f,matches_active_baseline,suppress,present,2026-09-23T22:56:49.372716+00:00,2026-09-23T22:56:49.374448+00:00
226,create,simple,/srv/fim-watch/gen_00042.txt,visible,4e0a6421e44fddf1ae67d6271a9d8d7231b4487275813ef9a5bf1161ebd82a81,matches_active_baseline,suppress,present,2026-09-23T22:56:52.572767+00:00,2026-09-23T22:56:52.575537+00:00
294,create,simple,/srv/fim-watch/critico/gen_00053.txt,visible,65e98ab188b37916e06d4e97904b14f6958f5ed92821fa669814eb91f45b68db,matches_active_baseline,suppress,present,2026-09-23T22:56:59.372778+00:00,2026-09-23T22:56:59.374722+00:00
348,create,simple,/srv/fim-watch/critico/gen_00061.txt,visible,4bacf139866e6b8fca7dbe83fdaa835dd626f98969b13c8c1b1785d316a986da,matches_active_baseline,suppress,present,2026-09-23T22:57:04.773206+00:00,2026-09-23T22:57:04.775875+00:00
498,create,simple,/srv/fim-watch/gen_00096.txt,visible,48e1cff00bb2a94237ed0426a8855178af4409f7fa57264676ab075442c8a163,matches_active_baseline,suppress,present,2026-09-23T22:57:19.773211+00:00,2026-09-23T22:57:19.775606+00:00
511,create,simple,/srv/fim-watch/gen_00098.txt,visible,2a76e0b22020695da9d493fa7812db4e40541be40ab3a6b9ea2ae3f5e35846d6,matches_active_baseline,suppress,present,2026-09-23T22:57:21.073058+00:00,2026-09-23T22:57:21.075660+00:00
534,create,simple,/srv/fim-watch/gen_00102.txt,visible,f0c902258e45891d3d4e95c8892c0e75ea802c170d275ba9faa2209341c5d589,matches_active_baseline,suppress,present,2026-09-23T22:57:23.372764+00:00,2026-09-23T22:57:23.375301+00:00
551,create,simple,/srv/fim-watch/gen_00105.txt,visible,fbc6deb9d08149760a8d379a7c9aa3490d6c158a1f055d4562887c55d9b4fc5f,matches_active_baseline,suppress,present,2026-09-23T22:57:25.072794+00:00,2026-09-23T22:57:25.075747+00:00
565,create,simple,/srv/fim-watch/gen_00106.txt,visible,41ac3b0258b505d0e23a856f953870d62017646708eadb963aafe7717dd9dc46,matches_active_baseline,suppress,present,2026-09-23T22:57:26.472992+00:00,2026-09-23T22:57:26.475545+00:00
614,create,simple,/srv/fim-watch/gen_00114.txt,visible,c18c4f2f58e570727122f4422fa0c758311dbf6364f9478729ef4db27597dd67,matches_active_baseline,suppress,present,2026-09-23T22:57:31.372737+00:00,2026-09-23T22:57:31.375121+00:00
615,create,simple,/srv/fim-watch/gen_00115.txt,visible,3c4be13101048ddd46419db95be552fb10f53fc455eb968f83df12fc1b6d03b4,matches_active_baseline,suppress,present,2026-09-23T22:57:31.472870+00:00,2026-09-23T22:57:31.475146+00:00
640,create,simple,/srv/fim-watch/gen_00122.txt,visible,4deea042dfb1c68600e1ba971afa366ae9ba0f58262a4dfdba632a72dc73bf01,matches_active_baseline,suppress,present,2026-09-23T22:57:33.972623+00:00,2026-09-23T22:57:33.974264+00:00
641,create,simple,/srv/fim-watch/critico/gen_00123.txt,visible,3c9cbcc799f45a482656c226b8d7386d9bb43264b400ad24eaab3ac07da10903,matches_active_baseline,suppress,present,2026-09-23T22:57:34.072695+00:00,2026-09-23T22:57:34.074488+00:00
660,create,simple,/srv/fim-watch/gen_00126.txt,visible,670abf0d5e2542814eb1c962957fafd6b3c5802b086f9ffc60deebe00303077c,matches_active_baseline,suppress,present,2026-09-23T22:57:35.972654+00:00,2026-09-23T22:57:35.974559+00:00
672,create,simple,/srv/fim-watch/critico/gen_00130.txt,visible,d98d3ed9fb988b4dfb64296c21bfccf90672a4c09183b87ca9673777362ee1d2,matches_active_baseline,suppress,present,2026-09-23T22:57:37.173061+00:00,2026-09-23T22:57:37.175430+00:00
712,create,simple,/srv/fim-watch/gen_00136.txt,visible,54f7853ae3f8ad7d072eb9261878527110846487cd783031a110ca34fdb20bcf,matches_active_baseline,suppress,present,2026-09-23T22:57:41.172950+00:00,2026-09-23T22:57:41.176000+00:00
734,create,simple,/srv/fim-watch/gen_00139.txt,visible,ef45639a077122db60ba6417d82e325611475dadd6a2c975cdabd2740f01f8f2,matches_active_baseline,suppress,present,2026-09-23T22:57:43.373204+00:00,2026-09-23T22:57:43.376066+00:00
756,create,simple,/srv/fim-watch/gen_00142.txt,visible,5ea076616853d3e1c7bcd02487198805c64d37cfc1ed5d541f4a2f2cebfb56eb,matches_active_baseline,suppress,present,2026-09-23T22:57:45.572803+00:00,2026-09-23T22:57:45.575261+00:00
809,create,simple,/srv/fim-watch/gen_00149.txt,visible,ead946a575fbbc5356730c527845f95716aa703b5154938cca112e3e878f4a78,matches_active_baseline,suppress,present,2026-09-23T22:57:50.873138+00:00,2026-09-23T22:57:50.875824+00:00
816,create,simple,/srv/fim-watch/gen_00151.txt,visible,6df2a19586c99714521b11471fe62874a4f1d13ad0526aebe4e1b82b36a697e2,matches_active_baseline,suppress,present,2026-09-23T22:57:51.572550+00:00,2026-09-23T22:57:51.574280+00:00
817,create,simple,/srv/fim-watch/gen_00152.txt,visible,7cbd34e2d15a97108d452a39335bf3fdeea72502db63badc703cd8969db0cab9,matches_active_baseline,suppress,present,2026-09-23T22:57:51.672898+00:00,2026-09-23T22:57:51.674738+00:00
819,create,simple,/srv/fim-watch/critico/gen_00153.txt,visible,301f0cbfbe64c48584abd71e4a1c0a68813e37cd0be53a76ae4a1636ee58557e,matches_active_baseline,suppress,present,2026-09-23T22:57:51.873206+00:00,2026-09-23T22:57:51.877274+00:00
827,create,simple,/srv/fim-watch/critico/gen_00156.txt,visible,3a0bffcc8cb827de1b65925efca90d80514444336ec31b97ae81dc4fae183e14,matches_active_baseline,suppress,present,2026-09-23T22:57:52.672617+00:00,2026-09-23T22:57:52.675399+00:00
842,create,simple,/srv/fim-watch/gen_00160.txt,visible,480159515fcdbab94ceabfa72cf1685016ede2aaeb71eab7e722db5a7aa11a61,matches_active_baseline,suppress,present,2026-09-23T22:57:54.172632+00:00,2026-09-23T22:57:54.174233+00:00
869,create,simple,/srv/fim-watch/gen_00163.txt,visible,c7b77817c273b2b8e84e221a8795ca5b67f6351835bb2d8fafb76baf0f1baf56,matches_active_baseline,suppress,present,2026-09-23T22:57:56.873000+00:00,2026-09-23T22:57:56.875424+00:00
873,create,simple,/srv/fim-watch/gen_00165.txt,visible,fd9f89e4fdbda7528ac532a98b79eef8c79cde26b96a9c67401997b6874d488c,matches_active_baseline,suppress,present,2026-09-23T22:57:57.272952+00:00,2026-09-23T22:57:57.275446+00:00
878,create,simple,/srv/fim-watch/gen_00166.txt,visible,8d34618b93e017d4b1a973d0862c4efd575228a68045286f537c5740882498cc,matches_active_baseline,suppress,present,2026-09-23T22:57:57.772923+00:00,2026-09-23T22:57:57.775372+00:00
935,create,simple,/srv/fim-watch/gen_00174.txt,visible,a4a3de6694191f5170d34e92918e6f93a115ac87694c680c3ed051c6dc59576e,matches_active_baseline,suppress,present,2026-09-23T22:58:03.472848+00:00,2026-09-23T22:58:03.475815+00:00
996,create,simple,/srv/fim-watch/critico/gen_00183.txt,visible,e3c6a9e961f92d11c05cac0e761591fff222b851e2517070558fb74787795168,matches_active_baseline,suppress,present,2026-09-23T22:58:09.572829+00:00,2026-09-23T22:58:09.575631+00:00
1004,create,simple,/srv/fim-watch/critico/gen_00184.txt,visible,9808da1b55bf6fbf84e90e9a4c132974f0668e298274048d4c2e69c1d2182d78,matches_active_baseline,suppress,present,2026-09-23T22:58:10.372785+00:00,2026-09-23T22:58:10.375658+00:00
1017,modify,revertido,/srv/fim-watch/gen_00163.txt,invisible_revertido,c7b77817c273b2b8e84e221a8795ca5b67f6351835bb2d8fafb76baf0f1baf56,matches_active_baseline,suppress,present,2026-09-23T22:58:11.672591+00:00,2026-09-23T22:58:11.674765+00:00
1023,create,simple,/srv/fim-watch/gen_00188.txt,visible,97f08fc15a1e2914ae5d062ac13beca89088fba2402f9b813bb344a042858034,matches_active_baseline,suppress,present,2026-09-23T22:58:12.272970+00:00,2026-09-23T22:58:12.275747+00:00
1024,create,simple,/srv/fim-watch/critico/gen_00189.txt,visible,8bb279bd8f04e9e5acb6bb301d6e06ecaed73f5840b84e3ec9feef3bec04ca6c,matches_active_baseline,suppress,present,2026-09-23T22:58:12.373022+00:00,2026-09-23T22:58:12.375765+00:00
1031,create,simple,/srv/fim-watch/critico/gen_00191.txt,visible,bf4ca71589f6f37f64b0ebdd9080fafe19b33cf6176bf502a3d3f9b97a7360dd,matches_active_baseline,suppress,present,2026-09-23T22:58:13.073024+00:00,2026-09-23T22:58:13.075454+00:00
1036,create,simple,/srv/fim-watch/gen_00193.txt,visible,178366c9d8c104adc47da7112275fec5a1bb1ccf0f7f65d9a1e69bd65175095f,matches_active_baseline,suppress,present,2026-09-23T22:58:13.572991+00:00,2026-09-23T22:58:13.575807+00:00
1048,create,simple,/srv/fim-watch/gen_00195.txt,visible,9f730eb27e6a40b330cde459d8b33ce7b5cb31fa3f4f3dd2bce9c12fb14cec77,matches_active_baseline,suppress,present,2026-09-23T22:58:14.773129+00:00,2026-09-23T22:58:14.775509+00:00
1074,create,simple,/srv/fim-watch/gen_00198.txt,visible,8186ba50858732c9664f76e56e0d3d55cffd57916053f08e266f8d67c6b901ef,matches_active_baseline,suppress,present,2026-09-23T22:58:17.372872+00:00,2026-09-23T22:58:17.374463+00:00
1081,create,simple,/srv/fim-watch/gen_00199.txt,visible,d47335fc6c466d761cef87522546f57ee4b2b8bbed2e43dddc8a94914d7d4fbb,matches_active_baseline,suppress,present,2026-09-23T22:58:18.072790+00:00,2026-09-23T22:58:18.074640+00:00
1088,create,simple,/srv/fim-watch/gen_00203.txt,visible,81a7f42eb59aed13de9258fd6a6a15fd38b598c87e9176601310cf72695c021c,matches_active_baseline,suppress,present,2026-09-23T22:58:18.772751+00:00,2026-09-23T22:58:18.774937+00:00
1092,create,simple,/srv/fim-watch/gen_00204.txt,visible,ab79a519e1d39fbe017dbf54b20a9b1eafe6feb847dc0953f9c3ded247841354,matches_active_baseline,suppress,present,2026-09-23T22:58:19.173028+00:00,2026-09-23T22:58:19.175850+00:00
1104,modify,revertido,/srv/fim-watch/gen_00198.txt,invisible_revertido,8186ba50858732c9664f76e56e0d3d55cffd57916053f08e266f8d67c6b901ef,matches_active_baseline,suppress,present,2026-09-23T22:58:20.372896+00:00,2026-09-23T22:58:20.375574+00:00
1114,create,simple,/srv/fim-watch/gen_00207.txt,visible,8430616e03821c3e73f881c8ae73d060fc86f93c40c7ca34da6cb4f6dad73fb7,matches_active_baseline,suppress,present,2026-09-23T22:58:21.372775+00:00,2026-09-23T22:58:21.375541+00:00
1149,create,simple,/srv/fim-watch/gen_00213.txt,visible,aeb9203a01362c1fdda829226cdaceb8364c2315ebea42107894e9b2ab232ac2,matches_active_baseline,suppress,present,2026-09-23T22:58:24.873106+00:00,2026-09-23T22:58:24.874384+00:00
1177,create,simple,/srv/fim-watch/gen_00219.txt,visible,14f5e0b89ee65f009778eecc9c074ccc15f46c0834050b355f91e0da7875b85a,matches_active_baseline,suppress,present,2026-09-23T22:58:27.672647+00:00,2026-09-23T22:58:27.674693+00:00
1203,create,simple,/srv/fim-watch/gen_00221.txt,visible,f03adae78c34add7533c953299b815c4978498dae260ba524cd0c6225ade4657,matches_active_baseline,suppress,present,2026-09-23T22:58:30.272984+00:00,2026-09-23T22:58:30.275440+00:00
1204,create,simple,/srv/fim-watch/critico/gen_00222.txt,visible,519e7226474e7c95cd84262035651242b521ccc9eb8654c753a9370dfc21fd23,matches_active_baseline,suppress,present,2026-09-23T22:58:30.372948+00:00,2026-09-23T22:58:30.377108+00:00
1209,create,simple,/srv/fim-watch/gen_00223.txt,visible,77dddd1e385ce4c18288e0c129daf7a85df39010339dfad054d7bed4a10a0fa7,matches_active_baseline,suppress,present,2026-09-23T22:58:30.872640+00:00,2026-09-23T22:58:30.875147+00:00
1214,create,simple,/srv/fim-watch/gen_00225.txt,visible,bd86d3debb27508b438f9d9deb6612fe8df5e546e634b10735c5358b889d131a,matches_active_baseline,suppress,present,2026-09-23T22:58:31.372803+00:00,2026-09-23T22:58:31.374389+00:00
1216,create,simple,/srv/fim-watch/gen_00226.txt,visible,b19c00949fd0639a8e31b65c4c948009c2d4b4f4e9debc8b5105492f198f27a5,matches_active_baseline,suppress,present,2026-09-23T22:58:31.572884+00:00,2026-09-23T22:58:31.576084+00:00
1228,create,simple,/srv/fim-watch/gen_00228.txt,visible,4dcbe188b5299ce0ab62ab373242a36be827d68f83e0ca250fef274ad694e305,matches_active_baseline,suppress,present,2026-09-23T22:58:32.772629+00:00,2026-09-23T22:58:32.775124+00:00
1244,create,simple,/srv/fim-watch/gen_00231.txt,visible,be063001d11555da0beda24eb6fdd2b2bbeb1e158f80414ac7afe37ee14c76b9,matches_active_baseline,suppress,present,2026-09-23T22:58:34.372765+00:00,2026-09-23T22:58:34.374438+00:00
1248,create,simple,/srv/fim-watch/gen_00232.txt,visible,7648ad19fd418c0cec934d9527ffbd10167f3518ee11d033001e8963a170b885,matches_active_baseline,suppress,present,2026-09-23T22:58:34.772521+00:00,2026-09-23T22:58:34.774989+00:00
1252,create,simple,/srv/fim-watch/gen_00234.txt,visible,228d62d6144cc2449d599f32017748d8dc53601eb009cfbf94337172fcd208fb,matches_active_baseline,suppress,present,2026-09-23T22:58:35.173211+00:00,2026-09-23T22:58:35.175572+00:00
1256,create,simple,/srv/fim-watch/gen_00235.txt,visible,55fe85b881a24b3dc22f763dd9b252d2775534a0819da38544724e86dade3380,matches_active_baseline,suppress,present,2026-09-23T22:58:35.573187+00:00,2026-09-23T22:58:35.575549+00:00
1271,create,simple,/srv/fim-watch/gen_00240.txt,visible,b1d53e6268880870d792454822742f84c749044af15f9114eca0764e00e5061c,matches_active_baseline,suppress,present,2026-09-23T22:58:37.072824+00:00,2026-09-23T22:58:37.077264+00:00
1283,create,simple,/srv/fim-watch/gen_00241.txt,visible,37aea4e9465f3a8fa3ac1047d0e9a5e10e7f47dd641b66c4a2f458cd9ca25b31,matches_active_baseline,suppress,present,2026-09-23T22:58:38.272889+00:00,2026-09-23T22:58:38.275534+00:00
1330,create,simple,/srv/fim-watch/gen_00250.txt,visible,6af810d7bf6e1878e6f82a041b00488e6e22b824a459b47d9676b332d4bebf04,matches_active_baseline,suppress,present,2026-09-23T22:58:42.972537+00:00,2026-09-23T22:58:42.974777+00:00
1333,modify,revertido,/srv/fim-watch/critico/gen_00189.txt,invisible_revertido,8bb279bd8f04e9e5acb6bb301d6e06ecaed73f5840b84e3ec9feef3bec04ca6c,matches_active_baseline,suppress,present,2026-09-23T22:58:43.272896+00:00,2026-09-23T22:58:43.276054+00:00
1337,create,simple,/srv/fim-watch/critico/gen_00251.txt,visible,b8b37fa2287e7f568d5cc5641dfbeb694941a907553d6b622467272096127082,matches_active_baseline,suppress,present,2026-09-23T22:58:43.672807+00:00,2026-09-23T22:58:43.677241+00:00
1341,create,simple,/srv/fim-watch/critico/gen_00253.txt,visible,8ac955eb1176d31eb66668cd419dd92d7d6ca8962eafff88c960ceb826e410a1,matches_active_baseline,suppress,present,2026-09-23T22:58:44.072731+00:00,2026-09-23T22:58:44.074346+00:00
1343,create,simple,/srv/fim-watch/gen_00254.txt,visible,cf9356d66d3ad3ab2fd598e96d8fa10315814a6d791c1670aa963c3bee6bcd87,matches_active_baseline,suppress,present,2026-09-23T22:58:44.273248+00:00,2026-09-23T22:58:44.276157+00:00
1345,create,simple,/srv/fim-watch/gen_00256.txt,visible,2ea0903473022886e90f5e06ae177ce72c02fa747a04ed0fc91628b325c3917b,matches_active_baseline,suppress,present,2026-09-23T22:58:44.473094+00:00,2026-09-23T22:58:44.477496+00:00
1359,create,simple,/srv/fim-watch/critico/gen_00262.txt,visible,22c7663386d80a9b6a57138e31a877d9769e454ac0f45995eb1df52b7e5df7e3,matches_active_baseline,suppress,present,2026-09-23T22:58:45.872478+00:00,2026-09-23T22:58:45.873662+00:00
1360,create,simple,/srv/fim-watch/gen_00263.txt,visible,ceba2e6341c714c76717a0cee02dc6528c150dbd6d5f02b31484352f4c2ced3e,matches_active_baseline,suppress,present,2026-09-23T22:58:45.973058+00:00,2026-09-23T22:58:45.974556+00:00
1365,create,simple,/srv/fim-watch/gen_00266.txt,visible,ba472d71261cb035440d47a7786b8d5d276595bcee71116ebcf08aeef402f7cb,matches_active_baseline,suppress,present,2026-09-23T22:58:46.473229+00:00,2026-09-23T22:58:46.476328+00:00
1373,create,simple,/srv/fim-watch/gen_00268.txt,visible,693f66787646d0e30289bac2d2049b683d96f995cf137f5554a7a79f4bb13f48,matches_active_baseline,suppress,present,2026-09-23T22:58:47.272772+00:00,2026-09-23T22:58:47.275416+00:00
1381,create,simple,/srv/fim-watch/critico/gen_00272.txt,visible,37ed55f028c9216e6ca87b4e35035c8cd8c4e98cfaf98a61901d97d87d3b2487,matches_active_baseline,suppress,present,2026-09-23T22:58:48.073242+00:00,2026-09-23T22:58:48.076324+00:00
1396,modify,revertido,/srv/fim-watch/gen_00268.txt,invisible_revertido,693f66787646d0e30289bac2d2049b683d96f995cf137f5554a7a79f4bb13f48,matches_active_baseline,suppress,present,2026-09-23T22:58:49.573123+00:00,2026-09-23T22:58:49.576532+00:00
1397,create,simple,/srv/fim-watch/gen_00274.txt,visible,99fc6090c0cea3e1415db30dc216e5937334a351c808a42d6acd3c023dc767a7,matches_active_baseline,suppress,present,2026-09-23T22:58:49.672530+00:00,2026-09-23T22:58:49.674539+00:00
1440,create,simple,/srv/fim-watch/gen_00279.txt,visible,83557a8e6037c1185c327e71aff3d495dcdfc104864d383c604d612050be9707,matches_active_baseline,suppress,present,2026-09-23T22:58:53.972983+00:00,2026-09-23T22:58:53.975940+00:00
1441,create,simple,/srv/fim-watch/critico/gen_00280.txt,visible,794adbe5b26523bed9313519c14198e0b52f7f21a03cd22e596bfdac01a2ca35,matches_active_baseline,suppress,present,2026-09-23T22:58:54.072800+00:00,2026-09-23T22:58:54.074935+00:00
1459,create,simple,/srv/fim-watch/gen_00284.txt,visible,91cb6737b56a2c8523e40c057ead9d06e414d5eb99eb5f8a53410da7e53ba9cb,matches_active_baseline,suppress,present,2026-09-23T22:58:55.872634+00:00,2026-09-23T22:58:55.875545+00:00
1465,create,simple,/srv/fim-watch/gen_00285.txt,visible,4e1a2f2d0249abe723f8a81bb37683833051d35ab4b8708befc2451916b63f9d,matches_active_baseline,suppress,present,2026-09-23T22:58:56.473207+00:00,2026-09-23T22:58:56.476217+00:00
1471,create,simple,/srv/fim-watch/gen_00286.txt,visible,9d414cc78f7ad068bfd47d86b66da1c9566739d6b551deaa29cb98d177476cfe,matches_active_baseline,suppress,present,2026-09-23T22:58:57.072403+00:00,2026-09-23T22:58:57.074297+00:00
1489,create,simple,/srv/fim-watch/critico/gen_00288.txt,visible,cdb5f55bad03053491d7e6459235a50b74e9c73214c55ae1a14eb63f83fe15c3,matches_active_baseline,suppress,present,2026-09-23T22:58:58.873054+00:00,2026-09-23T22:58:58.879650+00:00
1501,create,simple,/srv/fim-watch/gen_00290.txt,visible,0ce1325e6872c2d333d8d4638d2c02a38736d218c84bc81a2dad5b5c8b66d6da,matches_active_baseline,suppress,present,2026-09-23T22:59:00.072942+00:00,2026-09-23T22:59:00.075408+00:00
1503,create,simple,/srv/fim-watch/gen_00291.txt,visible,b7a7f7cdfc16eac995f34e59715238b605696b71f1f880dde22e38ff558d5ae8,matches_active_baseline,suppress,present,2026-09-23T22:59:00.272913+00:00,2026-09-23T22:59:00.275716+00:00
1522,modify,revertido,/srv/fim-watch/gen_00225.txt,invisible_revertido,bd86d3debb27508b438f9d9deb6612fe8df5e546e634b10735c5358b889d131a,matches_active_baseline,suppress,present,2026-09-23T22:59:02.173142+00:00,2026-09-23T22:59:02.175827+00:00
1524,create,simple,/srv/fim-watch/gen_00293.txt,visible,b8a4db14fa8a24b1313aa522ca0412fb3facce58af293bd5e845e6d7942cd718,matches_active_baseline,suppress,present,2026-09-23T22:59:02.372765+00:00,2026-09-23T22:59:02.375997+00:00
1534,create,simple,/srv/fim-watch/gen_00298.txt,visible,e6efe49f85bb8c4bb9ee4cc32072b3aa5a41c88f46f05a460b90b4254729213f,matches_active_baseline,suppress,present,2026-09-23T22:59:03.372500+00:00,2026-09-23T22:59:03.374857+00:00
1536,create,simple,/srv/fim-watch/gen_00299.txt,visible,0084b0a55d0aa4cd6bf19dfb3d7bc98e9d036994a39ae10734f66911f5eba9f8,matches_active_baseline,suppress,present,2026-09-23T22:59:03.572608+00:00,2026-09-23T22:59:03.574122+00:00
1558,modify,simple,/srv/fim-watch/gen_00134.txt,visible,c0f630ce99867e81eb53b39a7d54862b3480b9d5f1fed166890643ade8db1821,matches_active_baseline,suppress,present,2026-09-23T22:59:05.773361+00:00,2026-09-23T22:59:05.776102+00:00
1559,create,simple,/srv/fim-watch/gen_00302.txt,visible,ad03e508c6a159a9ee62a90c13cc2cc0e6b0eb9f89b17034753b767d900c99e1,matches_active_baseline,suppress,present,2026-09-23T22:59:05.873067+00:00,2026-09-23T22:59:05.875361+00:00
1568,create,simple,/srv/fim-watch/gen_00303.txt,visible,1ee3f9bb8377ce6193412d87dd7fafefb9075e162c75090d947579b115990517,matches_active_baseline,suppress,present,2026-09-23T22:59:06.772781+00:00,2026-09-23T22:59:06.775810+00:00
1570,create,simple,/srv/fim-watch/critico/gen_00304.txt,visible,511f4cf4db59267f67a1b252cab31a04bebb67b13956c08286ca8e86417f6709,matches_active_baseline,suppress,present,2026-09-23T22:59:06.972985+00:00,2026-09-23T22:59:06.975525+00:00
1573,create,simple,/srv/fim-watch/gen_00305.txt,visible,eaece5cf119305495f1228d9a24baaec18e07e8ec6e115104169c4ec2fe5b42a,matches_active_baseline,suppress,present,2026-09-23T22:59:07.272783+00:00,2026-09-23T22:59:07.275371+00:00
1577,modify,revertido,/srv/fim-watch/gen_00207.txt,invisible_revertido,8430616e03821c3e73f881c8ae73d060fc86f93c40c7ca34da6cb4f6dad73fb7,matches_active_baseline,suppress,present,2026-09-23T22:59:07.672865+00:00,2026-09-23T22:59:07.675769+00:00
1584,modify,revertido,/srv/fim-watch/gen_00285.txt,invisible_revertido,4e1a2f2d0249abe723f8a81bb37683833051d35ab4b8708befc2451916b63f9d,matches_active_baseline,suppress,present,2026-09-23T22:59:08.372888+00:00,2026-09-23T22:59:08.375504+00:00
1598,create,simple,/srv/fim-watch/gen_00308.txt,visible,f60e39bc937232a181a231705c66958a33f937ea75c480657000c71be6e331a0,matches_active_baseline,suppress,present,2026-09-23T22:59:09.772470+00:00,2026-09-23T22:59:09.775062+00:00
1602,create,simple,/srv/fim-watch/gen_00309.txt,visible,c08fa9be6bbffd63d21c806e12dda5c13942a51baa8a2c8c19e7e0f21fe6c2a5,matches_active_baseline,suppress,present,2026-09-23T22:59:10.173211+00:00,2026-09-23T22:59:10.175768+00:00
1607,create,simple,/srv/fim-watch/critico/gen_00312.txt,visible,5128863985ed02cbf7a6afcf35f79e39c197efdfe7d5deb2f342a39d71d6d2c7,matches_active_baseline,suppress,present,2026-09-23T22:59:10.672777+00:00,2026-09-23T22:59:10.677083+00:00
1622,create,simple,/srv/fim-watch/gen_00313.txt,visible,ead99d3b5e140d3957b04731a6ae9b8e3c481527a55df016a07120f4f48638a4,matches_active_baseline,suppress,present,2026-09-23T22:59:12.172800+00:00,2026-09-23T22:59:12.175116+00:00
1626,create,simple,/srv/fim-watch/gen_00315.txt,visible,720389c0f56e20e4169f03cecd2e42489e1dc0486aea5a99d343b5ba72b25f91,matches_active_baseline,suppress,present,2026-09-23T22:59:12.573034+00:00,2026-09-23T22:59:12.575881+00:00
1627,create,simple,/srv/fim-watch/gen_00316.txt,visible,8342dc9c9241f54d67c3bd87351002f85de8d97b6ea7eff3473ecc5e18868df7,matches_active_baseline,suppress,present,2026-09-23T22:59:12.672646+00:00,2026-09-23T22:59:12.675110+00:00
1646,create,simple,/srv/fim-watch/gen_00321.txt,visible,b4cc0c295935e78dba529724b8cadcec3a636d6cb63963f81b2e95b02d1844a7,matches_active_baseline,suppress,present,2026-09-23T22:59:14.572797+00:00,2026-09-23T22:59:14.575216+00:00
1648,create,simple,/srv/fim-watch/critico/gen_00322.txt,visible,aa67233369032792c5be9d8c1a87cf049b6fda840447f26a85d17ac0b4de4567,matches_active_baseline,suppress,present,2026-09-23T22:59:14.773193+00:00,2026-09-23T22:59:14.775632+00:00
1659,create,simple,/srv/fim-watch/gen_00326.txt,visible,79bd7ea9a5dedac390890e9a6423e4b1176df0c1c99f231a1f974c64a3d72c92,matches_active_baseline,suppress,present,2026-09-23T22:59:15.872497+00:00,2026-09-23T22:59:15.874303+00:00
1672,create,simple,/srv/fim-watch/gen_00329.txt,visible,d357ffc9458430857f2b400ab07bc84e4118a43c29f7a8be57993574ae47c543,matches_active_baseline,suppress,present,2026-09-23T22:59:17.173404+00:00,2026-09-23T22:59:17.176079+00:00
1677,create,simple,/srv/fim-watch/critico/gen_00330.txt,visible,923115c5b9500392327d315126864edb7e4cd5d30a394d43a9323c71afc69939,matches_active_baseline,suppress,present,2026-09-23T22:59:17.672948+00:00,2026-09-23T22:59:17.676011+00:00
1694,create,simple,/srv/fim-watch/critico/gen_00332.txt,visible,43b969d2643686ff21ea4046d36c1cb0afed6cbb3f6c3f6f1b30e946fb61e9dd,matches_active_baseline,suppress,present,2026-09-23T22:59:19.372833+00:00,2026-09-23T22:59:19.376195+00:00
1726,create,simple,/srv/fim-watch/critico/gen_00336.txt,visible,def022e3908d9f4539eb018b5b25efab49799a5da2f8facf7d7242db93410a32,matches_active_baseline,suppress,present,2026-09-23T22:59:22.573034+00:00,2026-09-23T22:59:22.575806+00:00
1740,create,simple,/srv/fim-watch/gen_00339.txt,visible,55caaa61aa81d7bc3039e8dc7ec7e00da0859d422e8d21dd833c65c31b2b6262,matches_active_baseline,suppress,present,2026-09-23T22:59:23.973104+00:00,2026-09-23T22:59:23.976020+00:00
1766,create,simple,/srv/fim-watch/critico/gen_00343.txt,visible,e2b88038cd67447f3787006017c44bb4cf847eecf2e7eb5f5619ac132ca7540c,matches_active_baseline,suppress,present,2026-09-23T22:59:26.573225+00:00,2026-09-23T22:59:26.575664+00:00
1791,create,simple,/srv/fim-watch/gen_00346.txt,visible,a43ad15de15e2247ed9101b9d9c92a51ea596d058783d55bb543f8a2e18cda3b,matches_active_baseline,suppress,present,2026-09-23T22:59:29.072986+00:00,2026-09-23T22:59:29.075938+00:00
1796,create,simple,/srv/fim-watch/critico/gen_00347.txt,visible,2d5cf56c14b0de16ca822b16ddd7d6da81479de315ca11d8facc08e855d62f32,matches_active_baseline,suppress,present,2026-09-23T22:59:29.573229+00:00,2026-09-23T22:59:29.576817+00:00
1803,create,simple,/srv/fim-watch/gen_00350.txt,visible,02242dd257094483890eb96f1de5543bd917350e448548e427e9430cfdac125c,matches_active_baseline,suppress,present,2026-09-23T22:59:30.272762+00:00,2026-09-23T22:59:30.275407+00:00
1809,create,simple,/srv/fim-watch/critico/gen_00351.txt,visible,bd66ed263967c1f04ff12bd72e046f76ba83c2b5a990de6dbaf2fbac238d44de,matches_active_baseline,suppress,present,2026-09-23T22:59:30.873177+00:00,2026-09-23T22:59:30.875867+00:00
1810,create,simple,/srv/fim-watch/gen_00352.txt,visible,c833ecedfded2c3b3ae99f659a17a5d29e6d70a47484223297d3f5f1a0efe838,matches_active_baseline,suppress,present,2026-09-23T22:59:30.972663+00:00,2026-09-23T22:59:30.975266+00:00
1812,create,simple,/srv/fim-watch/critico/gen_00353.txt,visible,c75c0b52c1fac14508753f47dad7437da57425c156467e809ed2990c774448e5,matches_active_baseline,suppress,present,2026-09-23T22:59:31.172790+00:00,2026-09-23T22:59:31.175622+00:00
1823,create,simple,/srv/fim-watch/critico/gen_00354.txt,visible,b63e8869d8d061e8ae21e847fe2ef946d28d7c224274b8050e6ad935ea8033b6,matches_active_baseline,suppress,present,2026-09-23T22:59:32.272783+00:00,2026-09-23T22:59:32.275755+00:00
1835,create,simple,/srv/fim-watch/gen_00355.txt,visible,114b261c150dcde5550ef69131e3c0a3208fe5021dd2225e1f0bc73ba08cf552,matches_active_baseline,suppress,present,2026-09-23T22:59:33.472469+00:00,2026-09-23T22:59:33.475195+00:00
1839,create,simple,/srv/fim-watch/gen_00358.txt,visible,0a29c1455edea9b8738c22817913d2dc1b713fc39b7fb8f459c74dbbcdf4e2ac,matches_active_baseline,suppress,present,2026-09-23T22:59:33.872407+00:00,2026-09-23T22:59:33.874739+00:00
1840,create,simple,/srv/fim-watch/gen_00359.txt,visible,a18ed1bd0ab0dec4acda04bf825b6e78a0bddfe9b4acc4c25f3a346d12a3807d,matches_active_baseline,suppress,present,2026-09-23T22:59:33.972516+00:00,2026-09-23T22:59:33.974506+00:00
1847,create,simple,/srv/fim-watch/critico/gen_00361.txt,visible,823a4b6640f5e13df783007e6d6520d72e32e764da19a9ad591251cbd5c120cf,matches_active_baseline,suppress,present,2026-09-23T22:59:34.672542+00:00,2026-09-23T22:59:34.674510+00:00
1855,modify,revertido,/srv/fim-watch/gen_00329.txt,invisible_revertido,d357ffc9458430857f2b400ab07bc84e4118a43c29f7a8be57993574ae47c543,matches_active_baseline,suppress,present,2026-09-23T22:59:35.472900+00:00,2026-09-23T22:59:35.475416+00:00
1862,create,simple,/srv/fim-watch/gen_00364.txt,visible,081f7861875cb9fa4ea435fdf3275c970866ce31e4973985dce030092879b0f0,matches_active_baseline,suppress,present,2026-09-23T22:59:36.173067+00:00,2026-09-23T22:59:36.175861+00:00
1869,create,simple,/srv/fim-watch/gen_00365.txt,visible,08745e63bf295a54ed86713d11e23e652e9ef5f47409fdaa8a1c8a40e23555d4,matches_active_baseline,suppress,present,2026-09-23T22:59:36.872861+00:00,2026-09-23T22:59:36.875463+00:00
1876,create,simple,/srv/fim-watch/gen_00367.txt,visible,707e60bae5f35ba9acb4105b4b157de7241bddd58848c585ee14e03b8abcb80f,matches_active_baseline,suppress,present,2026-09-23T22:59:37.573307+00:00,2026-09-23T22:59:37.576256+00:00
1883,create,simple,/srv/fim-watch/critico/gen_00369.txt,visible,712f1ee9755c152800d9e26e73a3bd508960694f3bc0a8cf5fdddf6bdae7fba4,matches_active_baseline,suppress,present,2026-09-23T22:59:38.272538+00:00,2026-09-23T22:59:38.274439+00:00
1885,create,simple,/srv/fim-watch/gen_00370.txt,visible,42e810f1629f3cce466d4a45067965bbe110b7356748b0fce77375539eb23c6d,matches_active_baseline,suppress,present,2026-09-23T22:59:38.472793+00:00,2026-09-23T22:59:38.475415+00:00
1915,create,simple,/srv/fim-watch/gen_00377.txt,visible,7bc7060685eddda12e645dcc6360aaf4319f66cfe0e0515fd5a6c87c712a03ba,matches_active_baseline,suppress,present,2026-09-23T22:59:41.473182+00:00,2026-09-23T22:59:41.475368+00:00
1921,create,simple,/srv/fim-watch/critico/gen_00379.txt,visible,920198177e9d8bf0cafd657cbd21078be0bc2a27963ebe6b15ded3892f5b53bb,matches_active_baseline,suppress,present,2026-09-23T22:59:42.073031+00:00,2026-09-23T22:59:42.075975+00:00
1939,modify,revertido,/srv/fim-watch/gen_00134.txt,invisible_revertido,c0f630ce99867e81eb53b39a7d54862b3480b9d5f1fed166890643ade8db1821,matches_active_baseline,suppress,present,2026-09-23T22:59:43.873087+00:00,2026-09-23T22:59:43.875923+00:00
1940,create,simple,/srv/fim-watch/gen_00381.txt,visible,fdd4346918c9700d8c590aa8fa5d501bb8d2f1ef993993a11c3cc85ec442e4d9,matches_active_baseline,suppress,present,2026-09-23T22:59:43.973077+00:00,2026-09-23T22:59:43.975505+00:00
1945,create,simple,/srv/fim-watch/gen_00383.txt,visible,a08ced9da79b2cf2c09643244bf3e481d837fca77e8f547930f8f5e00ddd3546,matches_active_baseline,suppress,present,2026-09-23T22:59:44.472829+00:00,2026-09-23T22:59:44.477159+00:00
1947,create,simple,/srv/fim-watch/gen_00384.txt,visible,6c9a3541cb9872c35df3c870439324d05ef1efa6666194a0af9edc21cc1bc81a,matches_active_baseline,suppress,present,2026-09-23T22:59:44.673069+00:00,2026-09-23T22:59:44.675568+00:00
1954,create,simple,/srv/fim-watch/gen_00385.txt,visible,baa5b58816db1105277534a9b16cf77fc0349c190a2c4b19b208bee5ca7e8a1d,matches_active_baseline,suppress,present,2026-09-23T22:59:45.372716+00:00,2026-09-23T22:59:45.375372+00:00
1955,create,simple,/srv/fim-watch/gen_00386.txt,visible,9d49690e2dc519e79372dec629b19accee8d263bf66fc49e79d793fe8c1d4b8d,matches_active_baseline,suppress,present,2026-09-23T22:59:45.472759+00:00,2026-09-23T22:59:45.474946+00:00
1962,create,simple,/srv/fim-watch/gen_00387.txt,visible,1df9aed03491735f15838946286466603b3be2038f8423bb5b7503612cd04a1a,matches_active_baseline,suppress,present,2026-09-23T22:59:46.173272+00:00,2026-09-23T22:59:46.175321+00:00
1964,create,simple,/srv/fim-watch/gen_00388.txt,visible,d9784631ae99e30a65e4281a31235a5238d893e9da91173bd07729e30663afba,matches_active_baseline,suppress,present,2026-09-23T22:59:46.372498+00:00,2026-09-23T22:59:46.374901+00:00
1968,create,simple,/srv/fim-watch/gen_00389.txt,visible,9c7156b5a4c1502d51e50ccbef739e96b344c15cea979d4cfde2e05c1e181cc1,matches_active_baseline,suppress,present,2026-09-23T22:59:46.772385+00:00,2026-09-23T22:59:46.774508+00:00
1994,create,simple,/srv/fim-watch/critico/gen_00391.txt,visible,68c90111e250576eb1cc13c904ed95b6a8fb4f9f6e92a89e4019fa9f89a39da1,matches_active_baseline,suppress,present,2026-09-23T22:59:49.372810+00:00,2026-09-23T22:59:49.374717+00:00
1995,create,simple,/srv/fim-watch/critico/gen_00392.txt,visible,54351e4c0454573cc0cec1345fe3696e435b0106d5d0d1785c83ab1acb64f6e3,matches_active_baseline,suppress,present,2026-09-23T22:59:49.473115+00:00,2026-09-23T22:59:49.476166+00:00
2016,create,simple,/srv/fim-watch/gen_00396.txt,visible,0966bc975d43b938102cd7d18a2a7c350e7cdf49888c76eae9420729400ac795,matches_active_baseline,suppress,present,2026-09-23T22:59:51.573267+00:00,2026-09-23T22:59:51.586377+00:00
2022,modify,revertido,/srv/fim-watch/gen_00316.txt,invisible_revertido,8342dc9c9241f54d67c3bd87351002f85de8d97b6ea7eff3473ecc5e18868df7,matches_active_baseline,suppress,present,2026-09-23T22:59:52.172854+00:00,2026-09-23T22:59:52.175656+00:00
2024,create,simple,/srv/fim-watch/gen_00397.txt,visible,c721ed7ee72a39c9a570379607905201d1c6163d481439647f5353c4792c54a3,matches_active_baseline,suppress,present,2026-09-23T22:59:52.373028+00:00,2026-09-23T22:59:52.378385+00:00
2025,create,simple,/srv/fim-watch/critico/gen_00398.txt,visible,1d1a10c3dede3fd3d7a04df96c7890c5d4f259101c9071872398db1eaa444a0b,matches_active_baseline,suppress,present,2026-09-23T22:59:52.473108+00:00,2026-09-23T22:59:52.475545+00:00
2035,create,simple,/srv/fim-watch/gen_00400.txt,visible,e56f84a7d49cbd06eac22bf9c5dca2d001ea72ce50fb3c7f0068398091e27082,matches_active_baseline,suppress,present,2026-09-23T22:59:53.472432+00:00,2026-09-23T22:59:53.474587+00:00
2036,create,simple,/srv/fim-watch/gen_00401.txt,visible,7cc77f3dd8ffaf59ce3d57edb8229c99896b998482b5acf26be98b5758d87917,matches_active_baseline,suppress,present,2026-09-23T22:59:53.572412+00:00,2026-09-23T22:59:53.574382+00:00
2038,create,simple,/srv/fim-watch/gen_00403.txt,visible,163c8dd55395fe58c8ece13419ad2b7464bbc1d30cbadc5287c1cfbc02b2c53a,matches_active_baseline,suppress,present,2026-09-23T22:59:53.772415+00:00,2026-09-23T22:59:53.774241+00:00
2042,create,simple,/srv/fim-watch/gen_00404.txt,visible,e3640f4de6bb0256316540c509a4d3ee67907f7b62ff49535e4f992c3b45c841,matches_active_baseline,suppress,present,2026-09-23T22:59:54.173078+00:00,2026-09-23T22:59:54.174738+00:00
2043,create,simple,/srv/fim-watch/gen_00405.txt,visible,05d011aab1e42d463df5291d0a7c5c6994095f4a8ea7116faa68bd2349555fbe,matches_active_baseline,suppress,present,2026-09-23T22:59:54.272760+00:00,2026-09-23T22:59:54.275543+00:00
2059,create,simple,/srv/fim-watch/gen_00406.txt,visible,76283c44c77b84391a27ad99f58787ff71477745b09adacc648224fa2b6d1656,matches_active_baseline,suppress,present,2026-09-23T22:59:55.873396+00:00,2026-09-23T22:59:55.876251+00:00
2067,modify,simple,/srv/fim-watch/critico/gen_00310.txt,visible,21427c4edf80757335952908cb184ffbabe5c3cd76345711951f4daced153789,matches_active_baseline,suppress,present,2026-09-23T22:59:56.672753+00:00,2026-09-23T22:59:56.674137+00:00
2079,create,simple,/srv/fim-watch/critico/gen_00409.txt,visible,8f5752eea74f14b289cb6e38a9c37809cdbd4638ee324be0d7805fd626043ff1,matches_active_baseline,suppress,present,2026-09-23T22:59:57.872800+00:00,2026-09-23T22:59:57.875430+00:00
2082,create,simple,/srv/fim-watch/gen_00410.txt,visible,953978be27782944fe40043f249a8b668328b80f602a142268cb9c937205ee91,matches_active_baseline,suppress,present,2026-09-23T22:59:58.173326+00:00,2026-09-23T22:59:58.177063+00:00
2089,create,simple,/srv/fim-watch/gen_00412.txt,visible,136826dcd5f8eae838ef9a48d8dca5e09daa20be913dbb3bf5970025753e7da1,matches_active_baseline,suppress,present,2026-09-23T22:59:58.873205+00:00,2026-09-23T22:59:58.876083+00:00
2096,create,simple,/srv/fim-watch/critico/gen_00414.txt,visible,68134a2e5d07768c87905053d98f71f5246a92a9e6fc9787955b802715becd4e,matches_active_baseline,suppress,present,2026-09-23T22:59:59.572556+00:00,2026-09-23T22:59:59.573923+00:00
2099,create,simple,/srv/fim-watch/critico/gen_00415.txt,visible,8564188a105bc712eac35a953246fc604c4a3ca2145281687d4345de75fea8ad,matches_active_baseline,suppress,present,2026-09-23T22:59:59.872650+00:00,2026-09-23T22:59:59.874999+00:00
2101,create,simple,/srv/fim-watch/gen_00416.txt,visible,6be5f841c14d618bef010c41cfcb1f9c487a85fc54c9e404a251b58ac8710b25,matches_active_baseline,suppress,present,2026-09-23T23:00:00.072385+00:00,2026-09-23T23:00:00.074313+00:00
2103,create,simple,/srv/fim-watch/gen_00417.txt,visible,14da09585ad7ce1b1bd41193babcd279f7ad177f130dff997999703476ae319d,matches_active_baseline,suppress,present,2026-09-23T23:00:00.272466+00:00,2026-09-23T23:00:00.274135+00:00
2104,create,simple,/srv/fim-watch/gen_00418.txt,visible,3008f1aabb187ff837e286b9b9f0a5a9d58dea2deaec2c5450e60d1ccbd7e3c9,matches_active_baseline,suppress,present,2026-09-23T23:00:00.372499+00:00,2026-09-23T23:00:00.374366+00:00
2110,create,simple,/srv/fim-watch/gen_00419.txt,visible,dd8dfcc1f7001b4f06b84eb258f9b56e8399b1c3bebca97cd9c013374cbd4801,matches_active_baseline,suppress,present,2026-09-23T23:00:00.972827+00:00,2026-09-23T23:00:00.975215+00:00
2120,create,simple,/srv/fim-watch/gen_00421.txt,visible,488534f0bbdd230e86147224258d1abbbcbeb203dbf33064154084d860793d8d,matches_active_baseline,suppress,present,2026-09-23T23:00:01.973046+00:00,2026-09-23T23:00:01.975536+00:00
2121,create,simple,/srv/fim-watch/gen_00422.txt,visible,1a18d0b60377fade265d362bede1e0f7e8dc1030b1fdf1cdf7872c65348a2998,matches_active_baseline,suppress,present,2026-09-23T23:00:02.072632+00:00,2026-09-23T23:00:02.074902+00:00
2129,create,simple,/srv/fim-watch/gen_00424.txt,visible,6fd165d3783605b2125615bc6978e8316d0df0af634bc6b6467788e37249199c,matches_active_baseline,suppress,present,2026-09-23T23:00:02.873135+00:00,2026-09-23T23:00:02.875652+00:00
2139,create,simple,/srv/fim-watch/gen_00425.txt,visible,d6542a42716ccc4da2e5f48805a4b69cc9cc373f115013d3c452c4e5abde960d,matches_active_baseline,suppress,present,2026-09-23T23:00:03.872922+00:00,2026-09-23T23:00:03.877045+00:00
2140,create,simple,/srv/fim-watch/gen_00426.txt,visible,d5234cbbbbd528b181229089a19ab597474a189379e5418d8c17a4e6a188475c,matches_active_baseline,suppress,present,2026-09-23T23:00:03.972622+00:00,2026-09-23T23:00:03.975368+00:00
2151,create,simple,/srv/fim-watch/critico/gen_00428.txt,visible,34831632d410486dad8d24a3ee88d1179aa77ab8a38ce50d17791b5c6a09112f,matches_active_baseline,suppress,present,2026-09-23T23:00:05.072661+00:00,2026-09-23T23:00:05.075213+00:00
2152,create,simple,/srv/fim-watch/gen_00429.txt,visible,6f9fa876df0b5c07bfe32be3e010cf147ededfb397f7e8c811d50521fd99fcac,matches_active_baseline,suppress,present,2026-09-23T23:00:05.173032+00:00,2026-09-23T23:00:05.175751+00:00
2166,create,simple,/srv/fim-watch/gen_00431.txt,visible,a6035b8a968125a2d2c82bf77a280bf2e809c6b74b2d03a71bd8a5f2ab009586,matches_active_baseline,suppress,present,2026-09-23T23:00:06.572393+00:00,2026-09-23T23:00:06.574621+00:00
2174,create,simple,/srv/fim-watch/gen_00434.txt,visible,8b67808bc0bfaccd20bec3e8b16516874e6a4130607a20fc11e47e61cdfa2e6b,matches_active_baseline,suppress,present,2026-09-23T23:00:07.372423+00:00,2026-09-23T23:00:07.375226+00:00
2176,create,simple,/srv/fim-watch/gen_00435.txt,visible,08dc7279bd20484f35b63c0569395aaa3656e4d48948a191492662ca3e95eec0,matches_active_baseline,suppress,present,2026-09-23T23:00:07.572972+00:00,2026-09-23T23:00:07.575491+00:00
2177,create,simple,/srv/fim-watch/gen_00436.txt,visible,852269220a14bcf4853d2ffd2da06ab9b0157730d3ace7c48a2c7044f5fd70f4,matches_active_baseline,suppress,present,2026-09-23T23:00:07.672832+00:00,2026-09-23T23:00:07.675079+00:00
2178,create,simple,/srv/fim-watch/critico/gen_00437.txt,visible,73e0d932343f3418020bd19d1192485b153dc170e27748f46072a8c73d9160e4,matches_active_baseline,suppress,present,2026-09-23T23:00:07.773064+00:00,2026-09-23T23:00:07.775487+00:00
2181,create,simple,/srv/fim-watch/critico/gen_00438.txt,visible,4bf0dabba76b58a24927c8be49865ed81e6a4917aa4ab4166ebb3fd1947692bb,matches_active_baseline,suppress,present,2026-09-23T23:00:08.072836+00:00,2026-09-23T23:00:08.075731+00:00
2183,create,simple,/srv/fim-watch/gen_00439.txt,visible,1a0f49931528978ae5bde75ce7cd5362b989c9a607c254864a92f49ac6857d9f,matches_active_baseline,suppress,present,2026-09-23T23:00:08.272734+00:00,2026-09-23T23:00:08.275840+00:00
2185,modify,revertido,/srv/fim-watch/gen_00403.txt,invisible_revertido,163c8dd55395fe58c8ece13419ad2b7464bbc1d30cbadc5287c1cfbc02b2c53a,matches_active_baseline,suppress,present,2026-09-23T23:00:08.472777+00:00,2026-09-23T23:00:08.475264+00:00
2199,create,simple,/srv/fim-watch/gen_00440.txt,visible,9eacb67e817e414484e83e004214c3e3eae1505f9f46baaec19035d2955d0ed6,matches_active_baseline,suppress,present,2026-09-23T23:00:09.873054+00:00,2026-09-23T23:00:09.876026+00:00
2206,create,simple,/srv/fim-watch/gen_00441.txt,visible,5af2947ebdd5629ed08b76e8c9b9ae038e78ceb2020ca0246e832d603b259416,matches_active_baseline,suppress,present,2026-09-23T23:00:10.572910+00:00,2026-09-23T23:00:10.577913+00:00
2207,create,simple,/srv/fim-watch/gen_00442.txt,visible,d65765b9e1e15460f6471616705fa9386bc8612855c1235463fd5803b43ac1d2,matches_active_baseline,suppress,present,2026-09-23T23:00:10.672745+00:00,2026-09-23T23:00:10.675390+00:00
2214,create,simple,/srv/fim-watch/gen_00443.txt,visible,5529bdb4b68f1a4c5078fdf76f34b42542987b41fabc43b05217594155792571,matches_active_baseline,suppress,present,2026-09-23T23:00:11.373050+00:00,2026-09-23T23:00:11.375880+00:00
2218,modify,revertido,/srv/fim-watch/critico/gen_00322.txt,invisible_revertido,aa67233369032792c5be9d8c1a87cf049b6fda840447f26a85d17ac0b4de4567,matches_active_baseline,suppress,present,2026-09-23T23:00:11.772873+00:00,2026-09-23T23:00:11.775754+00:00
2221,create,simple,/srv/fim-watch/critico/gen_00444.txt,visible,b5c167973bb70e40caca74dcc9f307e892709df2311876550dc99ec9e6c7f6ab,matches_active_baseline,suppress,present,2026-09-23T23:00:12.072876+00:00,2026-09-23T23:00:12.075702+00:00
2226,create,simple,/srv/fim-watch/gen_00445.txt,visible,960d1929a7eb4ee91f4f8059ad1b3d327e11293b51dd8a16e704950634efb5dc,matches_active_baseline,suppress,present,2026-09-23T23:00:12.572392+00:00,2026-09-23T23:00:12.574469+00:00
2229,create,simple,/srv/fim-watch/gen_00446.txt,visible,3b30276c59b9a777b8cfd09f1cb55a38349353345a5e783b01ab7f67e870c86d,matches_active_baseline,suppress,present,2026-09-23T23:00:12.872589+00:00,2026-09-23T23:00:12.875665+00:00
2255,modify,revertido,/srv/fim-watch/gen_00346.txt,invisible_revertido,a43ad15de15e2247ed9101b9d9c92a51ea596d058783d55bb543f8a2e18cda3b,matches_active_baseline,suppress,present,2026-09-23T23:00:15.472769+00:00,2026-09-23T23:00:15.475635+00:00
2258,create,simple,/srv/fim-watch/gen_00448.txt,visible,e9fc696e3958cd5e69e7874b1746c8b8a284cc7a8f4aea95fb72a1f7d3a5207f,matches_active_baseline,suppress,present,2026-09-23T23:00:15.773096+00:00,2026-09-23T23:00:15.775397+00:00
2259,create,simple,/srv/fim-watch/gen_00449.txt,visible,a8480374bd10bbcecff8ffc3a7093480c8973facf96ed38a2d33131467046e85,matches_active_baseline,suppress,present,2026-09-23T23:00:15.873311+00:00,2026-09-23T23:00:15.875842+00:00
2266,create,simple,/srv/fim-watch/gen_00450.txt,visible,268141c6f169a49edb236ee746cac1ddac914078f64cfffaa7999d697c1c32d5,matches_active_baseline,suppress,present,2026-09-23T23:00:16.572721+00:00,2026-09-23T23:00:16.575557+00:00
2269,create,simple,/srv/fim-watch/critico/gen_00451.txt,visible,06d713931fbc79bef8785bd664b374fb75d0c5e259624cb87b89692d3cd2ab8f,matches_active_baseline,suppress,present,2026-09-23T23:00:16.872807+00:00,2026-09-23T23:00:16.875092+00:00
2270,create,simple,/srv/fim-watch/gen_00452.txt,visible,5a5ddebfd7a4f564e2c7e4418b0fe863829a7cd800dfb694e26c3456b32bd55f,matches_active_baseline,suppress,present,2026-09-23T23:00:16.973174+00:00,2026-09-23T23:00:16.975872+00:00
2271,create,simple,/srv/fim-watch/gen_00453.txt,visible,8ddc8f76224d0c02df7a1ee9c91252b16f262638e69290ab5a4a40759f49da21,matches_active_baseline,suppress,present,2026-09-23T23:00:17.072953+00:00,2026-09-23T23:00:17.077247+00:00
2279,create,simple,/srv/fim-watch/gen_00454.txt,visible,17b12096204df685f42df7916c0fd3051a832033abf998cade81efa0f5776ab2,matches_active_baseline,suppress,present,2026-09-23T23:00:17.873395+00:00,2026-09-23T23:00:17.878297+00:00
2281,create,simple,/srv/fim-watch/gen_00455.txt,visible,da1f623d065d681a3a0bbf884e42c14ea1d41f7f425147fdab11926be211298f,matches_active_baseline,suppress,present,2026-09-23T23:00:18.072955+00:00,2026-09-23T23:00:18.077367+00:00
2284,create,simple,/srv/fim-watch/critico/gen_00456.txt,visible,9107d151e5a9b7cbf49e416240ee84cd4217c0d27288bcbec2c0684456a3207e,matches_active_baseline,suppress,present,2026-09-23T23:00:18.372904+00:00,2026-09-23T23:00:18.377609+00:00
2289,create,simple,/srv/fim-watch/gen_00458.txt,visible,f9fb56a4b8ef731cc6e78880ab3535e0632343e9f2c1872f3b7c4d40d6eac567,matches_active_baseline,suppress,present,2026-09-23T23:00:18.872968+00:00,2026-09-23T23:00:18.875392+00:00
2291,create,simple,/srv/fim-watch/gen_00459.txt,visible,68ffff9a9584a23e4091856a1bf9a081cf0a741a97147dff1ad579fdc8fe5694,matches_active_baseline,suppress,present,2026-09-23T23:00:19.072618+00:00,2026-09-23T23:00:19.078346+00:00
2293,create,simple,/srv/fim-watch/gen_00460.txt,visible,0d449a817f4ea9fb49e7abd8f2b819ef0bc3d2c931d7e8413596994f979358d4,matches_active_baseline,suppress,present,2026-09-23T23:00:19.272495+00:00,2026-09-23T23:00:19.274631+00:00
2302,create,simple,/srv/fim-watch/critico/gen_00463.txt,visible,7cbb715526c87244bf789e49c37b739130173f6254fba6975367702fa13bc273,matches_active_baseline,suppress,present,2026-09-23T23:00:20.172485+00:00,2026-09-23T23:00:20.174577+00:00
2312,modify,revertido,/srv/fim-watch/gen_00431.txt,invisible_revertido,a6035b8a968125a2d2c82bf77a280bf2e809c6b74b2d03a71bd8a5f2ab009586,matches_active_baseline,suppress,present,2026-09-23T23:00:21.172825+00:00,2026-09-23T23:00:21.174545+00:00
2318,create,simple,/srv/fim-watch/gen_00464.txt,visible,53612dacf57e4060e1ec03355e70de17947c5db6f1159957640167acf5b0457e,matches_active_baseline,suppress,present,2026-09-23T23:00:21.773018+00:00,2026-09-23T23:00:21.775254+00:00
2319,create,simple,/srv/fim-watch/critico/gen_00465.txt,visible,0fe8197dea036ed51675fa7087c64598e9f29f3dd4d27f8be572068def9e150c,matches_active_baseline,suppress,present,2026-09-23T23:00:21.872636+00:00,2026-09-23T23:00:21.874400+00:00
2323,create,simple,/srv/fim-watch/gen_00466.txt,visible,3299b11c1d1f9c00f3c08067a26850a86f44dff7dc5cfc39d99d805dcce063ad,matches_active_baseline,suppress,present,2026-09-23T23:00:22.272836+00:00,2026-09-23T23:00:22.275326+00:00
2327,create,simple,/srv/fim-watch/gen_00467.txt,visible,58692d009f8e50abf50bb295dbf0371038854c94de9300d0c5b468db2b6108f2,matches_active_baseline,suppress,present,2026-09-23T23:00:22.672781+00:00,2026-09-23T23:00:22.674631+00:00
2329,create,simple,/srv/fim-watch/gen_00468.txt,visible,5f18311bff640eb242a4760cf972b271fc968e356dbca755fb66757d4d5405b1,matches_active_baseline,suppress,present,2026-09-23T23:00:22.872948+00:00,2026-09-23T23:00:22.875100+00:00
2346,create,simple,/srv/fim-watch/gen_00470.txt,visible,c02ae884f103976b3cddcad86d7bcdefd0af737dec7a6a60623bd18c3be8bda6,matches_active_baseline,suppress,present,2026-09-23T23:00:24.572834+00:00,2026-09-23T23:00:24.575285+00:00
2351,create,simple,/srv/fim-watch/gen_00472.txt,visible,986f2c10b53bb3f80ee462f0446a50523753b528a725f58c304b6a62c6fe495a,matches_active_baseline,suppress,present,2026-09-23T23:00:25.072801+00:00,2026-09-23T23:00:25.076005+00:00
2357,create,simple,/srv/fim-watch/gen_00473.txt,visible,e59ca9b5e9c80ad097629976800c9cba66d6ce31cec3bc1dcd9798ec9dba73cc,matches_active_baseline,suppress,present,2026-09-23T23:00:25.672761+00:00,2026-09-23T23:00:25.675246+00:00
2362,modify,revertido,/srv/fim-watch/gen_00449.txt,invisible_revertido,a8480374bd10bbcecff8ffc3a7093480c8973facf96ed38a2d33131467046e85,matches_active_baseline,suppress,present,2026-09-23T23:00:26.172500+00:00,2026-09-23T23:00:26.174878+00:00
2363,create,simple,/srv/fim-watch/gen_00475.txt,visible,047a3bf32b05af7e182bbd17a6bcfccc5d91e8a94326061f486bbb3198085c08,matches_active_baseline,suppress,present,2026-09-23T23:00:26.272403+00:00,2026-09-23T23:00:26.274367+00:00
2366,create,simple,/srv/fim-watch/critico/gen_00476.txt,visible,1d2655367eab27ffdadfcc5cea9216c050b7db1b16aac3f512c9cc6273333dca,matches_active_baseline,suppress,present,2026-09-23T23:00:26.572394+00:00,2026-09-23T23:00:26.574348+00:00
2386,modify,revertido,/srv/fim-watch/critico/gen_00310.txt,invisible_revertido,21427c4edf80757335952908cb184ffbabe5c3cd76345711951f4daced153789,matches_active_baseline,suppress,present,2026-09-23T23:00:28.573333+00:00,2026-09-23T23:00:28.576430+00:00
2389,create,simple,/srv/fim-watch/gen_00478.txt,visible,97746a3c2c501f3b22ffad5ce3b81b6fbb6699a9c585e86bbf9b0b89c4d3361e,matches_active_baseline,suppress,present,2026-09-23T23:00:28.872787+00:00,2026-09-23T23:00:28.875474+00:00
2395,create,simple,/srv/fim-watch/gen_00479.txt,visible,b4197203fe85ba2d9d0ec4a808d59d102a8bd5f3f551c2d58539d9573a8bda5b,matches_active_baseline,suppress,present,2026-09-23T23:00:29.472925+00:00,2026-09-23T23:00:29.475736+00:00
2397,modify,revertido,/srv/fim-watch/gen_00435.txt,invisible_revertido,08dc7279bd20484f35b63c0569395aaa3656e4d48948a191492662ca3e95eec0,matches_active_baseline,suppress,present,2026-09-23T23:00:29.673007+00:00,2026-09-23T23:00:29.674958+00:00
2398,create,simple,/srv/fim-watch/gen_00480.txt,visible,ecf03d2285347f58b42a1ca58b298fcc4ed45615ab9183126cadfb25e25a7839,matches_active_baseline,suppress,present,2026-09-23T23:00:29.773190+00:00,2026-09-23T23:00:29.776092+00:00
2399,modify,simple,/srv/fim-watch/gen_00230.txt,visible,e02d314b107b863785e7aa140c7b99d14eb9f3afbfe04dbcbb4ab0a76c9679b7,matches_active_baseline,suppress,present,2026-09-23T23:00:29.872834+00:00,2026-09-23T23:00:29.875028+00:00
2400,create,simple,/srv/fim-watch/gen_00481.txt,visible,b1aaeed7390b761029d47f772ce4f387629aef39283af30f1bad7bca28f39bbd,matches_active_baseline,suppress,present,2026-09-23T23:00:29.972534+00:00,2026-09-23T23:00:29.974532+00:00
2403,create,simple,/srv/fim-watch/critico/gen_00482.txt,visible,cbe36368af6a41a35b85accca3e1039fa87a60431123d74efc4a64ef89e3655d,matches_active_baseline,suppress,present,2026-09-23T23:00:30.273063+00:00,2026-09-23T23:00:30.275530+00:00
2405,create,simple,/srv/fim-watch/gen_00483.txt,visible,2fa3562e0cbf1346c7456630162f00191b722dc4bc37fc6b350452c56f9fa603,matches_active_baseline,suppress,present,2026-09-23T23:00:30.472827+00:00,2026-09-23T23:00:30.475250+00:00
2417,create,simple,/srv/fim-watch/gen_00485.txt,visible,c157ceda72b2f0a47578122420dbf86b72b010f3c6f7140e07c9bff07405295d,matches_active_baseline,suppress,present,2026-09-23T23:00:31.672734+00:00,2026-09-23T23:00:31.675284+00:00
2418,create,simple,/srv/fim-watch/gen_00486.txt,visible,2b2f6f09dd7c3b8d592fd4ca81c2249c7b8b6584f96b1ad4e97e12f5dcc9e78d,matches_active_baseline,suppress,present,2026-09-23T23:00:31.773036+00:00,2026-09-23T23:00:31.775964+00:00
2423,create,simple,/srv/fim-watch/gen_00487.txt,visible,cf86335587a56be045f65129387064529ce3f5d4ea6fbd5d71714c5649a9c71d,matches_active_baseline,suppress,present,2026-09-23T23:00:32.273320+00:00,2026-09-23T23:00:32.276475+00:00
2424,create,simple,/srv/fim-watch/critico/gen_00488.txt,visible,965890074383fd2ced08f9391daaa287dd71d2ddca04c89c1a9c0734c0c01cb5,matches_active_baseline,suppress,present,2026-09-23T23:00:32.373079+00:00,2026-09-23T23:00:32.376111+00:00
2436,create,simple,/srv/fim-watch/critico/gen_00490.txt,visible,6612f92de4935cfaa8c88bfc648aebc060af5a8d079d137d729ab1d96571aec6,matches_active_baseline,suppress,present,2026-09-23T23:00:33.572443+00:00,2026-09-23T23:00:33.573825+00:00
2440,modify,revertido,/srv/fim-watch/gen_00436.txt,invisible_revertido,852269220a14bcf4853d2ffd2da06ab9b0157730d3ace7c48a2c7044f5fd70f4,matches_active_baseline,suppress,present,2026-09-23T23:00:33.972564+00:00,2026-09-23T23:00:33.974960+00:00
2445,modify,revertido,/srv/fim-watch/gen_00479.txt,invisible_revertido,b4197203fe85ba2d9d0ec4a808d59d102a8bd5f3f551c2d58539d9573a8bda5b,matches_active_baseline,suppress,present,2026-09-23T23:00:34.472837+00:00,2026-09-23T23:00:34.474296+00:00
2448,create,simple,/srv/fim-watch/gen_00492.txt,visible,80ff89eb17bfffb297ace6cf8938be61f0538c0ed343fbfc03454865087b3ead,matches_active_baseline,suppress,present,2026-09-23T23:00:34.772870+00:00,2026-09-23T23:00:34.775488+00:00
2453,create,simple,/srv/fim-watch/gen_00493.txt,visible,c0cb7ff665ae330cdee2e592f68bdf6f3e30c2203543619aa7d2f3c76db3d6b8,matches_active_baseline,suppress,present,2026-09-23T23:00:35.273038+00:00,2026-09-23T23:00:35.275854+00:00
2457,create,simple,/srv/fim-watch/gen_00494.txt,visible,963221b3d7873d9b1604d755db4c87fa9ba5ef91c976f999b386f998586f219e,matches_active_baseline,suppress,present,2026-09-23T23:00:35.672940+00:00,2026-09-23T23:00:35.677338+00:00
2471,create,simple,/srv/fim-watch/gen_00495.txt,visible,2858b145ce12dba6aa777e0ac969018b1ea0291cc0d537ef0d2e8343771e8146,matches_active_baseline,suppress,present,2026-09-23T23:00:37.073251+00:00,2026-09-23T23:00:37.074821+00:00
2477,create,simple,/srv/fim-watch/gen_00497.txt,visible,36fd2018b83efa8dfd0dadeb6dd63f3dbd2403f7295e260db57f84e1850e1004,matches_active_baseline,suppress,present,2026-09-23T23:00:37.672807+00:00,2026-09-23T23:00:37.675372+00:00
2482,create,simple,/srv/fim-watch/gen_00499.txt,visible,3463d3e0eb54861a9823802567aa545969c3f5604c43e47340a9901a61917bdb,matches_active_baseline,suppress,present,2026-09-23T23:00:38.172783+00:00,2026-09-23T23:00:38.175147+00:00
2484,modify,revertido,/srv/fim-watch/gen_00410.txt,invisible_revertido,953978be27782944fe40043f249a8b668328b80f602a142268cb9c937205ee91,matches_active_baseline,suppress,present,2026-09-23T23:00:38.373243+00:00,2026-09-23T23:00:38.375505+00:00
2490,create,simple,/srv/fim-watch/gen_00501.txt,visible,ca92a70613bdcbafb0160273659a862ddecd3b8e13b943b597ace886fcb735e1,matches_active_baseline,suppress,present,2026-09-23T23:00:38.973259+00:00,2026-09-23T23:00:38.977649+00:00
2491,create,simple,/srv/fim-watch/critico/gen_00502.txt,visible,14c8b67a8e7c6c61784be55f544169e5a1c319a442873a242b5619a79219f98e,matches_active_baseline,suppress,present,2026-09-23T23:00:39.073108+00:00,2026-09-23T23:00:39.075415+00:00
2493,modify,revertido,/srv/fim-watch/critico/gen_00488.txt,invisible_revertido,965890074383fd2ced08f9391daaa287dd71d2ddca04c89c1a9c0734c0c01cb5,matches_active_baseline,suppress,present,2026-09-23T23:00:39.272831+00:00,2026-09-23T23:00:39.275471+00:00
2501,create,simple,/srv/fim-watch/gen_00503.txt,visible,108e11e9653f9cacd3b9d4f754e6f7408cbd17ba330d7c24fc94ef444ebbdfbe,matches_active_baseline,suppress,present,2026-09-23T23:00:40.072449+00:00,2026-09-23T23:00:40.074399+00:00
2509,create,simple,/srv/fim-watch/gen_00504.txt,visible,396f825b50d0a7ca0e190c215da81d25de5ffabd350ea050bba26b49645574ce,matches_active_baseline,suppress,present,2026-09-23T23:00:40.872452+00:00,2026-09-23T23:00:40.874172+00:00
2511,create,simple,/srv/fim-watch/gen_00505.txt,visible,a11b4486713ea38784549e56243a33a443822209b8726daba29e417b032fe78b,matches_active_baseline,suppress,present,2026-09-23T23:00:41.072415+00:00,2026-09-23T23:00:41.074302+00:00
2518,modify,revertido,/srv/fim-watch/critico/gen_00444.txt,invisible_revertido,b5c167973bb70e40caca74dcc9f307e892709df2311876550dc99ec9e6c7f6ab,matches_active_baseline,suppress,present,2026-09-23T23:00:41.773045+00:00,2026-09-23T23:00:41.775476+00:00
2532,create,simple,/srv/fim-watch/gen_00508.txt,visible,b757ee0cb4258f7ff7491df50ae395cb890294bfe74fd433bde694db0ffb2bba,matches_active_baseline,suppress,present,2026-09-23T23:00:43.172780+00:00,2026-09-23T23:00:43.175388+00:00
2535,create,simple,/srv/fim-watch/critico/gen_00509.txt,visible,56cf73c5506b8dd1e72baa96f9a33d3cf6390c6b890ee2a72cdf54e228783d19,matches_active_baseline,suppress,present,2026-09-23T23:00:43.472817+00:00,2026-09-23T23:00:43.475102+00:00
2536,create,simple,/srv/fim-watch/gen_00510.txt,visible,db38f8af0777c002efacd860f887c3afb303b60bbe89647104ecb54850ddf2ef,matches_active_baseline,suppress,present,2026-09-23T23:00:43.572792+00:00,2026-09-23T23:00:43.575373+00:00
2548,create,simple,/srv/fim-watch/critico/gen_00512.txt,visible,5f608b01562a7d183ff00e143160bb330936585e2751c641718f304352977281,matches_active_baseline,suppress,present,2026-09-23T23:00:44.772832+00:00,2026-09-23T23:00:44.775455+00:00
2550,create,simple,/srv/fim-watch/gen_00513.txt,visible,8b183f05d532e39fc264b7b8ea955fd104a272d0f0f2b4b81325659dcf99a1fd,matches_active_baseline,suppress,present,2026-09-23T23:00:44.972759+00:00,2026-09-23T23:00:44.975371+00:00
2551,create,simple,/srv/fim-watch/gen_00514.txt,visible,f6f6eaa5fe7b21f1096015e4383343941effe91fa630eb0c85a41dade0ff9fa1,matches_active_baseline,suppress,present,2026-09-23T23:00:45.072858+00:00,2026-09-23T23:00:45.077212+00:00
2553,modify,simple,/srv/fim-watch/gen_00117.txt,visible,1dab164d675513354f512e6178029fba51b2345210aacf2e00f5f0020d2d3d47,matches_active_baseline,suppress,present,2026-09-23T23:00:45.273102+00:00,2026-09-23T23:00:45.275751+00:00
2558,create,simple,/srv/fim-watch/gen_00515.txt,visible,31dae53f2f0cdeb294600b8ac2f6e69434ca6fa52a10ed3400e576ea1fa3d804,matches_active_baseline,suppress,present,2026-09-23T23:00:45.772785+00:00,2026-09-23T23:00:45.775481+00:00
2561,create,simple,/srv/fim-watch/critico/gen_00516.txt,visible,2eb2c82ff7908a9ed4eafc497239cd87f169e295bb6a49ddeaccee1a0d259250,matches_active_baseline,suppress,present,2026-09-23T23:00:46.072802+00:00,2026-09-23T23:00:46.075349+00:00
2562,create,simple,/srv/fim-watch/gen_00517.txt,visible,3a586feaadac50c5163bc7f9b0dfd1a4d06567cdacd74c08c187f01cdb3fc939,matches_active_baseline,suppress,present,2026-09-23T23:00:46.173004+00:00,2026-09-23T23:00:46.175344+00:00
2569,create,simple,/srv/fim-watch/gen_00518.txt,visible,4804568af32b597f70613916beb23e44ea82cb2cf8802681ddf021083ca4ca84,matches_active_baseline,suppress,present,2026-09-23T23:00:46.872515+00:00,2026-09-23T23:00:46.874581+00:00
2572,modify,revertido,/srv/fim-watch/gen_00429.txt,invisible_revertido,6f9fa876df0b5c07bfe32be3e010cf147ededfb397f7e8c811d50521fd99fcac,matches_active_baseline,suppress,present,2026-09-23T23:00:47.172432+00:00,2026-09-23T23:00:47.174092+00:00
2575,create,simple,/srv/fim-watch/gen_00519.txt,visible,2f04f62f1a4cec0e1a11b5e3a7e044b833d5d3cc3930acfe648358ffda433a49,matches_active_baseline,suppress,present,2026-09-23T23:00:47.472556+00:00,2026-09-23T23:00:47.475020+00:00
2584,create,simple,/srv/fim-watch/gen_00520.txt,visible,4c5ee22942f666c2433f4bc0d487485f23579f44d1cfcc35c7002766d88dbfb3,matches_active_baseline,suppress,present,2026-09-23T23:00:48.372516+00:00,2026-09-23T23:00:48.374292+00:00
2589,create,simple,/srv/fim-watch/gen_00522.txt,visible,c5729cc1aa06e563094f9ba2d6c90e7b70b401050d91ba3ad2169936415a9401,matches_active_baseline,suppress,present,2026-09-23T23:00:48.872611+00:00,2026-09-23T23:00:48.874134+00:00
2590,create,simple,/srv/fim-watch/critico/gen_00523.txt,visible,ac9656eaf94981a89cb78d6fa0d87490ba4722c60e6a2207f0f40a00b792ed9a,matches_active_baseline,suppress,present,2026-09-23T23:00:48.972744+00:00,2026-09-23T23:00:48.974114+00:00
2593,create,simple,/srv/fim-watch/critico/gen_00524.txt,visible,ff8ec381ff8c4f16ae19c333f9e013489bc17bc9592810a52d3277069f4f02fc,matches_active_baseline,suppress,present,2026-09-23T23:00:49.273238+00:00,2026-09-23T23:00:49.275984+00:00
2607,create,simple,/srv/fim-watch/gen_00526.txt,visible,9107348292e3eca4ea24c6c089b6b88d1fe5c2536aa648beb98c6418fd78635e,matches_active_baseline,suppress,present,2026-09-23T23:00:50.672776+00:00,2026-09-23T23:00:50.674835+00:00
2609,create,simple,/srv/fim-watch/critico/gen_00527.txt,visible,1a11cd25fc342a250716bff965095bc9c9aa638de24ce1bab5b878b7d139ebeb,matches_active_baseline,suppress,present,2026-09-23T23:00:50.873197+00:00,2026-09-23T23:00:50.875511+00:00
2612,create,simple,/srv/fim-watch/gen_00528.txt,visible,4df60ea247fb144e05ed993cc9c0985292c00d6df53f11ba57c48ba26b0e6e66,matches_active_baseline,suppress,present,2026-09-23T23:00:51.172787+00:00,2026-09-23T23:00:51.175141+00:00
2624,create,simple,/srv/fim-watch/gen_00529.txt,visible,94a3c6a9e3f33e8e81c890452f449892a685e501d9df665f29197fc41f004870,matches_active_baseline,suppress,present,2026-09-23T23:00:52.373031+00:00,2026-09-23T23:00:52.375246+00:00
2626,create,simple,/srv/fim-watch/critico/gen_00530.txt,visible,a1ba4c7075aa0ef9964afbd41c950766fc37f42f8af66d0d5b56a278cb65c357,matches_active_baseline,suppress,present,2026-09-23T23:00:52.572984+00:00,2026-09-23T23:00:52.575657+00:00
2628,create,simple,/srv/fim-watch/gen_00531.txt,visible,7b3e72b02b76f71b1c1bc3590d799e7ea69134ec813fbb8212b82e25cfb7e792,matches_active_baseline,suppress,present,2026-09-23T23:00:52.773111+00:00,2026-09-23T23:00:52.776655+00:00
2630,modify,revertido,/srv/fim-watch/gen_00500.txt,invisible_revertido,0e9d953aef2effd0157060a622af5e71eb3a5819784bc87531162dba00dad67b,matches_active_baseline,suppress,present,2026-09-23T23:00:52.973155+00:00,2026-09-23T23:00:52.976053+00:00
2640,create,simple,/srv/fim-watch/critico/gen_00532.txt,visible,cda7d72d42d292825f49cbb89a614e23d3c1a592b510388c4624bdbba9cb256d,matches_active_baseline,suppress,present,2026-09-23T23:00:53.972612+00:00,2026-09-23T23:00:53.974308+00:00
2641,modify,simple,/srv/fim-watch/gen_00325.txt,visible,719e93ef461170f66725ae7a04a8fa1c59552c7a544e59c22f3988566fc68f2a,matches_active_baseline,suppress,present,2026-09-23T23:00:54.072537+00:00,2026-09-23T23:00:54.074887+00:00
2642,create,simple,/srv/fim-watch/gen_00533.txt,visible,d0b538bb9a6862c4052c47fd93af7e7cdbc9e0f5c864819e3301606c5a7bca9d,matches_active_baseline,suppress,present,2026-09-23T23:00:54.172398+00:00,2026-09-23T23:00:54.174448+00:00
2656,create,simple,/srv/fim-watch/gen_00535.txt,visible,046724aa42b8206ed19237877a51f605df86dd12c3a2f178df8bf8da09c5b3e2,matches_active_baseline,suppress,present,2026-09-23T23:00:55.572634+00:00,2026-09-23T23:00:55.574863+00:00
2659,modify,revertido,/srv/fim-watch/gen_00448.txt,invisible_revertido,e9fc696e3958cd5e69e7874b1746c8b8a284cc7a8f4aea95fb72a1f7d3a5207f,matches_active_baseline,suppress,present,2026-09-23T23:00:55.872871+00:00,2026-09-23T23:00:55.875222+00:00
2681,create,simple,/srv/fim-watch/gen_00536.txt,visible,060e6ec14f98a19b7373fbeb157abc5d32f4cb6328650f5e37087a5b103872c1,matches_active_baseline,suppress,present,2026-09-23T23:00:58.073446+00:00,2026-09-23T23:00:58.075771+00:00
2685,create,simple,/srv/fim-watch/gen_00537.txt,visible,49715ef0b68f4b7e32796ab683ad29a5e733bc7b5efd3a7dcf8a63f8a43674d2,matches_active_baseline,suppress,present,2026-09-23T23:00:58.472939+00:00,2026-09-23T23:00:58.476486+00:00
2688,create,simple,/srv/fim-watch/gen_00538.txt,visible,75c805efccdfd0f2d741a278f95dd76c9cbebba38136bfe4b449e6d3122b90c8,matches_active_baseline,suppress,present,2026-09-23T23:00:58.772804+00:00,2026-09-23T23:00:58.776773+00:00
2699,create,simple,/srv/fim-watch/gen_00541.txt,visible,aacd4134422cc8d8fc5c2b1915631b20f2ec1cfd2d561658559c46175f2cf8c2,matches_active_baseline,suppress,present,2026-09-23T23:00:59.873062+00:00,2026-09-23T23:00:59.877550+00:00
2700,create,simple,/srv/fim-watch/gen_00542.txt,visible,74522fd626dc3082c26f2153e0f7889a33446a790a796444f7e5b71d30c41140,matches_active_baseline,suppress,present,2026-09-23T23:00:59.973334+00:00,2026-09-23T23:00:59.977495+00:00
2704,modify,revertido,/srv/fim-watch/critico/gen_00509.txt,invisible_revertido,56cf73c5506b8dd1e72baa96f9a33d3cf6390c6b890ee2a72cdf54e228783d19,matches_active_baseline,suppress,present,2026-09-23T23:01:00.373120+00:00,2026-09-23T23:01:00.375513+00:00
2710,create,simple,/srv/fim-watch/gen_00543.txt,visible,b903dc9dcf2bcfdcfe87c72707e19a7a87fd8dcd44c5cc00974edd74d7cd39d8,matches_active_baseline,suppress,present,2026-09-23T23:01:00.972460+00:00,2026-09-23T23:01:00.974638+00:00
2713,create,simple,/srv/fim-watch/gen_00544.txt,visible,d017dc3b8f6d6288c993560111e43cb95f906823f09ec46c3eef11a47770e5dc,matches_active_baseline,suppress,present,2026-09-23T23:01:01.272513+00:00,2026-09-23T23:01:01.274763+00:00
2717,create,simple,/srv/fim-watch/gen_00546.txt,visible,d005c64b7582de719db83de91590c20ffcfbbc8ee99c9bb92fad0c4d60f9ff52,matches_active_baseline,suppress,present,2026-09-23T23:01:01.672423+00:00,2026-09-23T23:01:01.674448+00:00
2719,create,simple,/srv/fim-watch/gen_00547.txt,visible,0f140773759e4f2e84bc36cee8b135b2ddb3a76d590aa8c9f197a92b703a26db,matches_active_baseline,suppress,present,2026-09-23T23:01:01.872531+00:00,2026-09-23T23:01:01.874274+00:00
2724,modify,revertido,/srv/fim-watch/gen_00134.txt,invisible_revertido,c0f630ce99867e81eb53b39a7d54862b3480b9d5f1fed166890643ade8db1821,matches_active_baseline,suppress,present,2026-09-23T23:01:02.372433+00:00,2026-09-23T23:01:02.374628+00:00
2730,create,simple,/srv/fim-watch/critico/gen_00548.txt,visible,e3002074f4867b941c17d7825baf8cc80a7861044814cc447965a8427eaabec6,matches_active_baseline,suppress,present,2026-09-23T23:01:02.972814+00:00,2026-09-23T23:01:02.976167+00:00
2731,modify,simple,/srv/fim-watch/gen_00128.txt,visible,67b92bca64f7564e7b7657b690d56c973c0f8b0995c47b1a400aa98cf31c830e,matches_active_baseline,suppress,present,2026-09-23T23:01:03.073454+00:00,2026-09-23T23:01:03.076397+00:00
2733,modify,revertido,/srv/fim-watch/gen_00207.txt,invisible_revertido,8430616e03821c3e73f881c8ae73d060fc86f93c40c7ca34da6cb4f6dad73fb7,matches_active_baseline,suppress,present,2026-09-23T23:01:03.272905+00:00,2026-09-23T23:01:03.275906+00:00
2737,create,simple,/srv/fim-watch/gen_00549.txt,visible,6cf4a5cd9d0ac41ef9e950f07b7825f1dd513a4daf97b265c0f5ad13edb3edd3,matches_active_baseline,suppress,present,2026-09-23T23:01:03.672821+00:00,2026-09-23T23:01:03.676662+00:00
2739,create,simple,/srv/fim-watch/gen_00550.txt,visible,b2dac5544733ebdf8779b0a4e29dd16b22de91498a956ff32ec57cb64209e4a4,matches_active_baseline,suppress,present,2026-09-23T23:01:03.872854+00:00,2026-09-23T23:01:03.876447+00:00
2753,create,simple,/srv/fim-watch/gen_00551.txt,visible,99f34bf2203ba5f475645d0bbb1c3336053b3f6a8efddf6dd5a9fe0a210b55c4,matches_active_baseline,suppress,present,2026-09-23T23:01:05.272799+00:00,2026-09-23T23:01:05.277487+00:00
2756,create,simple,/srv/fim-watch/critico/gen_00552.txt,visible,abfd3adfec31849f23013ba054875acc3b7e52df234a2df4a1f0f54871c3819f,matches_active_baseline,suppress,present,2026-09-23T23:01:05.572830+00:00,2026-09-23T23:01:05.577918+00:00
2759,create,simple,/srv/fim-watch/gen_00553.txt,visible,37d2dd61541308307708a361c47c0d9d29df5147f0818c12336216db54be93c4,matches_active_baseline,suppress,present,2026-09-23T23:01:05.872816+00:00,2026-09-23T23:01:05.876383+00:00
2767,create,simple,/srv/fim-watch/gen_00554.txt,visible,caf636a76d95b916e7ff88265790cddcbd05be286e01292dcb8229f4c6cfebbd,matches_active_baseline,suppress,present,2026-09-23T23:01:06.672797+00:00,2026-09-23T23:01:06.677927+00:00
2769,modify,revertido,/srv/fim-watch/gen_00526.txt,invisible_revertido,9107348292e3eca4ea24c6c089b6b88d1fe5c2536aa648beb98c6418fd78635e,matches_active_baseline,suppress,present,2026-09-23T23:01:06.873076+00:00,2026-09-23T23:01:06.875425+00:00
2773,modify,revertido,/srv/fim-watch/gen_00494.txt,invisible_revertido,963221b3d7873d9b1604d755db4c87fa9ba5ef91c976f999b386f998586f219e,matches_active_baseline,suppress,present,2026-09-23T23:01:07.272538+00:00,2026-09-23T23:01:07.273698+00:00
2794,create,simple,/srv/fim-watch/critico/gen_00556.txt,visible,a3c56fd749941e5642cc23f39acc9443fdfe37b3ce2a83989e1c761e3f99947b,matches_active_baseline,suppress,present,2026-09-23T23:01:09.372508+00:00,2026-09-23T23:01:09.375570+00:00
2796,create,simple,/srv/fim-watch/gen_00557.txt,visible,13af2a49fbcedd47387123e26d6b874eb0047718c0f8afc76ca393265e95d7e5,matches_active_baseline,suppress,present,2026-09-23T23:01:09.572400+00:00,2026-09-23T23:01:09.573836+00:00
2813,create,simple,/srv/fim-watch/gen_00560.txt,visible,64acb24500445c45dbe38a209fd0f8ec34a5da94c60d3ee67816237c672c8b36,matches_active_baseline,suppress,present,2026-09-23T23:01:11.272810+00:00,2026-09-23T23:01:11.277314+00:00
2816,create,simple,/srv/fim-watch/critico/gen_00562.txt,visible,f029861e6ed76305e79da5657a233c36d764a412f6053687cd33c39f4f4738a4,matches_active_baseline,suppress,present,2026-09-23T23:01:11.572787+00:00,2026-09-23T23:01:11.574822+00:00
2821,create,simple,/srv/fim-watch/gen_00564.txt,visible,72df8f651137bcc39eed7ab959f622311f2f2c14c151646e2ced847f048d66a9,matches_active_baseline,suppress,present,2026-09-23T23:01:12.072894+00:00,2026-09-23T23:01:12.076574+00:00
2826,create,simple,/srv/fim-watch/critico/gen_00565.txt,visible,0c4fac5b3304a4a9e919c48766bd432e16f061b8b7c608fd8d5463fb1766ec01,matches_active_baseline,suppress,present,2026-09-23T23:01:12.572542+00:00,2026-09-23T23:01:12.574225+00:00
2833,create,simple,/srv/fim-watch/gen_00566.txt,visible,1a04c0353c0ae38eb6e2c63543bd91accbce7578d3ae81848c88091902880fa0,matches_active_baseline,suppress,present,2026-09-23T23:01:13.272796+00:00,2026-09-23T23:01:13.275487+00:00
2837,create,simple,/srv/fim-watch/gen_00567.txt,visible,d6dc71b4ee3f7793a322be5ebbc3f43d76c5990c91be44b6e989e6fe986c3ee4,matches_active_baseline,suppress,present,2026-09-23T23:01:13.672868+00:00,2026-09-23T23:01:13.677222+00:00
2842,create,simple,/srv/fim-watch/gen_00568.txt,visible,079ee7d4504e8e979c72f9555263144dc769f0de4f92215475f91d199f9238a2,matches_active_baseline,suppress,present,2026-09-23T23:01:14.172918+00:00,2026-09-23T23:01:14.177132+00:00
2857,create,simple,/srv/fim-watch/gen_00569.txt,visible,1c704d2539f7a82c5e71c5eae606c8911de92b79537b56b8a13334e491122cc5,matches_active_baseline,suppress,present,2026-09-23T23:01:15.672790+00:00,2026-09-23T23:01:15.675716+00:00
2863,create,simple,/srv/fim-watch/gen_00570.txt,visible,a59b00c8bab6f330e5cff58735e441bf4300d7beca735e89107f5659fe52a33c,matches_active_baseline,suppress,present,2026-09-23T23:01:16.272385+00:00,2026-09-23T23:01:16.274332+00:00
2867,modify,revertido,/srv/fim-watch/gen_00554.txt,invisible_revertido,caf636a76d95b916e7ff88265790cddcbd05be286e01292dcb8229f4c6cfebbd,matches_active_baseline,suppress,present,2026-09-23T23:01:16.672699+00:00,2026-09-23T23:01:16.675236+00:00
2869,create,simple,/srv/fim-watch/gen_00571.txt,visible,81ce2f0dafa80e4623767617884065c56f0afd790b482bd9ff1f8170f0fbe9be,matches_active_baseline,suppress,present,2026-09-23T23:01:16.872444+00:00,2026-09-23T23:01:16.874769+00:00
2886,create,simple,/srv/fim-watch/gen_00573.txt,visible,546f22b95f3e43fe2b1041a59d5326f0c131d36353c435c1a3c79292195d7e1c,matches_active_baseline,suppress,present,2026-09-23T23:01:18.572839+00:00,2026-09-23T23:01:18.577743+00:00
2889,create,simple,/srv/fim-watch/critico/gen_00574.txt,visible,2c9bf0d2f83de08678eb8e5a14eaac3035a1ecfaa2e7ad65384492307716a324,matches_active_baseline,suppress,present,2026-09-23T23:01:18.872770+00:00,2026-09-23T23:01:18.875221+00:00
2892,create,simple,/srv/fim-watch/gen_00575.txt,visible,92c45fe4bf422a435399f201be9c4c388f14d86c4bc5dfb1e6dee96d210fa30b,matches_active_baseline,suppress,present,2026-09-23T23:01:19.172842+00:00,2026-09-23T23:01:19.176318+00:00
2895,create,simple,/srv/fim-watch/gen_00576.txt,visible,4b871504e32230ef0d9b8f7c153056d403fae69a5b994df00b4ade34f6eb1829,matches_active_baseline,suppress,present,2026-09-23T23:01:19.472849+00:00,2026-09-23T23:01:19.478408+00:00
2903,modify,simple,/srv/fim-watch/gen_00402.txt,visible,cf326b46430964de97e90f83e9822243345e53a246dba9ba94daaf31e9472db3,matches_active_baseline,suppress,present,2026-09-23T23:01:20.272851+00:00,2026-09-23T23:01:20.275998+00:00
2907,create,simple,/srv/fim-watch/gen_00577.txt,visible,68b68f14fbc7d04240a36eb7020fe84f5b2a438bab0c7f4a8a714f27b41ceb43,matches_active_baseline,suppress,present,2026-09-23T23:01:20.672600+00:00,2026-09-23T23:01:20.674258+00:00
2908,create,simple,/srv/fim-watch/gen_00578.txt,visible,0d215e9e9a2b00d8d013c3cace962eaaca2d993d5d052daec42d7c8802c24789,matches_active_baseline,suppress,present,2026-09-23T23:01:20.772713+00:00,2026-09-23T23:01:20.774624+00:00
2909,create,simple,/srv/fim-watch/critico/gen_00579.txt,visible,a1c098825d132000ed2d7a64e23fab27aa17f89101b4426586e0a6e95cae3af1,matches_active_baseline,suppress,present,2026-09-23T23:01:20.872846+00:00,2026-09-23T23:01:20.874544+00:00
2916,create,simple,/srv/fim-watch/gen_00580.txt,visible,c9cabd08f6477114bddd451ae0c59d25ca6a36825269b5c4d33b3d2b7edd336f,matches_active_baseline,suppress,present,2026-09-23T23:01:21.572733+00:00,2026-09-23T23:01:21.574994+00:00
2918,modify,revertido,/srv/fim-watch/gen_00577.txt,invisible_revertido,68b68f14fbc7d04240a36eb7020fe84f5b2a438bab0c7f4a8a714f27b41ceb43,matches_active_baseline,suppress,present,2026-09-23T23:01:21.772613+00:00,2026-09-23T23:01:21.774609+00:00
2920,create,simple,/srv/fim-watch/gen_00581.txt,visible,cea1ab7140fba8e9aa2a98172c290cfaa95301a19ed40a9b8e6e6c2d2bc9eb3a,matches_active_baseline,suppress,present,2026-09-23T23:01:21.972631+00:00,2026-09-23T23:01:21.974544+00:00
2926,create,simple,/srv/fim-watch/gen_00582.txt,visible,1792298357ea36ee01372cd39e6e2fc7ee1ad793d9ab86ec0b002a0242615ba1,matches_active_baseline,suppress,present,2026-09-23T23:01:22.572846+00:00,2026-09-23T23:01:22.575104+00:00
2932,create,simple,/srv/fim-watch/gen_00584.txt,visible,2d65c655c4c797182f86f6c601ce950fbda07139a846d147a9f6e9a25663b715,matches_active_baseline,suppress,present,2026-09-23T23:01:23.172512+00:00,2026-09-23T23:01:23.174919+00:00
2935,create,simple,/srv/fim-watch/gen_00585.txt,visible,857029f6b3e67af501d19857d5bb18d7a499ef63e671c98414ec50f3b5a9e8e7,matches_active_baseline,suppress,present,2026-09-23T23:01:23.472407+00:00,2026-09-23T23:01:23.474362+00:00
2937,create,simple,/srv/fim-watch/critico/gen_00586.txt,visible,f6081b035ede0f751454cff405b6943971a8b2d57608508e82cc56f32efcb637,matches_active_baseline,suppress,present,2026-09-23T23:01:23.672491+00:00,2026-09-23T23:01:23.674928+00:00
2945,create,simple,/srv/fim-watch/gen_00587.txt,visible,933fdd348f4c8983483f61b4c0b1e8f6a5d93c5b9907a2aa817b8af2b1d8cb39,matches_active_baseline,suppress,present,2026-09-23T23:01:24.472428+00:00,2026-09-23T23:01:24.474112+00:00
2947,modify,revertido,/srv/fim-watch/gen_00493.txt,invisible_revertido,c0cb7ff665ae330cdee2e592f68bdf6f3e30c2203543619aa7d2f3c76db3d6b8,matches_active_baseline,suppress,present,2026-09-23T23:01:24.672442+00:00,2026-09-23T23:01:24.673661+00:00
2950,create,simple,/srv/fim-watch/gen_00588.txt,visible,dc21a83e804c17ed0ac2a420dd81835a5e0cd1b799040af8599d266ae2dcb8a4,matches_active_baseline,suppress,present,2026-09-23T23:01:24.972417+00:00,2026-09-23T23:01:24.974777+00:00
2954,create,simple,/srv/fim-watch/gen_00589.txt,visible,38e5319672d9520fc3b69af15603defb941f3d6c54c6d66909d82dbd80217ea8,matches_active_baseline,suppress,present,2026-09-23T23:01:25.372593+00:00,2026-09-23T23:01:25.375363+00:00
2957,modify,simple,/srv/fim-watch/gen_00125.txt,visible,04165e8e10af1fb73d7ff8a0e55ce83907366366fdb563f8020663419e89adab,matches_active_baseline,suppress,present,2026-09-23T23:01:25.672910+00:00,2026-09-23T23:01:25.676113+00:00
2960,create,simple,/srv/fim-watch/gen_00590.txt,visible,9c8adf815ce7dfc44e51515928f307052708c48f4ac56041ef70987c79e38608,matches_active_baseline,suppress,present,2026-09-23T23:01:25.973071+00:00,2026-09-23T23:01:25.978128+00:00
2963,create,simple,/srv/fim-watch/gen_00591.txt,visible,69feadea51fe81707f5726bbffbe825704effd243ee80ce96bf000e9ee76354e,matches_active_baseline,suppress,present,2026-09-23T23:01:26.272532+00:00,2026-09-23T23:01:26.274285+00:00
2967,create,simple,/srv/fim-watch/critico/gen_00592.txt,visible,5e012f4464c29b129fbdd5e7013ec2163f8f752d9e51ca5eaccb690841b0ec86,matches_active_baseline,suppress,present,2026-09-23T23:01:26.672670+00:00,2026-09-23T23:01:26.674856+00:00
2976,create,simple,/srv/fim-watch/gen_00594.txt,visible,9ecfba35d2a4feda675344708330f42b0b7ffca03dc3a182aedee3edf636fd3e,matches_active_baseline,suppress,present,2026-09-23T23:01:27.572803+00:00,2026-09-23T23:01:27.578157+00:00
2977,modify,simple,/srv/fim-watch/gen_00469.txt,visible,3db97c98de38c70c3dbef92e7612e2b8caec00efbd7e0870451941bc0a10a056,matches_active_baseline,suppress,present,2026-09-23T23:01:27.673002+00:00,2026-09-23T23:01:27.676012+00:00
2978,create,simple,/srv/fim-watch/gen_00595.txt,visible,92b8d70a3db12dbac9b588bdc050746e9b5308979c8049f922c87df034178a3e,matches_active_baseline,suppress,present,2026-09-23T23:01:27.772829+00:00,2026-09-23T23:01:27.776567+00:00
2983,modify,revertido,/srv/fim-watch/critico/gen_00574.txt,invisible_revertido,2c9bf0d2f83de08678eb8e5a14eaac3035a1ecfaa2e7ad65384492307716a324,matches_active_baseline,suppress,present,2026-09-23T23:01:28.272980+00:00,2026-09-23T23:01:28.276023+00:00
2986,create,simple,/srv/fim-watch/critico/gen_00596.txt,visible,cf31b9500383bedf94f7ecb1c0b27bc63c99b7802ee54308ee4348ce18b8d97c,matches_active_baseline,suppress,present,2026-09-23T23:01:28.572813+00:00,2026-09-23T23:01:28.575766+00:00
2987,create,simple,/srv/fim-watch/gen_00597.txt,visible,7b74d26ec65010fb8737c8ab927ad464f603443ae79d5a130f2b62a71bc1b4da,matches_active_baseline,suppress,present,2026-09-23T23:01:28.672643+00:00,2026-09-23T23:01:28.674923+00:00
2993,create,simple,/srv/fim-watch/gen_00598.txt,visible,a2675b51c533c65a6e07a2bc738bce7846f41ef3e727af31b336ae7f0cd6d4bc,matches_active_baseline,suppress,present,2026-09-23T23:01:29.272478+00:00,2026-09-23T23:01:29.274247+00:00
3000,create,simple,/srv/fim-watch/gen_00600.txt,visible,736a56b9cc9636b25bb90300f286b8bb1fdf2b055c83e1b698ad77e515c90e7d,matches_active_baseline,suppress,present,2026-09-23T23:01:29.972756+00:00,2026-09-23T23:01:29.978615+00:00
