id,ms_aceptacion,ms_entrega
301,193.470000,359.014000
302,590.294000,607.709000
303,2131.771000,2135.104000
304,2247.665000,2250.123000
305,2082.889000,2085.408000
306,2123.997000,2126.515000
307,2222.891000,2225.478000
308,2240.142000,2243.153000
309,2072.105000,2074.029000
310,2094.759000,2098.510000
311,2279.236000,2283.541000
312,2266.262000,2270.694000
313,2285.056000,2287.994000
314,2305.407000,2308.360000
315,2314.480000,2318.316000
316,2257.411000,2261.199000
317,2365.650000,2368.547000
318,2331.398000,2336.026000
319,2355.674000,2357.609000
320,2342.143000,2344.491000
321,2389.582000,2392.720000
322,2418.943000,2422.986000
323,2320.489000,2325.285000
324,2412.006000,2414.008000
325,2371.751000,2373.805000
326,2385.342000,2387.215000
327,2424.688000,2429.904000
328,2462.880000,2465.147000
329,2434.018000,2439.807000
330,2397.622000,2401.177000
331,2443.917000,2447.410000
332,2487.057000,2489.679000
333,2458.810000,2460.793000
334,2512.670000,2514.605000
335,2478.560000,2480.964000
336,2471.626000,2474.738000
337,2524.968000,2527.254000
338,2493.246000,2495.152000
339,2508.947000,2512.079000
340,2540.684000,2542.971000
341,2555.492000,2557.338000
342,2517.829000,2519.691000
343,2548.334000,2550.648000
344,2532.637000,2534.854000
345,2575.813000,2578.090000
346,2569.371000,2571.207000
347,2561.982000,2564.472000
348,2612.055000,2613.989000
349,2581.209000,2583.388000
350,2590.766000,2592.940000
351,2597.958000,2600.744000
352,2051.114000,2053.276000
353,2557.273000,2559.558000
354,2563.944000,2566.863000
355,2511.752000,2518.097000
356,2506.520000,2510.632000
357,2584.813000,2586.775000
358,2543.762000,2547.609000
359,2494.729000,2497.528000
360,2516.527000,2521.791000
361,2611.462000,2613.505000
362,2573.478000,2575.551000
363,2602.507000,2604.615000
364,2524.320000,2527.310000
365,2624.192000,2626.893000
366,2539.159000,2543.955000
367,3443.818000,3446.064000
368,3460.829000,3462.457000
369,3454.130000,3456.580000
370,3489.724000,3491.666000
371,3542.875000,3544.674000
372,3482.304000,3484.004000
373,3531.194000,3533.169000
374,3525.398000,3527.232000
375,3552.680000,3554.084000
376,3564.328000,3565.881000
377,3575.473000,3577.627000
378,3588.888000,3590.869000
379,3583.243000,3584.982000
380,3614.092000,3619.484000
381,3619.071000,3624.528000
382,3600.708000,3602.721000
383,3667.827000,3669.983000
384,3632.826000,3637.384000
385,3648.207000,3650.861000
386,3639.797000,3642.650000
387,3661.763000,3664.415000
388,3625.817000,3631.547000
389,3689.334000,3690.947000
390,3655.152000,3660.639000
391,3676.065000,3680.089000
392,3679.209000,3681.811000
393,3698.584000,3701.373000
394,3731.808000,3733.470000
395,3726.289000,3727.788000
396,3717.856000,3719.560000
397,3706.974000,3709.113000
398,3758.104000,3761.151000
399,3751.738000,3757.425000
400,3748.410000,3752.715000
