path,event_id,detected_at,received_at,hash_detected,status,severity
/watch/latency-ext-000.txt,0d45f4da-2640-425c-b141-cfde337890ec,2026-09-12 01:04:28.233232+00,2026-09-12 01:04:28.241076+00,bc7ee2d7f02e4a4b5e4cfda1dfa821fd12da76c5f843f45610f4199eca8c23ec,alert_only,low
/watch/latency-ext-001.txt,ddfc8cb9-9f9b-476b-a598-69c4235a276b,2026-09-12 01:04:28.334189+00,2026-09-12 01:04:28.343466+00,474fff9e51d4e25d6401182a4a0637331a71ca774d51a069b76543b51db01884,alert_only,low
/watch/latency-ext-002.txt,d7622ab8-c727-4303-b5cd-915f32dc312f,2026-09-12 01:04:28.433898+00,2026-09-12 01:04:28.440018+00,bf5a63aafdb8fc94b0763fd0ec01ff7e5115ce8e1f2d78ab080d65551010fa03,alert_only,low
/watch/latency-ext-003.txt,bd210fee-d32b-40a9-a143-a8adc7b14dd0,2026-09-12 01:04:28.533322+00,2026-09-12 01:04:28.539151+00,fe9712812676d3e586b74f1e1adaaeeb02c3702dd4ba66cadb36a7d54a509d0f,alert_only,low
/watch/latency-ext-004.txt,d68f697b-fc14-4ca1-a8f3-1d058287fe2e,2026-09-12 01:04:28.63396+00,2026-09-12 01:04:28.643808+00,30f0ded4cfb5165f9037be1da470ac8f24818e44f07e83b2c4008c64d8f485df,alert_only,low
/watch/latency-ext-005.txt,9117d403-e96a-4dad-82d0-9d0f405d4f3d,2026-09-12 01:04:28.734549+00,2026-09-12 01:04:28.744632+00,2db43ad24645deb8c7bbe41421ea9cf287216d8551f31962f85b155078794866,alert_only,low
/watch/latency-ext-006.txt,99bf30f9-30e1-4f22-accf-d5eb09a1a23f,2026-09-12 01:04:28.834128+00,2026-09-12 01:04:28.844408+00,371c4d633fefdbd07062472e0e74fdf4f603d6c421d62c868db9c2cc979df9b5,alert_only,low
/watch/latency-ext-007.txt,ce22bb48-f697-4945-8ee8-6ff50830ca67,2026-09-12 01:04:28.93429+00,2026-09-12 01:04:28.943634+00,cfd0a9c2550b3f21afdeb489fc66039cbe8e128451a6f5c8ca33f671b2166fa3,alert_only,low
/watch/latency-ext-008.txt,02738b5c-ee91-4985-b0a5-5b20b415dec7,2026-09-12 01:04:29.034348+00,2026-09-12 01:04:29.044066+00,3b6bfa3950bce45fc5c9cf49f22b97a774a787a9d9a540abb0b70f1bab88306f,alert_only,low
/watch/latency-ext-009.txt,ad0d5e61-ccae-403b-91b2-4bf067fc38df,2026-09-12 01:04:29.134198+00,2026-09-12 01:04:29.143648+00,94a406f0a2a54de2056a8697d8ce85286766999e068b24f9f336b58ddc4923aa,alert_only,low
/watch/latency-ext-010.txt,cdafd3b5-a680-4c72-b71a-4c31a439b235,2026-09-12 01:04:29.23336+00,2026-09-12 01:04:29.238944+00,1350ff8e3b4095b7eff3553b891b1a692795112f48c454f4017ed9fb1df9d234,alert_only,low
/watch/latency-ext-011.txt,35a164fa-00e3-4d6f-b1b1-d38551923cfa,2026-09-12 01:04:29.334171+00,2026-09-12 01:04:29.343939+00,8c5ddfeee6737298bdd4edfe0eefb0f37e4b62e6a340ff9325b69352a1bf3763,alert_only,low
/watch/latency-ext-012.txt,a1786077-3b04-441d-afad-c91c89d60ac0,2026-09-12 01:04:29.434448+00,2026-09-12 01:04:29.444238+00,249d26d64ad6cdfefaedc7d0e69437daa7ef481bf70371214a8c21823b843182,alert_only,low
/watch/latency-ext-013.txt,02b9fc1e-8179-43d5-9000-5561a330b835,2026-09-12 01:04:29.533994+00,2026-09-12 01:04:29.544287+00,ed72fd5b25cd8de97a91060e37484510e65a9b36d8f093bef66fb8ff2f4bacf8,alert_only,low
/watch/latency-ext-014.txt,2942b971-bab2-4cce-9fe9-3507b1576c40,2026-09-12 01:04:29.634146+00,2026-09-12 01:04:29.643413+00,6b32d650a5bd8805934c2fc4017b846e4b3a5d716707f2653cfff5d7347e9df4,alert_only,low
/watch/latency-ext-015.txt,1a17523d-20c5-4bae-8442-db6a7dcd9b12,2026-09-12 01:04:29.734062+00,2026-09-12 01:04:29.744143+00,187ae7627a959253457e1e0b03875c38936d6a3d174ad988d0397209af27aa30,alert_only,low
/watch/latency-ext-016.txt,873c52c8-c130-4b67-acd2-1c038b747656,2026-09-12 01:04:29.834088+00,2026-09-12 01:04:29.844967+00,9fdc01595a92e7631d7457430bfd2aeffab23e17a985162bc8af08a554b90d06,alert_only,low
/watch/latency-ext-017.txt,00604e52-aafc-4050-a7a4-b587a3d50f7d,2026-09-12 01:04:29.933496+00,2026-09-12 01:04:29.941005+00,c23a1eb7166ccea27323604100659da9ba29e9c76e99fac4c05b515276e40efb,alert_only,low
/watch/latency-ext-018.txt,04fbf38f-bce6-4468-844d-268715f2c2a5,2026-09-12 01:04:30.03458+00,2026-09-12 01:04:30.04418+00,fd02ed103728a1a10771a73619d13bd582f73e227d04f40a943f6268424ba797,alert_only,low
/watch/latency-ext-019.txt,008ae2f5-07fe-41cb-bbd6-6409e1800348,2026-09-12 01:04:30.134319+00,2026-09-12 01:04:30.141199+00,8b67e7ae6b21becc26f3b5607703d4a4ce3bb82c3132e5ab785e3e5a9efc7dee,alert_only,low
/watch/latency-ext-020.txt,845deab0-f3c6-406c-b83b-059a5628d486,2026-09-12 01:04:30.234315+00,2026-09-12 01:04:30.244441+00,e40461a483de989beff21b8c6fccf5a17e006bd51b4c99d394e63839c895fb86,alert_only,low
/watch/latency-ext-021.txt,13a0359b-5c65-4fa1-9fa6-c5f2cfe5faa6,2026-09-12 01:04:30.334468+00,2026-09-12 01:04:30.344683+00,127c42ee97185adaf01bbb63924f5fd2f7c98e1207522c744843e5cbeb1ea3cb,alert_only,low
/watch/latency-ext-022.txt,1b95c91c-06fa-4090-b4b2-5fe578218c3b,2026-09-12 01:04:30.43412+00,2026-09-12 01:04:30.444129+00,e956b1132816f53f5ee3c3725df1bb07b6390a9ec68a9d3bd0c7e6601127e5ef,alert_only,low
/watch/latency-ext-023.txt,e7fa5fae-b5b4-44e4-aa9c-f1886b476dd1,2026-09-12 01:04:30.534168+00,2026-09-12 01:04:30.544522+00,282e241031310d3e3d7da0c0d538fd29a02159daa3e9eb8b609bb3e5d156b995,alert_only,low
/watch/latency-ext-024.txt,f3074cb0-28e0-4730-81a4-6149c7bf3f60,2026-09-12 01:04:30.633816+00,2026-09-12 01:04:30.642554+00,76b2841060f494d2406fc3273ca881bf609cbf248906e75fbd8beec5eed72810,alert_only,low
/watch/latency-ext-025.txt,62a46562-86da-433c-8fb6-6dcc3fe53fe4,2026-09-12 01:04:30.734185+00,2026-09-12 01:04:30.744136+00,bace7d8dad31940303e32933207e2ec631acbe063db65ed02acf202deb012d00,alert_only,low
/watch/latency-ext-026.txt,bc72be15-5902-4e7f-9e58-bc5cc1e64e5e,2026-09-12 01:04:30.83397+00,2026-09-12 01:04:30.844656+00,51b6d20324737a42d8e4d6ec98b969cd046d289edf65db250db533c0122f948e,alert_only,low
/watch/latency-ext-027.txt,2b448446-5561-45b7-95b8-6300c1db09e8,2026-09-12 01:04:30.934023+00,2026-09-12 01:04:30.943909+00,4d26be2aa3d9edff3ee648941b84d82bf5b54904a2d2ae28764aafdfc62b3c55,alert_only,low
/watch/latency-ext-028.txt,8051ab1a-fcdc-45e2-9355-f05ec2ccbe6a,2026-09-12 01:04:31.033164+00,2026-09-12 01:04:31.03907+00,2fb5daa0075ec33afcc9e3e35daf87dc2828540815fe4fff40e8d1fc144071d9,alert_only,low
/watch/latency-ext-029.txt,c642338d-cb3f-4cd2-abfa-f95c528885a2,2026-09-12 01:04:31.134322+00,2026-09-12 01:04:31.14412+00,a4cb0debf0820b139f0df6acc4af9da237681fca57c42db21eefd3da1107b1e8,alert_only,low
/watch/latency-ext-030.txt,23ef14ec-8e3e-4acf-ade2-4d67da8689e9,2026-09-12 01:04:31.234347+00,2026-09-12 01:04:31.244429+00,c1421ff6c0f1281d9ed3adb726b8f7e623b49bcae1a9042dd085827063d9e4e5,alert_only,low
/watch/latency-ext-031.txt,3ad55ff9-6d82-4d9e-9d67-436ee07bb6a5,2026-09-12 01:04:31.334382+00,2026-09-12 01:04:31.344473+00,86325f4a111efc2223544319e75786df87366c9f24a342d9625668785deb7ba7,alert_only,low
/watch/latency-ext-032.txt,5142020a-6554-4e6d-900b-6d130dc5aa23,2026-09-12 01:04:31.434446+00,2026-09-12 01:04:31.444248+00,14ac08527c56bdbc7a13de00eed25ed992d1ec0dcf57e13bee2a2a0b400f5b28,alert_only,low
/watch/latency-ext-033.txt,35910cd4-5db8-40f5-95a8-f915be504d03,2026-09-12 01:04:31.534125+00,2026-09-12 01:04:31.54446+00,6160a39d5f71fb16ec5d739858b8fc55ece1c8cbee5731297e872ef5a8a88245,alert_only,low
/watch/latency-ext-034.txt,aec6e82d-29ba-421b-a15b-efa02c862e6e,2026-09-12 01:04:31.633201+00,2026-09-12 01:04:31.641366+00,80306287ea46432c50b95c73250cb4f91626f609a99b5ee4bd96a34198389dbb,alert_only,low
/watch/latency-ext-035.txt,cb2c77ea-10ae-43b9-b659-9aecc07fd453,2026-09-12 01:04:31.734645+00,2026-09-12 01:04:31.745958+00,26bc280c17151055c0b57d4f7a2f2cc97a9294281efedcdfbc72662a3b1095a7,alert_only,low
/watch/latency-ext-036.txt,a5a8e99d-16b5-4d28-87c0-5632b6a09b5a,2026-09-12 01:04:31.834425+00,2026-09-12 01:04:31.846462+00,6daa0f6275ea3a15d685ce778622aeaaf8b890444b9b8133e1c3544b24eaff1c,alert_only,low
/watch/latency-ext-037.txt,dce83e45-82e4-45a4-b486-a3c8b8ced5e7,2026-09-12 01:04:31.934323+00,2026-09-12 01:04:31.947959+00,4d44a85af7c7f5088804ee296dd2a894d569d48f64443d8eb3900920702572e4,alert_only,low
/watch/latency-ext-038.txt,111e490d-1085-43c2-8427-c243826f449f,2026-09-12 01:04:32.034384+00,2026-09-12 01:04:32.048398+00,f854972eb9f46ec0b927eb3a6359e9ff4396603cd694267879559ffcdd2eb05e,alert_only,low
/watch/latency-ext-039.txt,2f802f3c-ad7a-426a-99c8-e04582cc957f,2026-09-12 01:04:32.134408+00,2026-09-12 01:04:32.150659+00,5b4eeb28c6f186cac11861b089fe125640b2843996a07fb2ee1b13eb6f8772c2,alert_only,low
/watch/latency-ext-040.txt,7c11f010-ab1f-4e93-a3c2-3297afcdbf52,2026-09-12 01:04:32.234322+00,2026-09-12 01:04:32.254681+00,d0d54b1a4986d2962b4818f47b28acc88bede0fe933b10a5a7733a6a372303b6,alert_only,low
/watch/latency-ext-041.txt,dd53c453-88f2-486f-9a77-f4fc841f3c91,2026-09-12 01:04:32.334343+00,2026-09-12 01:04:32.359229+00,5e2762a1300cf05b0546761285fffaaef6c2e9906f268ebefe413faac6ec632a,alert_only,low
/watch/latency-ext-042.txt,9f73fb33-8484-4a89-acc6-c7010b55a50d,2026-09-12 01:04:32.434293+00,2026-09-12 01:04:32.458917+00,91e0f75ed8684af1306d3bb639b1c2a3e22fae8c4287f0151b7c59c68a312df1,alert_only,low
/watch/latency-ext-043.txt,3528e0c2-ca36-4519-ab4e-c6d2265add1d,2026-09-12 01:04:32.533421+00,2026-09-12 01:04:32.555526+00,f080625292169b702d3109d28869ec244c272efa07618911b4e54874f371ce7a,alert_only,low
/watch/latency-ext-044.txt,d7ba2b8f-6c91-445d-9f1d-d1539084c1b9,2026-09-12 01:04:32.633588+00,2026-09-12 01:04:32.644317+00,8a7ee5b1ebd6ab1915d4e82388d6dd60855ea930c935e73feaa6b14810dc523f,alert_only,low
/watch/latency-ext-045.txt,c552185b-a52f-499a-bc56-4fcc5382b971,2026-09-12 01:04:32.734084+00,2026-09-12 01:04:32.756964+00,615e3ae88d41c42faafbd9b970ebe8ea2e084582e6d3d9c8ca102553fd6a3cfe,alert_only,low
/watch/latency-ext-046.txt,e74e39df-75ad-4615-8830-175d3a29c634,2026-09-12 01:04:32.834424+00,2026-09-12 01:04:32.858091+00,80ac130edf13003fb4d3023082d9efe800b8563d8969641f1522c858d022bc9e,alert_only,low
/watch/latency-ext-047.txt,26cc745e-7634-4b88-ba4e-60a812ea8037,2026-09-12 01:04:32.934179+00,2026-09-12 01:04:32.960373+00,79b0d3c2f6b622868531f37ff38bdf44aef88358082d2979db1af7e9f75c3e58,alert_only,low
/watch/latency-ext-048.txt,0d4cd09c-1e2a-4365-98c6-1d77bb478b13,2026-09-12 01:04:33.03404+00,2026-09-12 01:04:33.064806+00,f701cf15f66281dd1005793e36a7f5d905a73a718aaaa3cb58ffb1eb9b1cd8ef,alert_only,low
/watch/latency-ext-049.txt,43994bfe-9862-4e1b-8c8c-31b982f8c93e,2026-09-12 01:04:33.134278+00,2026-09-12 01:04:33.143844+00,57f68ac88d82ac4c39302fb8e63ce47917a33dd2153b3638e3940fc59f44e359,alert_only,low
/watch/latency-ext-050.txt,c7b61efb-3108-4abc-bf1c-e80e1fbca66a,2026-09-12 01:04:33.23397+00,2026-09-12 01:04:33.24363+00,db118b5f0adb56710358c7ed16cb0224c744def36dd49e2d6c7b30072978382e,alert_only,low
/watch/latency-ext-051.txt,8a224fb5-b45b-4676-8f03-5b803efda917,2026-09-12 01:04:33.33424+00,2026-09-12 01:04:33.347305+00,5c0ee6b82d6cf9f7886b6970a443f9e838e09be8989b781d7853d5b93e9bf43c,alert_only,low
/watch/latency-ext-052.txt,0a4ed03e-a5ed-442a-9f3b-c4cbeb44a15a,2026-09-12 01:04:33.43439+00,2026-09-12 01:04:33.450798+00,28f0ef8ae31dd6d5941eac71574f1f0439b9654eee04d040c558e7e24d2ecef3,alert_only,low
/watch/latency-ext-053.txt,2115effe-f5ec-475f-ba9a-795b26498f73,2026-09-12 01:04:33.534056+00,2026-09-12 01:04:33.552073+00,2a2d147ab2b4775727165b0acba04bd225adf8507fb57bd6df50c06cc8ce4b62,alert_only,low
/watch/latency-ext-054.txt,733040b7-49c4-47a2-b3c1-7184d1d871da,2026-09-12 01:04:33.634004+00,2026-09-12 01:04:33.665243+00,faa44f5cd5cccea29719f1a064001eadc2f555145fd2cdc3cded638fbdfc19ca,alert_only,low
/watch/latency-ext-055.txt,34bd691f-91a9-4082-9ddb-dd13d06e1b66,2026-09-12 01:04:33.734489+00,2026-09-12 01:04:33.7428+00,031157b14fbdc0dff0581822764c6591366981b933b089fa99c4bb89ceca4937,alert_only,low
/watch/latency-ext-056.txt,03a7eab4-6022-44f6-a596-0192918b0e27,2026-09-12 01:04:33.834181+00,2026-09-12 01:04:33.858985+00,f1807c39fcbb03b6d56f45cdd8f29f9212ef83a8dc8221aba84482a3c60b6772,alert_only,low
/watch/latency-ext-057.txt,cd41fbd1-534e-431f-990d-dba667034051,2026-09-12 01:04:33.934289+00,2026-09-12 01:04:33.961139+00,1fff4b6e4b55fc14424ab26771f4fcad4fb4acdc919f2fe15f06f7406ed9b41c,alert_only,low
/watch/latency-ext-058.txt,52a74ad2-9fb8-4406-affe-3a923b3f9209,2026-09-12 01:04:34.034045+00,2026-09-12 01:04:34.061291+00,e49b3cd98c6fd21e6e2eaf820916eee2ecb8a908110747992ee196279003fc4d,alert_only,low
/watch/latency-ext-059.txt,f01c6cd0-1776-4730-b005-988c343fa560,2026-09-12 01:04:34.134004+00,2026-09-12 01:04:34.159744+00,bd7ced2071354ab26d385e6653f015d2df331eb61decab2c410ba948b117fc1e,alert_only,low
/watch/latency-ext-060.txt,c9005e0e-f724-409c-983e-6a7e0dfd4112,2026-09-12 01:04:34.234394+00,2026-09-12 01:04:34.25403+00,aca8876a7ead5c672023718ef1552564f206e46b71d0cbe625bac7e5a768a27a,alert_only,low
/watch/latency-ext-061.txt,c6071ad3-04d7-4638-b98e-ba8635f91f92,2026-09-12 01:04:34.333426+00,2026-09-12 01:04:34.345335+00,d3b363f661d83f975d508a591314130d9808cdc3b590fe47afadeda6f82746e0,alert_only,low
/watch/latency-ext-062.txt,f00b731c-daa8-4ad2-9e78-b1cf515fc867,2026-09-12 01:04:34.434193+00,2026-09-12 01:04:34.459323+00,a27d5678f0deff06c09c97bbcd7b1a5cc06011f71ee59ccf85ef2aae8b475150,alert_only,low
/watch/latency-ext-063.txt,2216bc05-4174-4596-af47-89e1c4f1614e,2026-09-12 01:04:34.53347+00,2026-09-12 01:04:34.55687+00,7471c60c4693d3dceb24f30c02ea55970a88577cbdc5533782d0eed896a72296,alert_only,low
/watch/latency-ext-064.txt,5000de67-6ddd-46cf-ad06-6dc670d5c63d,2026-09-12 01:04:34.634335+00,2026-09-12 01:04:34.654428+00,a4d8042d0527375b1cd15a367b1a40b2942a3f7211874fb375c77760f86d42e7,alert_only,low
/watch/latency-ext-065.txt,2e40c108-f375-4214-9bcf-dc08b9f7a1d5,2026-09-12 01:04:34.733412+00,2026-09-12 01:04:34.7406+00,211d5466f1fb9eaa8f0722d0509563eed3afd603f3c4f39ce57620f864559cb3,alert_only,low
/watch/latency-ext-066.txt,7ab5f9db-59af-4c3e-9717-ce15820d7d25,2026-09-12 01:04:34.834083+00,2026-09-12 01:04:34.857307+00,640973ed33ec937eb9a7033b751c3c5b33b086439b1fb299ae7e7e0f266e138b,alert_only,low
/watch/latency-ext-067.txt,89cfc5b0-2804-41c3-a868-4d62b449d2a0,2026-09-12 01:04:34.934103+00,2026-09-12 01:04:34.956999+00,265f8d3598e7fa865e1a0fc7e72e8de6dc68e2ccbe42067ac4aedf6ef3b13f8e,alert_only,low
/watch/latency-ext-068.txt,d88aa980-5b0a-404b-9691-48122a3f3dc7,2026-09-12 01:04:35.034304+00,2026-09-12 01:04:35.050833+00,b036176d321926980fcccb0b1f1bca481a62ee7c62bd3f54b2e204e829a83b52,alert_only,low
/watch/latency-ext-069.txt,04b95b00-c759-41ed-9063-0b7fd67fd0fb,2026-09-12 01:04:35.134068+00,2026-09-12 01:04:35.154072+00,242e4ed91e12b238bee590a22ad0da049af2b04e1f871efd0ce1d3952f5e1d9e,alert_only,low
/watch/latency-ext-070.txt,49b2e756-ad9e-43a9-84a9-34a6eccc0d0d,2026-09-12 01:04:35.234036+00,2026-09-12 01:04:35.249013+00,781dce9ba2da0cc1e974b1a2cb5aa9da7761c4e28e2f1df4a89ddaf88a2e1f95,alert_only,low
/watch/latency-ext-071.txt,67cbacbd-f404-4b0f-9b34-116d9a37daf3,2026-09-12 01:04:35.333896+00,2026-09-12 01:04:35.355322+00,30c9eb274580c0960467888e8013affe753457cde6e82ccde280ecd09511fd59,alert_only,low
/watch/latency-ext-072.txt,ba8cd889-7d3f-4a30-82b5-a13196dfb8dc,2026-09-12 01:04:35.434069+00,2026-09-12 01:04:35.450817+00,49fb4610c75cb8adaf4f81ac268179dfb1ae029bafa2235a78300e330e9e4c41,alert_only,low
/watch/latency-ext-073.txt,5ec10f6d-0bf1-405f-b9e2-7c6010878562,2026-09-12 01:04:35.534491+00,2026-09-12 01:04:35.546736+00,8d3c4a171eaae83e16906d4465885cf6dff4a4d86c1236e769bfee9444ad4f5b,alert_only,low
/watch/latency-ext-074.txt,444a06a4-1812-4706-a7f9-7e11870bb045,2026-09-12 01:04:35.633654+00,2026-09-12 01:04:35.649801+00,faad4d09bb6e12af4040823b548dd28d9d2f839b846047a2f7199aab9a20387b,alert_only,low
/watch/latency-ext-075.txt,769c869f-63f2-43c3-87bb-611eff304217,2026-09-12 01:04:35.734162+00,2026-09-12 01:04:35.749859+00,1c8acea59d7ae3d0246d5499bf62bb606e0feff28be3e051b2991843dc8ce0c9,alert_only,low
/watch/latency-ext-076.txt,efd101c6-efec-4684-b528-ebc4ae0a5792,2026-09-12 01:04:35.834148+00,2026-09-12 01:04:35.853095+00,0b923dea44c1bf25747dbb4551e6504d2993298144b30db72fcd86b70a8111da,alert_only,low
/watch/latency-ext-077.txt,4b910d64-efbf-4df1-8529-6ea129e2377d,2026-09-12 01:04:35.934136+00,2026-09-12 01:04:35.954154+00,f5219544b25a045ca3cd845a2aed0f2030036bc6b644bce6c4c1712cdc943d54,alert_only,low
/watch/latency-ext-078.txt,d283da5b-8272-4f25-83fc-603ae500c59c,2026-09-12 01:04:36.03433+00,2026-09-12 01:04:36.04649+00,d0269fe19c6feccfe7e52a0699ee57b4d7e9a4c3b8e024f8ba96f73253021e4b,alert_only,low
/watch/latency-ext-079.txt,577ab196-e9ed-4ec8-8213-dab6021dea7a,2026-09-12 01:04:36.134605+00,2026-09-12 01:04:36.148577+00,d49dfae4e90a3ab021ca6051282e56f2d9b7821189abdd6433d627a10bc53834,alert_only,low
/watch/latency-ext-080.txt,c1d71c91-601d-4ae4-851f-55354cdb2379,2026-09-12 01:04:36.234187+00,2026-09-12 01:04:36.247764+00,5facfa22a1c7139aa4a70d37f1967ee13c2f724eea15ab4bcc0b2ff7a4caf344,alert_only,low
/watch/latency-ext-081.txt,795db31d-4def-4a6b-a572-18ebf2f1dcbd,2026-09-12 01:04:36.333847+00,2026-09-12 01:04:36.347567+00,5c3388fe424b10d5d5f9f6403a9f829c3d179a888157d77ca874bb1fe367646d,alert_only,low
/watch/latency-ext-082.txt,e546c0ad-8065-442d-8e84-944c3001b063,2026-09-12 01:04:36.434124+00,2026-09-12 01:04:36.449112+00,4554f180c2480ef5ea62c2e86c17551bf3b10c7bac99d8eb6228a6e4e170a815,alert_only,low
/watch/latency-ext-083.txt,0a6dc5c8-f81d-42c9-ae09-ac488f5cb4fb,2026-09-12 01:04:36.533859+00,2026-09-12 01:04:36.54306+00,e61e52d08dbc146fc1de687990d79f1a150829595362b64d68d18bbba998e4ad,alert_only,low
/watch/latency-ext-084.txt,a4727899-42d2-4d6f-ac69-0676308525ef,2026-09-12 01:04:36.63397+00,2026-09-12 01:04:36.646445+00,1ad37e498e92834240731bc4bc4fdb630d8ec9f90f6b54d1793a3a9d1dcfafc1,alert_only,low
/watch/latency-ext-085.txt,7f3cc11d-1dda-4f72-95ad-14e693a5428d,2026-09-12 01:04:36.734243+00,2026-09-12 01:04:36.744274+00,ad63c071e53276dc85051bf31f693215201dfb3a02a25ba7eb022c09f7660be7,alert_only,low
/watch/latency-ext-086.txt,8631ce0a-9893-49cc-b666-25743d1739a4,2026-09-12 01:04:36.83368+00,2026-09-12 01:04:36.852157+00,51371b93e7c7ca1eb5b17ef3fef9334a8ec427e662331b731cf12976fb51fefe,alert_only,low
/watch/latency-ext-087.txt,5860c0c0-20bb-4c43-9e79-5b204970c263,2026-09-12 01:04:36.934301+00,2026-09-12 01:04:36.954662+00,e6a0ac7170b905bd622c25a498229a4042d8ae5e9ada4bca185c69006d7dedf5,alert_only,low
/watch/latency-ext-088.txt,53f5b44e-99e9-4cf2-80f3-8f14158f16e5,2026-09-12 01:04:37.03459+00,2026-09-12 01:04:37.048013+00,4f145ad837b66ba14d06c243f72a25be6e3f71c5f50a3ca0da6c9b36af52dfd0,alert_only,low
/watch/latency-ext-089.txt,8dac46d1-69a3-4bb4-8dca-799994824809,2026-09-12 01:04:37.134532+00,2026-09-12 01:04:37.149867+00,99dad17d355cc66752974e17c2e0ee3ecbdf29f322da5fd746a07319b614b6ea,alert_only,low
/watch/latency-ext-090.txt,8fe579a4-8cc5-4ccf-8bc2-2935b568b88f,2026-09-12 01:04:37.234476+00,2026-09-12 01:04:37.25245+00,b84c6d2a017d5c7a72526fdd23cb8c3f3356c409d4225b4d2f0e9ee7c43695bf,alert_only,low
/watch/latency-ext-091.txt,9dabd463-3b39-4742-b525-d14fffa3a60a,2026-09-12 01:04:37.334549+00,2026-09-12 01:04:37.354352+00,85f4b18759c15a09ae075471acda2af4ac9098bce9fc14b35fd04214d5d14742,alert_only,low
/watch/latency-ext-092.txt,320f694d-3efd-4d58-87f6-532a52630556,2026-09-12 01:04:37.434527+00,2026-09-12 01:04:37.445735+00,9257131651b281d2e6589b7e0cb04bff856487747359696de2785c77a9e34881,alert_only,low
/watch/latency-ext-093.txt,cd4933a0-b70b-4d44-aac0-bcf557a67d44,2026-09-12 01:04:37.534164+00,2026-09-12 01:04:37.54799+00,ce8f6ea0960f2d24748a16f3bbe2e2695f83f5b8da92ee9b48a5bd11f19aae3f,alert_only,low
/watch/latency-ext-094.txt,6f7e4aed-161c-47f4-b671-75e02beb00c1,2026-09-12 01:04:37.633899+00,2026-09-12 01:04:37.652462+00,276a4577eb9729f05f704447d55eac9dff7565e547777ce732d87131a45a1eec,alert_only,low
/watch/latency-ext-095.txt,8b7bce27-e5e6-4985-8613-98279623bc4e,2026-09-12 01:04:37.734191+00,2026-09-12 01:04:37.746975+00,2015b54b6921ed02939bb555249b417a72b8be96ff70d897b5ac148f353980e3,alert_only,low
/watch/latency-ext-096.txt,1532524e-7099-4f78-9776-6484ab039b41,2026-09-12 01:04:37.834006+00,2026-09-12 01:04:37.848601+00,df34d489a199befa3de20495b3c7d182c3b53253c95ed23c792ab64862da83b8,alert_only,low
/watch/latency-ext-097.txt,06da8011-d9e7-4ad3-b4c5-57d2d878028a,2026-09-12 01:04:37.93429+00,2026-09-12 01:04:37.944154+00,35a129e78e201058bc2659e53bea2cd861072ac98adf178c5d96142ffa5410e1,alert_only,low
/watch/latency-ext-098.txt,68dc80b6-c445-409a-a931-d9575f00d3d1,2026-09-12 01:04:38.033944+00,2026-09-12 01:04:38.050998+00,f124db69ce68b2da3b141e1106857ad06f285e55170e6a756c0bb4d5f2719596,alert_only,low
/watch/latency-ext-099.txt,205393b8-8f17-4a9a-89e2-d0f3ae47c031,2026-09-12 01:04:38.134282+00,2026-09-12 01:04:38.15542+00,5eadb95e9088c8c156ea639cbbfcb315d0c431d06020e40bc5e51a4de9b341b9,alert_only,low
