operation_id,case,operation,expected_detection,kernel_seen,suppressed,decision_seen,queue_persisted,xadd_succeeded,xadd_failed,acknowledged,backend_persisted,backend_status,backend_received_at,event_ids,stages,interpretation
absence-20260910T052521Z-r2:1,B_sucesivo_c1,modify,True,True,False,True,True,True,False,True,True,alert_only,2026-09-10 05:26:24.873171+00:00,bf1a21e1-2d07-4c18-a693-53a0513a6eee,ack_valid|baseline_read|change_classified|decision_evaluated|kernel_received|queue_enqueue_persisted|xadd_succeeded,fully_correlated
absence-20260910T052521Z-r2:2,B_sucesivo_c2,modify,True,True,False,True,True,True,False,True,True,alert_only,2026-09-10 05:26:27.865849+00:00,22d6b657-c645-4d52-be56-08e2a4d7d161,ack_valid|baseline_read|change_classified|decision_evaluated|kernel_received|queue_enqueue_persisted|xadd_succeeded,fully_correlated
absence-20260910T052521Z-r2:3,B_retorno_baseline_aprobada,modify,False,True,True,False,False,False,False,False,not_applicable,,,,baseline_read|decision_suppressed|kernel_received,suppressed_by_active_baseline
absence-20260910T052521Z-r2:4,C_create,create,True,True,False,True,True,True,False,True,True,alert_only,2026-09-10 05:26:33.873549+00:00,c3d00004-1e1e-41d5-8e12-d21254099b7d,ack_valid|baseline_read|change_classified|decision_evaluated|kernel_received|queue_enqueue_persisted|xadd_succeeded,fully_correlated
absence-20260910T052521Z-r2:5,C_delete,delete,True,True,False,True,True,True,False,True,True,alert_only,2026-09-10 05:26:36.876001+00:00,414537f9-7da0-4087-8ea7-ce66041a3659,ack_valid|baseline_read|change_classified|decision_evaluated|kernel_received|queue_enqueue_persisted|xadd_succeeded,fully_correlated
absence-20260910T052521Z-r2:6,D_ephemeral,ephemeral,,True,False,True,True,True,False,True,True,alert_only,2026-09-10 05:26:37.053925+00:00,fe213b4e-e10e-4583-90dc-b00f59c7fa29,ack_valid|baseline_read|change_classified|decision_evaluated|kernel_received|queue_enqueue_persisted|xadd_succeeded,fully_correlated
absence-20260910T052521Z-r2:7,B_sucesivo_c1,modify,True,True,False,True,True,True,False,True,True,alert_only,2026-09-10 05:26:42.878439+00:00,bd66b15b-f130-46e5-8062-f31a321b2c9a,ack_valid|baseline_read|change_classified|decision_evaluated|kernel_received|queue_enqueue_persisted|xadd_succeeded,fully_correlated
absence-20260910T052521Z-r2:8,B_sucesivo_c2,modify,True,True,False,True,True,True,False,True,True,alert_only,2026-09-10 05:26:45.876108+00:00,ca7896d7-efd1-4f54-8a84-feda6c18ce23,ack_valid|baseline_read|change_classified|decision_evaluated|kernel_received|queue_enqueue_persisted|xadd_succeeded,fully_correlated
absence-20260910T052521Z-r2:9,B_retorno_baseline_aprobada,modify,False,True,True,False,False,False,False,False,not_applicable,,,,baseline_read|decision_suppressed|kernel_received,suppressed_by_active_baseline
absence-20260910T052521Z-r2:10,C_create,create,True,True,True,True,True,True,False,True,True,alert_only,2026-09-10 05:26:51.882170+00:00,38aa25f3-429d-4bb0-ac26-2186b889d7e6,ack_valid|baseline_read|change_classified|decision_evaluated|decision_suppressed|kernel_received|queue_enqueue_persisted|xadd_succeeded,fully_correlated
absence-20260910T052521Z-r2:11,C_delete,delete,True,True,False,True,True,True,False,True,True,alert_only,2026-09-10 05:26:54.881369+00:00,1f5f64b0-e318-433a-b54c-4392ae69034e,ack_valid|baseline_read|change_classified|decision_evaluated|kernel_received|queue_enqueue_persisted|xadd_succeeded,fully_correlated
absence-20260910T052521Z-r2:12,D_ephemeral,ephemeral,,True,False,True,True,True,False,True,True,alert_only,2026-09-10 05:26:55.061715+00:00,c1c5274c-a523-49f0-bf1e-d682fbe6af4a,ack_valid|baseline_read|change_classified|decision_evaluated|kernel_received|queue_enqueue_persisted|xadd_succeeded,fully_correlated
absence-20260910T052521Z-r2:13,B_sucesivo_c1,modify,True,True,False,True,True,True,False,True,True,alert_only,2026-09-10 05:27:00.882290+00:00,6ee74cc3-9804-4b75-bcde-11c4ea8c8108,ack_valid|baseline_read|change_classified|decision_evaluated|kernel_received|queue_enqueue_persisted|xadd_succeeded,fully_correlated
absence-20260910T052521Z-r2:14,B_sucesivo_c2,modify,True,True,False,True,True,True,False,True,True,alert_only,2026-09-10 05:27:03.880861+00:00,f072377a-c4fa-43bb-ab7b-3cd2d052f369,ack_valid|baseline_read|change_classified|decision_evaluated|kernel_received|queue_enqueue_persisted|xadd_succeeded,fully_correlated
absence-20260910T052521Z-r2:15,B_retorno_baseline_aprobada,modify,False,True,True,False,False,False,False,False,not_applicable,,,,baseline_read|decision_suppressed|kernel_received,suppressed_by_active_baseline
absence-20260910T052521Z-r2:16,C_create,create,True,True,False,True,True,True,False,True,True,alert_only,2026-09-10 05:27:09.884754+00:00,31760db5-4884-48e1-8700-2e6b942b3ccd,ack_valid|baseline_read|change_classified|decision_evaluated|kernel_received|queue_enqueue_persisted|xadd_succeeded,fully_correlated
absence-20260910T052521Z-r2:17,C_delete,delete,True,True,False,True,True,True,False,True,True,alert_only,2026-09-10 05:27:12.881383+00:00,9d867091-3dc7-4777-9dc5-0523adfa8998,ack_valid|baseline_read|change_classified|decision_evaluated|kernel_received|queue_enqueue_persisted|xadd_succeeded,fully_correlated
absence-20260910T052521Z-r2:18,D_ephemeral,ephemeral,,True,False,True,True,True,False,True,True,alert_only,2026-09-10 05:27:13.057840+00:00,b06460b6-3ada-4af0-b4ad-d0d31a599302,ack_valid|baseline_read|change_classified|decision_evaluated|kernel_received|queue_enqueue_persisted|xadd_succeeded,fully_correlated
absence-20260910T052521Z-r2:19,B_sucesivo_c1,modify,True,True,False,True,True,True,False,True,True,alert_only,2026-09-10 05:27:18.891018+00:00,53d13811-cc14-4bf1-93c0-2152a2da0448,ack_valid|baseline_read|change_classified|decision_evaluated|kernel_received|queue_enqueue_persisted|xadd_succeeded,fully_correlated
absence-20260910T052521Z-r2:20,B_sucesivo_c2,modify,True,True,False,True,True,True,False,True,True,alert_only,2026-09-10 05:27:21.885527+00:00,73d3a3c7-5c7e-48bf-94f1-5d1d00fa0451,ack_valid|baseline_read|change_classified|decision_evaluated|kernel_received|queue_enqueue_persisted|xadd_succeeded,fully_correlated
absence-20260910T052521Z-r2:21,B_retorno_baseline_aprobada,modify,False,True,True,False,False,False,False,False,not_applicable,,,,baseline_read|decision_suppressed|kernel_received,suppressed_by_active_baseline
absence-20260910T052521Z-r2:22,C_create,create,True,True,True,True,True,True,False,True,True,alert_only,2026-09-10 05:27:27.895271+00:00,2c59ff3c-f33d-4c3c-bb1a-20d90cc8fd6f,ack_valid|baseline_read|change_classified|decision_evaluated|decision_suppressed|kernel_received|queue_enqueue_persisted|xadd_succeeded,fully_correlated
absence-20260910T052521Z-r2:23,C_delete,delete,True,True,False,True,True,True,False,True,True,alert_only,2026-09-10 05:27:30.896596+00:00,bebacab1-4a16-4097-bfed-15b0f665d7c4,ack_valid|baseline_read|change_classified|decision_evaluated|kernel_received|queue_enqueue_persisted|xadd_succeeded,fully_correlated
absence-20260910T052521Z-r2:24,D_ephemeral,ephemeral,,True,False,True,True,True,False,True,True,alert_only,2026-09-10 05:27:31.079492+00:00,7bc15335-60cd-461f-9658-acd146466ee2,ack_valid|baseline_read|change_classified|decision_evaluated|kernel_received|queue_enqueue_persisted|xadd_succeeded,fully_correlated
absence-20260910T052521Z-r2:25,B_sucesivo_c1,modify,True,True,False,True,True,True,False,True,True,alert_only,2026-09-10 05:27:36.895444+00:00,4b5cdc58-618b-497b-b485-39958d4c45c3,ack_valid|baseline_read|change_classified|decision_evaluated|kernel_received|queue_enqueue_persisted|xadd_succeeded,fully_correlated
absence-20260910T052521Z-r2:26,B_sucesivo_c2,modify,True,True,False,True,True,True,False,True,True,alert_only,2026-09-10 05:27:39.893699+00:00,37a96baa-a2c2-42d1-9d50-a45e458b4748,ack_valid|baseline_read|change_classified|decision_evaluated|kernel_received|queue_enqueue_persisted|xadd_succeeded,fully_correlated
absence-20260910T052521Z-r2:27,B_retorno_baseline_aprobada,modify,False,True,True,False,False,False,False,False,not_applicable,,,,baseline_read|decision_suppressed|kernel_received,suppressed_by_active_baseline
absence-20260910T052521Z-r2:28,C_create,create,True,True,False,True,True,True,False,True,True,alert_only,2026-09-10 05:27:45.897377+00:00,711fce77-9af9-47e6-9cfb-20d51dc0fd45,ack_valid|baseline_read|change_classified|decision_evaluated|kernel_received|queue_enqueue_persisted|xadd_succeeded,fully_correlated
absence-20260910T052521Z-r2:29,C_delete,delete,True,True,False,True,True,True,False,True,True,alert_only,2026-09-10 05:27:48.885485+00:00,7226a784-be35-4e29-9b83-8c1d31d4ea8f,ack_valid|baseline_read|change_classified|decision_evaluated|kernel_received|queue_enqueue_persisted|xadd_succeeded,fully_correlated
absence-20260910T052521Z-r2:30,D_ephemeral,ephemeral,,True,False,True,True,True,False,True,True,alert_only,2026-09-10 05:27:49.057041+00:00,bbe5fff7-00ae-4397-bb5f-7d95543aaebc,ack_valid|baseline_read|change_classified|decision_evaluated|kernel_received|queue_enqueue_persisted|xadd_succeeded,fully_correlated
absence-20260910T052521Z-r2:31,B_sucesivo_c1,modify,True,True,False,True,True,True,False,True,True,alert_only,2026-09-10 05:27:54.893648+00:00,3adc1073-cab7-45d1-a6e5-bd248ecf5cc7,ack_valid|baseline_read|change_classified|decision_evaluated|kernel_received|queue_enqueue_persisted|xadd_succeeded,fully_correlated
absence-20260910T052521Z-r2:32,B_sucesivo_c2,modify,True,True,False,True,True,True,False,True,True,alert_only,2026-09-10 05:27:57.897048+00:00,e2a752cf-d89b-43e2-bb09-1d2729ee9813,ack_valid|baseline_read|change_classified|decision_evaluated|kernel_received|queue_enqueue_persisted|xadd_succeeded,fully_correlated
absence-20260910T052521Z-r2:33,B_retorno_baseline_aprobada,modify,False,True,True,False,False,False,False,False,not_applicable,,,,baseline_read|decision_suppressed|kernel_received,suppressed_by_active_baseline
absence-20260910T052521Z-r2:34,C_create,create,True,True,True,True,True,True,False,True,True,alert_only,2026-09-10 05:28:03.903369+00:00,8305f636-b120-436b-b690-7708686090ac,ack_valid|baseline_read|change_classified|decision_evaluated|decision_suppressed|kernel_received|queue_enqueue_persisted|xadd_succeeded,fully_correlated
absence-20260910T052521Z-r2:35,C_delete,delete,True,True,False,True,True,True,False,True,True,alert_only,2026-09-10 05:28:06.903121+00:00,8ca4dd08-fe66-4624-8212-8f8b485557ff,ack_valid|baseline_read|change_classified|decision_evaluated|kernel_received|queue_enqueue_persisted|xadd_succeeded,fully_correlated
absence-20260910T052521Z-r2:36,D_ephemeral,ephemeral,,True,False,True,True,True,False,True,True,alert_only,2026-09-10 05:28:07.080879+00:00,e3ff538b-766d-4b91-8fe8-f021787eaa0b,ack_valid|baseline_read|change_classified|decision_evaluated|kernel_received|queue_enqueue_persisted|xadd_succeeded,fully_correlated
absence-20260910T052521Z-r2:37,B_sucesivo_c1,modify,True,True,False,True,True,True,False,True,True,alert_only,2026-09-10 05:28:12.906549+00:00,a19592e8-f61b-4c47-9020-744f0d367514,ack_valid|baseline_read|change_classified|decision_evaluated|kernel_received|queue_enqueue_persisted|xadd_succeeded,fully_correlated
absence-20260910T052521Z-r2:38,B_sucesivo_c2,modify,True,True,False,True,True,True,False,True,True,alert_only,2026-09-10 05:28:15.902889+00:00,aa1c314e-aa71-4b77-804f-8188521575d6,ack_valid|baseline_read|change_classified|decision_evaluated|kernel_received|queue_enqueue_persisted|xadd_succeeded,fully_correlated
absence-20260910T052521Z-r2:39,B_retorno_baseline_aprobada,modify,False,True,True,False,False,False,False,False,not_applicable,,,,baseline_read|decision_suppressed|kernel_received,suppressed_by_active_baseline
absence-20260910T052521Z-r2:40,C_create,create,True,True,True,True,True,True,False,True,True,alert_only,2026-09-10 05:28:21.910356+00:00,d587d292-6d9a-4203-9b44-3a697970401c,ack_valid|baseline_read|change_classified|decision_evaluated|decision_suppressed|kernel_received|queue_enqueue_persisted|xadd_succeeded,fully_correlated
absence-20260910T052521Z-r2:41,C_delete,delete,True,True,False,True,True,True,False,True,True,alert_only,2026-09-10 05:28:24.910739+00:00,fb747147-4252-438c-95f8-ccea908327f1,ack_valid|baseline_read|change_classified|decision_evaluated|kernel_received|queue_enqueue_persisted|xadd_succeeded,fully_correlated
absence-20260910T052521Z-r2:42,D_ephemeral,ephemeral,,True,False,True,True,True,False,True,True,alert_only,2026-09-10 05:28:25.086476+00:00,01a26ce9-8dd4-4a5d-8f33-fddfaebc5995,ack_valid|baseline_read|change_classified|decision_evaluated|kernel_received|queue_enqueue_persisted|xadd_succeeded,fully_correlated
absence-20260910T052521Z-r2:43,B_sucesivo_c1,modify,True,True,False,True,True,True,False,True,True,alert_only,2026-09-10 05:28:30.910912+00:00,aaa4972d-d09d-41bc-aa9a-0fc9e5ac7f2c,ack_valid|baseline_read|change_classified|decision_evaluated|kernel_received|queue_enqueue_persisted|xadd_succeeded,fully_correlated
absence-20260910T052521Z-r2:44,B_sucesivo_c2,modify,True,True,False,True,True,True,False,True,True,alert_only,2026-09-10 05:28:33.909694+00:00,dc68b201-1282-4db0-95de-7211fa7e349a,ack_valid|baseline_read|change_classified|decision_evaluated|kernel_received|queue_enqueue_persisted|xadd_succeeded,fully_correlated
absence-20260910T052521Z-r2:45,B_retorno_baseline_aprobada,modify,False,True,True,False,False,False,False,False,not_applicable,,,,baseline_read|decision_suppressed|kernel_received,suppressed_by_active_baseline
absence-20260910T052521Z-r2:46,C_create,create,True,True,False,True,True,True,False,True,True,alert_only,2026-09-10 05:28:39.914510+00:00,9131fe74-1fa4-4a8a-9199-bcc6ca767523,ack_valid|baseline_read|change_classified|decision_evaluated|kernel_received|queue_enqueue_persisted|xadd_succeeded,fully_correlated
absence-20260910T052521Z-r2:47,C_delete,delete,True,True,False,True,True,True,False,True,True,alert_only,2026-09-10 05:28:42.915928+00:00,e383d093-0480-4225-b03e-6dd354852b6e,ack_valid|baseline_read|change_classified|decision_evaluated|kernel_received|queue_enqueue_persisted|xadd_succeeded,fully_correlated
absence-20260910T052521Z-r2:48,D_ephemeral,ephemeral,,True,False,True,True,True,False,True,True,alert_only,2026-09-10 05:28:43.098002+00:00,96bb7807-c940-4473-bea3-86840f9a4a64,ack_valid|baseline_read|change_classified|decision_evaluated|kernel_received|queue_enqueue_persisted|xadd_succeeded,fully_correlated
absence-20260910T052521Z-r2:49,B_sucesivo_c1,modify,True,True,False,True,True,True,False,True,True,alert_only,2026-09-10 05:28:48.907777+00:00,b555b0dc-c788-484f-8dd3-773eb3cf150d,ack_valid|baseline_read|change_classified|decision_evaluated|kernel_received|queue_enqueue_persisted|xadd_succeeded,fully_correlated
absence-20260910T052521Z-r2:50,B_sucesivo_c2,modify,True,True,False,True,True,True,False,True,True,alert_only,2026-09-10 05:28:51.913044+00:00,1fe02cc6-e4ac-4af9-bcd2-946557e649a6,ack_valid|baseline_read|change_classified|decision_evaluated|kernel_received|queue_enqueue_persisted|xadd_succeeded,fully_correlated
absence-20260910T052521Z-r2:51,B_retorno_baseline_aprobada,modify,False,True,True,False,False,False,False,False,not_applicable,,,,baseline_read|decision_suppressed|kernel_received,suppressed_by_active_baseline
absence-20260910T052521Z-r2:52,C_create,create,True,True,True,True,True,True,False,True,True,alert_only,2026-09-10 05:28:57.924404+00:00,ba660298-037e-4462-881f-69ec29724017,ack_valid|baseline_read|change_classified|decision_evaluated|decision_suppressed|kernel_received|queue_enqueue_persisted|xadd_succeeded,fully_correlated
absence-20260910T052521Z-r2:53,C_delete,delete,True,True,False,True,True,True,False,True,True,alert_only,2026-09-10 05:29:00.924569+00:00,df09814d-9abe-47b3-b368-957fe09a13e1,ack_valid|baseline_read|change_classified|decision_evaluated|kernel_received|queue_enqueue_persisted|xadd_succeeded,fully_correlated
absence-20260910T052521Z-r2:54,D_ephemeral,ephemeral,,True,False,True,True,True,False,True,True,alert_only,2026-09-10 05:29:01.104011+00:00,7fc735a2-c23a-454e-97d3-2256f594681d,ack_valid|baseline_read|change_classified|decision_evaluated|kernel_received|queue_enqueue_persisted|xadd_succeeded,fully_correlated
absence-20260910T052521Z-r2:55,B_sucesivo_c1,modify,True,True,False,True,True,True,False,True,True,alert_only,2026-09-10 05:29:06.923132+00:00,736ee971-4047-467b-8c71-da3b04189864,ack_valid|baseline_read|change_classified|decision_evaluated|kernel_received|queue_enqueue_persisted|xadd_succeeded,fully_correlated
absence-20260910T052521Z-r2:56,B_sucesivo_c2,modify,True,True,False,True,True,True,False,True,True,alert_only,2026-09-10 05:29:09.915582+00:00,ccb513b3-b0ac-4e06-93bc-826ce2b0b7bf,ack_valid|baseline_read|change_classified|decision_evaluated|kernel_received|queue_enqueue_persisted|xadd_succeeded,fully_correlated
absence-20260910T052521Z-r2:57,B_retorno_baseline_aprobada,modify,False,True,True,False,False,False,False,False,not_applicable,,,,baseline_read|decision_suppressed|kernel_received,suppressed_by_active_baseline
absence-20260910T052521Z-r2:58,C_create,create,True,True,True,True,True,True,False,True,True,alert_only,2026-09-10 05:29:15.920439+00:00,294fbd22-84f4-45ed-b9d6-c3f526eda2ff,ack_valid|baseline_read|change_classified|decision_evaluated|decision_suppressed|kernel_received|queue_enqueue_persisted|xadd_succeeded,fully_correlated
absence-20260910T052521Z-r2:59,C_delete,delete,True,True,False,True,True,True,False,True,True,alert_only,2026-09-10 05:29:18.923937+00:00,4f8eef5a-c136-4880-9ab2-bc776adec0ab,ack_valid|baseline_read|change_classified|decision_evaluated|kernel_received|queue_enqueue_persisted|xadd_succeeded,fully_correlated
absence-20260910T052521Z-r2:60,D_ephemeral,ephemeral,,True,False,True,True,True,False,True,True,alert_only,2026-09-10 05:29:19.099366+00:00,53ad567e-a951-43b2-a29f-362a0c687cec,ack_valid|baseline_read|change_classified|decision_evaluated|kernel_received|queue_enqueue_persisted|xadd_succeeded,fully_correlated
