seq,patron,operacion,ruta_agente,fim,control
1,simple,create,/srv/fim-watch/critico/gen_00001.txt,1,0
2,simple,delete,/srv/fim-watch/critico/gen_00001.txt,1,0
3,simple,create,/srv/fim-watch/gen_00002.txt,1,0
4,simple,modify,/srv/fim-watch/gen_00002.txt,1,0
5,revertido,modify,/srv/fim-watch/gen_00002.txt,1,0
6,revertido,modify,/srv/fim-watch/gen_00002.txt,1,0
7,simple,modify,/srv/fim-watch/gen_00002.txt,1,0
8,simple,create,/srv/fim-watch/gen_00003.txt,1,0
9,simple,modify,/srv/fim-watch/gen_00002.txt,1,0
10,simple,modify,/srv/fim-watch/gen_00003.txt,1,0
11,simple,modify,/srv/fim-watch/gen_00002.txt,1,0
12,simple,modify,/srv/fim-watch/gen_00003.txt,1,0
13,simple,modify,/srv/fim-watch/gen_00003.txt,1,0
14,colapsado,modify,/srv/fim-watch/gen_00002.txt,1,0
15,colapsado,modify,/srv/fim-watch/gen_00002.txt,1,0
16,colapsado,modify,/srv/fim-watch/gen_00002.txt,1,0
17,colapsado,modify,/srv/fim-watch/gen_00002.txt,1,0
18,colapsado,modify,/srv/fim-watch/gen_00002.txt,1,0
19,simple,modify,/srv/fim-watch/gen_00003.txt,1,0
20,revertido,modify,/srv/fim-watch/gen_00003.txt,1,0
21,revertido,modify,/srv/fim-watch/gen_00003.txt,1,0
22,simple,modify,/srv/fim-watch/gen_00002.txt,1,0
23,simple,create,/srv/fim-watch/gen_00004.txt,1,0
24,simple,create,/srv/fim-watch/gen_00005.txt,1,0
25,simple,modify,/srv/fim-watch/gen_00003.txt,1,0
26,simple,delete,/srv/fim-watch/gen_00002.txt,1,0
27,simple,create,/srv/fim-watch/gen_00006.txt,1,0
28,simple,modify,/srv/fim-watch/gen_00003.txt,1,0
29,simple,create,/srv/fim-watch/gen_00007.txt,1,0
30,simple,modify,/srv/fim-watch/gen_00003.txt,1,0
31,simple,modify,/srv/fim-watch/gen_00003.txt,1,0
32,simple,delete,/srv/fim-watch/gen_00006.txt,1,0
33,simple,create,/srv/fim-watch/gen_00008.txt,1,0
34,simple,create,/srv/fim-watch/critico/gen_00009.txt,1,1
35,simple,modify,/srv/fim-watch/gen_00007.txt,1,0
36,simple,modify,/srv/fim-watch/critico/gen_00009.txt,1,0
37,simple,modify,/srv/fim-watch/gen_00003.txt,1,0
38,simple,modify,/srv/fim-watch/gen_00007.txt,1,0
39,revertido,modify,/srv/fim-watch/gen_00007.txt,1,0
40,revertido,modify,/srv/fim-watch/gen_00007.txt,1,0
41,simple,create,/srv/fim-watch/critico/gen_00010.txt,1,0
42,simple,modify,/srv/fim-watch/gen_00004.txt,1,0
43,simple,modify,/srv/fim-watch/gen_00008.txt,1,0
44,simple,modify,/srv/fim-watch/critico/gen_00009.txt,1,0
45,simple,modify,/srv/fim-watch/critico/gen_00009.txt,1,0
46,simple,modify,/srv/fim-watch/gen_00007.txt,1,0
47,simple,modify,/srv/fim-watch/critico/gen_00010.txt,1,0
48,simple,modify,/srv/fim-watch/critico/gen_00009.txt,1,0
49,simple,create,/srv/fim-watch/critico/gen_00011.txt,1,0
50,simple,create,/srv/fim-watch/gen_00012.txt,1,0
51,simple,modify,/srv/fim-watch/gen_00008.txt,1,0
52,simple,delete,/srv/fim-watch/gen_00004.txt,1,0
53,simple,create,/srv/fim-watch/gen_00013.txt,1,1
54,simple,modify,/srv/fim-watch/gen_00005.txt,1,0
55,simple,modify,/srv/fim-watch/gen_00003.txt,1,0
56,simple,modify,/srv/fim-watch/gen_00012.txt,1,0
57,colapsado,modify,/srv/fim-watch/gen_00012.txt,1,0
58,colapsado,modify,/srv/fim-watch/gen_00012.txt,1,0
59,colapsado,modify,/srv/fim-watch/gen_00012.txt,1,0
60,colapsado,modify,/srv/fim-watch/gen_00012.txt,1,0
61,colapsado,modify,/srv/fim-watch/gen_00012.txt,1,0
62,simple,create,/srv/fim-watch/gen_00014.txt,1,1
63,revertido,modify,/srv/fim-watch/critico/gen_00011.txt,1,0
64,revertido,modify,/srv/fim-watch/critico/gen_00011.txt,1,0
65,simple,modify,/srv/fim-watch/gen_00014.txt,1,0
66,simple,create,/srv/fim-watch/gen_00015.txt,1,0
67,simple,modify,/srv/fim-watch/gen_00015.txt,1,0
68,simple,modify,/srv/fim-watch/critico/gen_00009.txt,1,0
69,simple,modify,/srv/fim-watch/gen_00005.txt,1,0
70,revertido,modify,/srv/fim-watch/gen_00014.txt,1,0
71,revertido,modify,/srv/fim-watch/gen_00014.txt,1,0
72,revertido,modify,/srv/fim-watch/gen_00005.txt,1,0
73,revertido,modify,/srv/fim-watch/gen_00005.txt,1,0
74,simple,create,/srv/fim-watch/gen_00016.txt,1,0
75,colapsado,modify,/srv/fim-watch/critico/gen_00011.txt,1,0
76,colapsado,modify,/srv/fim-watch/critico/gen_00011.txt,1,0
77,colapsado,modify,/srv/fim-watch/critico/gen_00011.txt,1,0
78,colapsado,modify,/srv/fim-watch/critico/gen_00011.txt,1,0
79,colapsado,modify,/srv/fim-watch/critico/gen_00011.txt,1,0
80,simple,create,/srv/fim-watch/gen_00017.txt,1,0
81,simple,modify,/srv/fim-watch/gen_00003.txt,1,0
82,simple,modify,/srv/fim-watch/gen_00003.txt,1,0
83,simple,modify,/srv/fim-watch/critico/gen_00010.txt,1,0
84,simple,delete,/srv/fim-watch/gen_00008.txt,1,0
85,simple,modify,/srv/fim-watch/critico/gen_00010.txt,1,0
86,simple,modify,/srv/fim-watch/gen_00013.txt,1,0
87,simple,delete,/srv/fim-watch/gen_00012.txt,1,0
88,simple,delete,/srv/fim-watch/gen_00016.txt,1,0
89,simple,modify,/srv/fim-watch/gen_00015.txt,1,0
90,efimero,create,/srv/fim-watch/critico/gen_00018.txt,1,0
91,efimero,delete,/srv/fim-watch/critico/gen_00018.txt,1,0
92,simple,modify,/srv/fim-watch/critico/gen_00010.txt,1,0
93,simple,delete,/srv/fim-watch/gen_00003.txt,1,0
94,simple,create,/srv/fim-watch/gen_00019.txt,1,0
95,simple,modify,/srv/fim-watch/critico/gen_00011.txt,1,0
96,simple,create,/srv/fim-watch/gen_00020.txt,1,1
97,simple,modify,/srv/fim-watch/gen_00017.txt,1,0
98,simple,modify,/srv/fim-watch/gen_00015.txt,1,0
99,simple,create,/srv/fim-watch/critico/gen_00021.txt,1,0
100,simple,create,/srv/fim-watch/critico/gen_00022.txt,1,0
101,simple,modify,/srv/fim-watch/critico/gen_00011.txt,1,0
102,simple,modify,/srv/fim-watch/gen_00005.txt,1,0
103,simple,create,/srv/fim-watch/gen_00023.txt,1,0
104,simple,modify,/srv/fim-watch/gen_00014.txt,1,0
105,simple,delete,/srv/fim-watch/gen_00015.txt,1,0
106,simple,modify,/srv/fim-watch/gen_00019.txt,1,0
107,simple,modify,/srv/fim-watch/gen_00007.txt,1,0
108,colapsado,modify,/srv/fim-watch/gen_00023.txt,1,0
109,colapsado,modify,/srv/fim-watch/gen_00023.txt,1,0
110,colapsado,modify,/srv/fim-watch/gen_00023.txt,1,0
111,colapsado,modify,/srv/fim-watch/gen_00023.txt,1,0
112,colapsado,modify,/srv/fim-watch/gen_00023.txt,1,0
113,simple,modify,/srv/fim-watch/gen_00013.txt,1,0
114,simple,modify,/srv/fim-watch/gen_00005.txt,1,0
115,simple,modify,/srv/fim-watch/critico/gen_00022.txt,1,0
116,simple,modify,/srv/fim-watch/gen_00023.txt,1,0
117,simple,create,/srv/fim-watch/critico/gen_00024.txt,1,1
118,simple,modify,/srv/fim-watch/critico/gen_00024.txt,1,0
119,simple,delete,/srv/fim-watch/critico/gen_00010.txt,1,0
120,simple,create,/srv/fim-watch/gen_00025.txt,1,1
121,simple,modify,/srv/fim-watch/critico/gen_00021.txt,1,0
122,simple,delete,/srv/fim-watch/critico/gen_00021.txt,1,0
123,simple,modify,/srv/fim-watch/gen_00017.txt,1,0
124,revertido,modify,/srv/fim-watch/gen_00017.txt,1,0
125,revertido,modify,/srv/fim-watch/gen_00017.txt,1,0
126,simple,modify,/srv/fim-watch/critico/gen_00024.txt,1,0
127,simple,delete,/srv/fim-watch/gen_00007.txt,1,0
128,simple,modify,/srv/fim-watch/gen_00017.txt,1,0
129,simple,modify,/srv/fim-watch/gen_00014.txt,1,0
130,simple,create,/srv/fim-watch/gen_00026.txt,1,0
131,simple,delete,/srv/fim-watch/gen_00005.txt,1,0
132,simple,modify,/srv/fim-watch/gen_00023.txt,1,0
133,simple,delete,/srv/fim-watch/critico/gen_00022.txt,1,0
134,simple,modify,/srv/fim-watch/gen_00026.txt,1,0
135,simple,modify,/srv/fim-watch/critico/gen_00009.txt,1,0
136,simple,modify,/srv/fim-watch/gen_00020.txt,1,0
137,simple,modify,/srv/fim-watch/gen_00025.txt,1,0
138,revertido,modify,/srv/fim-watch/gen_00019.txt,1,0
139,revertido,modify,/srv/fim-watch/gen_00019.txt,1,0
140,simple,modify,/srv/fim-watch/gen_00014.txt,1,0
141,revertido,modify,/srv/fim-watch/gen_00014.txt,1,0
142,revertido,modify,/srv/fim-watch/gen_00014.txt,1,0
143,simple,create,/srv/fim-watch/critico/gen_00027.txt,1,1
144,simple,modify,/srv/fim-watch/gen_00025.txt,1,0
145,simple,modify,/srv/fim-watch/critico/gen_00024.txt,1,0
146,simple,modify,/srv/fim-watch/critico/gen_00024.txt,1,0
147,simple,delete,/srv/fim-watch/gen_00019.txt,1,0
148,simple,modify,/srv/fim-watch/gen_00014.txt,1,0
149,simple,create,/srv/fim-watch/gen_00028.txt,1,0
150,simple,create,/srv/fim-watch/critico/gen_00029.txt,1,1
151,simple,modify,/srv/fim-watch/critico/gen_00011.txt,1,0
152,simple,modify,/srv/fim-watch/gen_00013.txt,1,0
153,simple,modify,/srv/fim-watch/critico/gen_00024.txt,1,0
154,simple,create,/srv/fim-watch/gen_00030.txt,1,0
155,simple,modify,/srv/fim-watch/gen_00020.txt,1,0
156,simple,modify,/srv/fim-watch/critico/gen_00029.txt,1,0
157,simple,modify,/srv/fim-watch/critico/gen_00011.txt,1,0
158,simple,create,/srv/fim-watch/gen_00031.txt,1,0
159,simple,create,/srv/fim-watch/gen_00032.txt,1,1
160,simple,modify,/srv/fim-watch/gen_00026.txt,1,0
161,efimero,create,/srv/fim-watch/critico/gen_00033.txt,1,0
162,efimero,delete,/srv/fim-watch/critico/gen_00033.txt,1,0
163,simple,create,/srv/fim-watch/gen_00034.txt,1,1
164,simple,delete,/srv/fim-watch/gen_00028.txt,1,0
165,simple,create,/srv/fim-watch/critico/gen_00035.txt,1,0
166,simple,create,/srv/fim-watch/gen_00036.txt,1,1
167,simple,create,/srv/fim-watch/gen_00037.txt,1,0
168,simple,modify,/srv/fim-watch/gen_00025.txt,1,0
169,revertido,modify,/srv/fim-watch/critico/gen_00009.txt,1,0
170,revertido,modify,/srv/fim-watch/critico/gen_00009.txt,1,0
171,simple,delete,/srv/fim-watch/critico/gen_00035.txt,1,0
172,simple,modify,/srv/fim-watch/gen_00026.txt,1,0
173,simple,modify,/srv/fim-watch/gen_00036.txt,1,0
174,simple,modify,/srv/fim-watch/gen_00017.txt,1,0
175,simple,delete,/srv/fim-watch/gen_00023.txt,1,0
176,simple,modify,/srv/fim-watch/gen_00014.txt,1,0
177,simple,modify,/srv/fim-watch/critico/gen_00029.txt,1,0
178,simple,modify,/srv/fim-watch/gen_00032.txt,1,0
179,simple,modify,/srv/fim-watch/gen_00025.txt,1,0
180,simple,delete,/srv/fim-watch/gen_00017.txt,1,0
181,simple,delete,/srv/fim-watch/gen_00030.txt,1,0
182,simple,modify,/srv/fim-watch/gen_00034.txt,1,0
183,simple,delete,/srv/fim-watch/gen_00037.txt,1,0
184,simple,create,/srv/fim-watch/gen_00038.txt,1,0
185,simple,modify,/srv/fim-watch/gen_00025.txt,1,0
186,simple,modify,/srv/fim-watch/critico/gen_00011.txt,1,0
187,simple,modify,/srv/fim-watch/gen_00036.txt,1,0
188,simple,modify,/srv/fim-watch/critico/gen_00027.txt,1,0
189,simple,modify,/srv/fim-watch/gen_00031.txt,1,0
190,revertido,modify,/srv/fim-watch/gen_00034.txt,1,0
191,revertido,modify,/srv/fim-watch/gen_00034.txt,1,0
192,simple,create,/srv/fim-watch/critico/gen_00039.txt,1,1
193,simple,create,/srv/fim-watch/gen_00040.txt,1,1
194,simple,create,/srv/fim-watch/gen_00041.txt,1,1
195,simple,delete,/srv/fim-watch/critico/gen_00011.txt,1,0
196,simple,modify,/srv/fim-watch/gen_00034.txt,1,0
197,simple,modify,/srv/fim-watch/critico/gen_00029.txt,1,0
198,simple,create,/srv/fim-watch/critico/gen_00042.txt,1,1
199,revertido,modify,/srv/fim-watch/critico/gen_00027.txt,1,0
200,revertido,modify,/srv/fim-watch/critico/gen_00027.txt,1,0
201,simple,modify,/srv/fim-watch/gen_00034.txt,1,0
202,simple,delete,/srv/fim-watch/gen_00031.txt,1,0
203,colapsado,modify,/srv/fim-watch/gen_00034.txt,1,0
204,colapsado,modify,/srv/fim-watch/gen_00034.txt,1,0
205,colapsado,modify,/srv/fim-watch/gen_00034.txt,1,0
206,colapsado,modify,/srv/fim-watch/gen_00034.txt,1,0
207,colapsado,modify,/srv/fim-watch/gen_00034.txt,1,0
208,simple,modify,/srv/fim-watch/gen_00032.txt,1,0
209,simple,delete,/srv/fim-watch/gen_00038.txt,1,0
210,revertido,modify,/srv/fim-watch/gen_00034.txt,1,0
211,revertido,modify,/srv/fim-watch/gen_00034.txt,1,0
212,simple,modify,/srv/fim-watch/critico/gen_00027.txt,1,0
213,colapsado,modify,/srv/fim-watch/critico/gen_00027.txt,1,0
214,colapsado,modify,/srv/fim-watch/critico/gen_00027.txt,1,0
215,colapsado,modify,/srv/fim-watch/critico/gen_00027.txt,1,0
216,colapsado,modify,/srv/fim-watch/critico/gen_00027.txt,1,0
217,colapsado,modify,/srv/fim-watch/critico/gen_00027.txt,1,0
218,simple,modify,/srv/fim-watch/gen_00014.txt,1,0
219,simple,modify,/srv/fim-watch/critico/gen_00029.txt,1,0
220,simple,modify,/srv/fim-watch/gen_00025.txt,1,0
221,simple,modify,/srv/fim-watch/critico/gen_00027.txt,1,0
222,revertido,modify,/srv/fim-watch/critico/gen_00024.txt,1,0
223,revertido,modify,/srv/fim-watch/critico/gen_00024.txt,1,0
224,simple,modify,/srv/fim-watch/gen_00034.txt,1,0
225,simple,modify,/srv/fim-watch/gen_00026.txt,1,0
226,simple,modify,/srv/fim-watch/gen_00013.txt,1,0
227,simple,create,/srv/fim-watch/gen_00043.txt,1,0
228,revertido,modify,/srv/fim-watch/critico/gen_00029.txt,1,0
229,revertido,modify,/srv/fim-watch/critico/gen_00029.txt,1,0
230,simple,modify,/srv/fim-watch/gen_00013.txt,1,0
231,simple,modify,/srv/fim-watch/gen_00041.txt,1,0
232,simple,modify,/srv/fim-watch/critico/gen_00009.txt,1,0
233,simple,modify,/srv/fim-watch/gen_00013.txt,1,0
234,simple,modify,/srv/fim-watch/critico/gen_00024.txt,1,0
235,simple,modify,/srv/fim-watch/gen_00020.txt,1,0
236,simple,modify,/srv/fim-watch/gen_00043.txt,1,0
237,simple,modify,/srv/fim-watch/gen_00020.txt,1,0
238,simple,delete,/srv/fim-watch/gen_00043.txt,1,0
239,simple,delete,/srv/fim-watch/gen_00026.txt,1,0
240,simple,modify,/srv/fim-watch/critico/gen_00029.txt,1,0
241,simple,modify,/srv/fim-watch/gen_00032.txt,1,0
242,simple,create,/srv/fim-watch/gen_00044.txt,1,1
243,simple,modify,/srv/fim-watch/gen_00040.txt,1,1
244,simple,modify,/srv/fim-watch/gen_00041.txt,1,1
245,colapsado,modify,/srv/fim-watch/gen_00013.txt,1,1
246,colapsado,modify,/srv/fim-watch/gen_00013.txt,1,0
247,colapsado,modify,/srv/fim-watch/gen_00013.txt,1,0
248,colapsado,modify,/srv/fim-watch/gen_00013.txt,1,0
249,colapsado,modify,/srv/fim-watch/gen_00013.txt,1,0
250,simple,modify,/srv/fim-watch/gen_00013.txt,1,0
251,colapsado,modify,/srv/fim-watch/gen_00025.txt,1,1
252,colapsado,modify,/srv/fim-watch/gen_00025.txt,1,0
253,colapsado,modify,/srv/fim-watch/gen_00025.txt,1,0
254,colapsado,modify,/srv/fim-watch/gen_00025.txt,1,0
255,colapsado,modify,/srv/fim-watch/gen_00025.txt,1,0
256,simple,modify,/srv/fim-watch/gen_00040.txt,1,0
257,simple,modify,/srv/fim-watch/critico/gen_00027.txt,1,1
258,simple,modify,/srv/fim-watch/gen_00034.txt,1,1
259,simple,modify,/srv/fim-watch/gen_00025.txt,0,0
260,revertido,modify,/srv/fim-watch/gen_00040.txt,1,0
261,revertido,modify,/srv/fim-watch/gen_00040.txt,1,0
262,simple,modify,/srv/fim-watch/gen_00044.txt,1,1
263,simple,create,/srv/fim-watch/gen_00045.txt,1,1
264,simple,create,/srv/fim-watch/gen_00046.txt,1,0
265,efimero,create,/srv/fim-watch/critico/gen_00047.txt,1,0
266,efimero,delete,/srv/fim-watch/critico/gen_00047.txt,1,0
267,simple,modify,/srv/fim-watch/critico/gen_00024.txt,1,1
268,efimero,create,/srv/fim-watch/critico/gen_00048.txt,1,0
269,efimero,delete,/srv/fim-watch/critico/gen_00048.txt,1,0
270,simple,modify,/srv/fim-watch/critico/gen_00039.txt,1,1
271,simple,delete,/srv/fim-watch/gen_00032.txt,1,1
272,simple,delete,/srv/fim-watch/gen_00046.txt,1,0
273,revertido,modify,/srv/fim-watch/gen_00025.txt,1,0
274,revertido,modify,/srv/fim-watch/gen_00025.txt,0,0
275,simple,create,/srv/fim-watch/gen_00049.txt,1,1
276,simple,modify,/srv/fim-watch/gen_00034.txt,1,0
277,revertido,modify,/srv/fim-watch/critico/gen_00039.txt,1,0
278,revertido,modify,/srv/fim-watch/critico/gen_00039.txt,1,0
279,simple,delete,/srv/fim-watch/gen_00036.txt,1,1
280,efimero,create,/srv/fim-watch/gen_00050.txt,1,0
281,efimero,delete,/srv/fim-watch/gen_00050.txt,1,0
282,simple,delete,/srv/fim-watch/critico/gen_00009.txt,1,1
283,simple,create,/srv/fim-watch/gen_00051.txt,1,1
284,simple,create,/srv/fim-watch/gen_00052.txt,1,1
285,simple,modify,/srv/fim-watch/critico/gen_00027.txt,1,0
286,simple,create,/srv/fim-watch/gen_00053.txt,1,1
287,revertido,modify,/srv/fim-watch/gen_00040.txt,1,0
288,revertido,modify,/srv/fim-watch/gen_00040.txt,1,0
289,simple,modify,/srv/fim-watch/gen_00014.txt,1,1
290,simple,modify,/srv/fim-watch/critico/gen_00039.txt,1,0
291,efimero,create,/srv/fim-watch/gen_00054.txt,1,0
292,efimero,delete,/srv/fim-watch/gen_00054.txt,1,0
293,simple,create,/srv/fim-watch/gen_00055.txt,1,1
294,simple,create,/srv/fim-watch/gen_00056.txt,1,1
295,simple,modify,/srv/fim-watch/gen_00045.txt,1,0
296,simple,modify,/srv/fim-watch/gen_00041.txt,1,0
297,simple,modify,/srv/fim-watch/gen_00053.txt,1,0
298,simple,modify,/srv/fim-watch/gen_00049.txt,1,0
299,simple,modify,/srv/fim-watch/gen_00051.txt,1,0
300,efimero,create,/srv/fim-watch/critico/gen_00057.txt,1,0
301,efimero,delete,/srv/fim-watch/critico/gen_00057.txt,1,0
302,revertido,modify,/srv/fim-watch/gen_00053.txt,1,0
303,revertido,modify,/srv/fim-watch/gen_00053.txt,1,0
304,simple,modify,/srv/fim-watch/gen_00044.txt,1,0
305,simple,create,/srv/fim-watch/critico/gen_00058.txt,1,1
306,simple,modify,/srv/fim-watch/gen_00056.txt,1,0
307,simple,modify,/srv/fim-watch/critico/gen_00039.txt,1,0
308,simple,modify,/srv/fim-watch/gen_00041.txt,1,0
309,colapsado,modify,/srv/fim-watch/gen_00013.txt,1,0
310,colapsado,modify,/srv/fim-watch/gen_00013.txt,1,0
311,colapsado,modify,/srv/fim-watch/gen_00013.txt,1,0
312,colapsado,modify,/srv/fim-watch/gen_00013.txt,1,0
313,colapsado,modify,/srv/fim-watch/gen_00013.txt,1,0
314,simple,modify,/srv/fim-watch/gen_00013.txt,1,0
315,simple,modify,/srv/fim-watch/gen_00020.txt,1,1
316,simple,modify,/srv/fim-watch/critico/gen_00058.txt,1,0
317,simple,create,/srv/fim-watch/gen_00059.txt,1,1
318,simple,create,/srv/fim-watch/gen_00060.txt,1,1
319,simple,modify,/srv/fim-watch/critico/gen_00029.txt,1,1
320,simple,create,/srv/fim-watch/gen_00061.txt,0,1
321,simple,modify,/srv/fim-watch/critico/gen_00029.txt,1,0
322,simple,create,/srv/fim-watch/gen_00062.txt,1,1
323,simple,create,/srv/fim-watch/gen_00063.txt,1,1
324,simple,modify,/srv/fim-watch/gen_00062.txt,1,0
325,simple,create,/srv/fim-watch/gen_00064.txt,1,0
326,simple,modify,/srv/fim-watch/gen_00014.txt,1,0
327,simple,modify,/srv/fim-watch/gen_00052.txt,1,0
328,simple,modify,/srv/fim-watch/critico/gen_00027.txt,1,0
329,revertido,modify,/srv/fim-watch/gen_00064.txt,1,0
330,revertido,modify,/srv/fim-watch/gen_00064.txt,1,0
331,revertido,modify,/srv/fim-watch/gen_00025.txt,1,0
332,revertido,modify,/srv/fim-watch/gen_00025.txt,0,0
333,simple,modify,/srv/fim-watch/gen_00051.txt,1,0
334,simple,create,/srv/fim-watch/gen_00065.txt,1,1
335,simple,modify,/srv/fim-watch/critico/gen_00027.txt,0,0
336,simple,modify,/srv/fim-watch/gen_00045.txt,1,0
337,simple,modify,/srv/fim-watch/gen_00020.txt,1,0
338,simple,create,/srv/fim-watch/gen_00066.txt,1,1
339,simple,modify,/srv/fim-watch/gen_00049.txt,1,0
340,simple,modify,/srv/fim-watch/gen_00060.txt,1,0
341,simple,create,/srv/fim-watch/gen_00067.txt,1,1
342,simple,create,/srv/fim-watch/gen_00068.txt,1,1
343,simple,modify,/srv/fim-watch/gen_00053.txt,0,0
344,simple,create,/srv/fim-watch/gen_00069.txt,1,1
345,revertido,modify,/srv/fim-watch/gen_00056.txt,1,0
346,revertido,modify,/srv/fim-watch/gen_00056.txt,1,0
347,simple,modify,/srv/fim-watch/critico/gen_00058.txt,1,0
348,simple,modify,/srv/fim-watch/gen_00063.txt,1,0
349,revertido,modify,/srv/fim-watch/critico/gen_00042.txt,1,1
350,revertido,modify,/srv/fim-watch/critico/gen_00042.txt,0,0
351,simple,modify,/srv/fim-watch/gen_00067.txt,1,0
352,simple,create,/srv/fim-watch/gen_00070.txt,1,0
353,simple,modify,/srv/fim-watch/gen_00068.txt,1,0
354,simple,create,/srv/fim-watch/gen_00071.txt,1,1
355,simple,delete,/srv/fim-watch/critico/gen_00042.txt,1,0
356,efimero,create,/srv/fim-watch/gen_00072.txt,1,0
357,efimero,delete,/srv/fim-watch/gen_00072.txt,1,0
358,revertido,modify,/srv/fim-watch/gen_00068.txt,1,0
359,revertido,modify,/srv/fim-watch/gen_00068.txt,1,0
360,simple,delete,/srv/fim-watch/gen_00070.txt,1,0
361,simple,delete,/srv/fim-watch/gen_00044.txt,1,0
362,simple,modify,/srv/fim-watch/gen_00034.txt,1,0
363,simple,modify,/srv/fim-watch/gen_00059.txt,1,0
364,simple,create,/srv/fim-watch/gen_00073.txt,1,1
365,simple,modify,/srv/fim-watch/gen_00063.txt,1,0
366,simple,create,/srv/fim-watch/gen_00074.txt,1,1
367,simple,modify,/srv/fim-watch/gen_00067.txt,1,0
368,simple,modify,/srv/fim-watch/critico/gen_00058.txt,1,0
369,simple,create,/srv/fim-watch/gen_00075.txt,1,0
370,simple,create,/srv/fim-watch/gen_00076.txt,1,1
371,simple,modify,/srv/fim-watch/gen_00071.txt,1,0
372,simple,create,/srv/fim-watch/gen_00077.txt,1,1
373,simple,modify,/srv/fim-watch/gen_00064.txt,1,0
374,simple,modify,/srv/fim-watch/gen_00062.txt,1,0
375,simple,modify,/srv/fim-watch/gen_00034.txt,1,0
376,revertido,modify,/srv/fim-watch/critico/gen_00029.txt,1,0
377,revertido,modify,/srv/fim-watch/critico/gen_00029.txt,1,0
378,simple,modify,/srv/fim-watch/critico/gen_00039.txt,1,0
379,simple,modify,/srv/fim-watch/gen_00052.txt,1,0
380,simple,modify,/srv/fim-watch/gen_00056.txt,1,0
381,simple,modify,/srv/fim-watch/critico/gen_00039.txt,1,0
382,simple,modify,/srv/fim-watch/gen_00061.txt,1,0
383,simple,modify,/srv/fim-watch/gen_00049.txt,1,0
384,simple,modify,/srv/fim-watch/gen_00067.txt,1,0
385,simple,modify,/srv/fim-watch/gen_00075.txt,1,0
386,simple,modify,/srv/fim-watch/gen_00074.txt,1,0
387,colapsado,modify,/srv/fim-watch/gen_00041.txt,1,0
388,colapsado,modify,/srv/fim-watch/gen_00041.txt,1,0
389,colapsado,modify,/srv/fim-watch/gen_00041.txt,1,0
390,colapsado,modify,/srv/fim-watch/gen_00041.txt,1,0
391,colapsado,modify,/srv/fim-watch/gen_00041.txt,1,0
392,simple,modify,/srv/fim-watch/critico/gen_00029.txt,1,0
393,simple,create,/srv/fim-watch/gen_00078.txt,1,1
394,revertido,modify,/srv/fim-watch/critico/gen_00058.txt,1,0
395,revertido,modify,/srv/fim-watch/critico/gen_00058.txt,1,0
396,simple,modify,/srv/fim-watch/gen_00065.txt,1,0
397,simple,modify,/srv/fim-watch/gen_00069.txt,1,0
398,revertido,modify,/srv/fim-watch/critico/gen_00027.txt,1,0
399,revertido,modify,/srv/fim-watch/critico/gen_00027.txt,0,0
400,simple,modify,/srv/fim-watch/critico/gen_00039.txt,0,0
401,simple,create,/srv/fim-watch/gen_00079.txt,1,1
402,revertido,modify,/srv/fim-watch/gen_00013.txt,1,0
403,revertido,modify,/srv/fim-watch/gen_00013.txt,1,0
404,colapsado,modify,/srv/fim-watch/gen_00063.txt,1,0
405,colapsado,modify,/srv/fim-watch/gen_00063.txt,1,0
406,colapsado,modify,/srv/fim-watch/gen_00063.txt,1,0
407,colapsado,modify,/srv/fim-watch/gen_00063.txt,1,0
408,colapsado,modify,/srv/fim-watch/gen_00063.txt,1,0
409,simple,modify,/srv/fim-watch/gen_00077.txt,1,0
410,simple,delete,/srv/fim-watch/gen_00041.txt,1,0
411,simple,modify,/srv/fim-watch/gen_00067.txt,1,0
412,simple,modify,/srv/fim-watch/gen_00020.txt,1,0
413,simple,create,/srv/fim-watch/gen_00080.txt,1,1
414,simple,modify,/srv/fim-watch/gen_00067.txt,1,0
415,simple,modify,/srv/fim-watch/gen_00052.txt,1,0
416,simple,create,/srv/fim-watch/gen_00081.txt,0,1
417,simple,modify,/srv/fim-watch/gen_00066.txt,1,0
418,colapsado,modify,/srv/fim-watch/gen_00079.txt,1,0
419,colapsado,modify,/srv/fim-watch/gen_00079.txt,1,0
420,colapsado,modify,/srv/fim-watch/gen_00079.txt,1,0
421,colapsado,modify,/srv/fim-watch/gen_00079.txt,1,0
422,colapsado,modify,/srv/fim-watch/gen_00079.txt,0,0
423,simple,create,/srv/fim-watch/gen_00082.txt,1,1
424,simple,modify,/srv/fim-watch/gen_00034.txt,1,0
425,revertido,modify,/srv/fim-watch/critico/gen_00029.txt,1,0
426,revertido,modify,/srv/fim-watch/critico/gen_00029.txt,1,0
427,simple,create,/srv/fim-watch/gen_00083.txt,1,1
428,revertido,modify,/srv/fim-watch/gen_00065.txt,1,0
429,revertido,modify,/srv/fim-watch/gen_00065.txt,1,0
430,colapsado,modify,/srv/fim-watch/gen_00059.txt,1,0
431,colapsado,modify,/srv/fim-watch/gen_00059.txt,1,0
432,colapsado,modify,/srv/fim-watch/gen_00059.txt,1,0
433,colapsado,modify,/srv/fim-watch/gen_00059.txt,1,0
434,colapsado,modify,/srv/fim-watch/gen_00059.txt,1,0
435,revertido,modify,/srv/fim-watch/gen_00066.txt,1,0
436,revertido,modify,/srv/fim-watch/gen_00066.txt,1,0
437,simple,modify,/srv/fim-watch/gen_00071.txt,1,0
438,simple,modify,/srv/fim-watch/gen_00068.txt,1,0
439,colapsado,modify,/srv/fim-watch/gen_00077.txt,1,0
440,colapsado,modify,/srv/fim-watch/gen_00077.txt,1,0
441,colapsado,modify,/srv/fim-watch/gen_00077.txt,1,0
442,colapsado,modify,/srv/fim-watch/gen_00077.txt,1,0
443,colapsado,modify,/srv/fim-watch/gen_00077.txt,1,0
444,simple,delete,/srv/fim-watch/gen_00075.txt,1,0
445,simple,modify,/srv/fim-watch/gen_00061.txt,1,0
446,simple,delete,/srv/fim-watch/gen_00064.txt,1,0
447,simple,create,/srv/fim-watch/critico/gen_00084.txt,0,1
448,simple,create,/srv/fim-watch/gen_00085.txt,1,0
449,simple,modify,/srv/fim-watch/gen_00034.txt,1,0
450,simple,modify,/srv/fim-watch/gen_00045.txt,1,0
451,simple,modify,/srv/fim-watch/critico/gen_00024.txt,0,0
452,simple,create,/srv/fim-watch/gen_00086.txt,1,1
453,simple,modify,/srv/fim-watch/gen_00068.txt,1,0
454,simple,modify,/srv/fim-watch/gen_00074.txt,1,0
455,simple,create,/srv/fim-watch/gen_00087.txt,0,1
456,simple,create,/srv/fim-watch/gen_00088.txt,1,1
457,simple,create,/srv/fim-watch/gen_00089.txt,1,0
458,simple,delete,/srv/fim-watch/gen_00089.txt,1,0
459,simple,modify,/srv/fim-watch/gen_00051.txt,0,0
460,simple,create,/srv/fim-watch/gen_00090.txt,1,1
461,simple,modify,/srv/fim-watch/gen_00074.txt,1,0
462,simple,modify,/srv/fim-watch/gen_00034.txt,1,0
463,simple,modify,/srv/fim-watch/gen_00013.txt,1,0
464,efimero,create,/srv/fim-watch/critico/gen_00091.txt,1,0
465,efimero,delete,/srv/fim-watch/critico/gen_00091.txt,1,0
466,simple,modify,/srv/fim-watch/gen_00059.txt,1,0
467,revertido,modify,/srv/fim-watch/gen_00013.txt,1,0
468,revertido,modify,/srv/fim-watch/gen_00013.txt,1,0
469,simple,delete,/srv/fim-watch/gen_00085.txt,1,0
470,simple,create,/srv/fim-watch/gen_00092.txt,1,1
471,simple,modify,/srv/fim-watch/gen_00069.txt,0,0
472,simple,create,/srv/fim-watch/gen_00093.txt,1,1
473,revertido,modify,/srv/fim-watch/gen_00014.txt,1,0
474,revertido,modify,/srv/fim-watch/gen_00014.txt,1,0
475,simple,modify,/srv/fim-watch/gen_00014.txt,1,0
476,simple,modify,/srv/fim-watch/critico/gen_00029.txt,0,0
477,revertido,modify,/srv/fim-watch/gen_00071.txt,1,0
478,revertido,modify,/srv/fim-watch/gen_00071.txt,1,0
479,simple,modify,/srv/fim-watch/gen_00040.txt,1,0
480,simple,modify,/srv/fim-watch/gen_00071.txt,1,0
481,simple,modify,/srv/fim-watch/gen_00014.txt,1,0
482,simple,create,/srv/fim-watch/critico/gen_00094.txt,1,0
483,simple,modify,/srv/fim-watch/gen_00066.txt,1,0
484,simple,create,/srv/fim-watch/gen_00095.txt,1,1
485,simple,modify,/srv/fim-watch/gen_00063.txt,1,0
486,simple,modify,/srv/fim-watch/gen_00073.txt,1,0
487,simple,delete,/srv/fim-watch/critico/gen_00094.txt,1,0
488,simple,modify,/srv/fim-watch/gen_00071.txt,1,0
489,simple,modify,/srv/fim-watch/gen_00092.txt,1,0
490,simple,create,/srv/fim-watch/critico/gen_00096.txt,0,1
491,efimero,create,/srv/fim-watch/gen_00097.txt,1,0
492,efimero,delete,/srv/fim-watch/gen_00097.txt,1,0
493,simple,create,/srv/fim-watch/gen_00098.txt,0,1
494,simple,modify,/srv/fim-watch/critico/gen_00058.txt,0,1
495,simple,create,/srv/fim-watch/gen_00099.txt,1,1
496,simple,delete,/srv/fim-watch/gen_00076.txt,1,1
497,simple,modify,/srv/fim-watch/gen_00078.txt,1,1
498,simple,modify,/srv/fim-watch/gen_00056.txt,1,1
499,simple,create,/srv/fim-watch/gen_00100.txt,1,1
500,simple,modify,/srv/fim-watch/gen_00061.txt,1,1
