event_id,path,event_type,status,severity,detected_at,received_at
8ea44c91-ba60-4228-963e-ab0792b0b1a2,/srv/fim-watch/critico/gen_00001.txt,file_created,alert_only,critical,2026-09-17 21:57:50.843704+00,2026-09-17 21:57:50.861894+00
72cc6e02-603f-40f8-93d2-8e0177f4578a,/srv/fim-watch/critico/gen_00001.txt,file_deleted,alert_only,critical,2026-09-17 21:57:54.444605+00,2026-09-17 21:57:54.474576+00
7d9c6a76-dbb5-4f24-a8c5-c97243134333,/srv/fim-watch/gen_00002.txt,file_modified,alert_only,high,2026-09-17 21:57:58.043833+00,2026-09-17 21:57:58.06497+00
e1a6e7d8-b022-4b61-8af0-c8a84de77cc1,/srv/fim-watch/gen_00002.txt,file_modified,alert_only,high,2026-09-17 21:58:01.644113+00,2026-09-17 21:58:01.668914+00
8af429a5-06c8-4f25-b39f-834e6bd6882f,/srv/fim-watch/gen_00002.txt,file_modified,alert_only,high,2026-09-17 21:58:05.243475+00,2026-09-17 21:58:05.272772+00
5cd42448-b610-49f7-b8d0-96fba980b707,/srv/fim-watch/gen_00002.txt,file_modified,alert_only,high,2026-09-17 21:58:08.843209+00,2026-09-17 21:58:08.868482+00
74cd84ab-318f-4669-9d7e-1af900101f82,/srv/fim-watch/gen_00002.txt,file_modified,alert_only,high,2026-09-17 21:58:12.443037+00,2026-09-17 21:58:12.471452+00
99b758a5-cd5f-4ff6-8654-59036c2174dc,/srv/fim-watch/gen_00003.txt,file_modified,alert_only,high,2026-09-17 21:58:16.042562+00,2026-09-17 21:58:16.073362+00
75c9ecd0-20f9-46c1-8909-36d61ae67b35,/srv/fim-watch/gen_00002.txt,file_modified,alert_only,high,2026-09-17 21:58:19.642421+00,2026-09-17 21:58:19.669674+00
74a92096-c112-439e-9ac3-58d708e64984,/srv/fim-watch/gen_00003.txt,file_modified,alert_only,high,2026-09-17 21:58:23.242156+00,2026-09-17 21:58:23.269824+00
d65e7b5d-be8e-4916-9f62-378f566e3887,/srv/fim-watch/gen_00002.txt,file_modified,alert_only,high,2026-09-17 21:58:26.841495+00,2026-09-17 21:58:26.863746+00
5577055f-0aa0-4b52-845a-4699d52bb5d8,/srv/fim-watch/gen_00003.txt,file_modified,alert_only,high,2026-09-17 21:58:30.441173+00,2026-09-17 21:58:30.463725+00
8c75bdc7-d36f-4029-8e56-e2b80b2ad261,/srv/fim-watch/gen_00003.txt,file_modified,alert_only,high,2026-09-17 21:58:34.041216+00,2026-09-17 21:58:34.065007+00
1bfc6c4f-3ca9-4d7c-88b1-916f5ba44405,/srv/fim-watch/gen_00002.txt,file_modified,alert_only,high,2026-09-17 21:58:37.641067+00,2026-09-17 21:58:37.670488+00
a25ef03e-9775-4099-8889-00519793ba39,/srv/fim-watch/gen_00002.txt,file_modified,alert_only,high,2026-09-17 21:58:41.240245+00,2026-09-17 21:58:41.263932+00
c597670f-d326-469e-8ba4-0e6608855573,/srv/fim-watch/gen_00002.txt,file_modified,alert_only,high,2026-09-17 21:58:44.840339+00,2026-09-17 21:58:44.869362+00
f0aa833f-6540-4ce4-9fcf-92027719317e,/srv/fim-watch/gen_00002.txt,file_modified,alert_only,high,2026-09-17 21:58:48.440056+00,2026-09-17 21:58:48.46568+00
4a40e5b4-6544-4e83-902e-6511957fb938,/srv/fim-watch/gen_00002.txt,file_modified,alert_only,high,2026-09-17 21:58:52.039925+00,2026-09-17 21:58:52.074383+00
2a909284-a649-461e-8e5f-b2c2e6593d32,/srv/fim-watch/gen_00003.txt,file_modified,alert_only,high,2026-09-17 21:58:55.639486+00,2026-09-17 21:58:55.667337+00
6c383ceb-1beb-4e0a-a48f-716ff70c31fe,/srv/fim-watch/gen_00003.txt,file_modified,alert_only,high,2026-09-17 21:58:59.239175+00,2026-09-17 21:58:59.270677+00
2f74470c-c4ab-4ed9-a1d9-184f9066fd50,/srv/fim-watch/gen_00003.txt,file_modified,alert_only,high,2026-09-17 21:59:02.839202+00,2026-09-17 21:59:02.894248+00
f17c3406-a4a9-485b-98fe-c3711bd041ed,/srv/fim-watch/gen_00002.txt,file_modified,alert_only,high,2026-09-17 21:59:06.438664+00,2026-09-17 21:59:06.508695+00
3e3976fb-33cf-4cb8-987e-94726f8984da,/srv/fim-watch/gen_00004.txt,file_modified,alert_only,high,2026-09-17 21:59:10.038184+00,2026-09-17 21:59:10.068791+00
48b75c08-e886-4c5f-81bb-2a5ef5023559,/srv/fim-watch/gen_00005.txt,file_modified,alert_only,high,2026-09-17 21:59:13.637989+00,2026-09-17 21:59:13.665337+00
b16e8287-99a9-4adb-96f7-814ff066c04f,/srv/fim-watch/gen_00003.txt,file_modified,alert_only,high,2026-09-17 21:59:17.239135+00,2026-09-17 21:59:17.26902+00
480cd339-0078-4df1-a0e2-b0e5765bd6d5,/srv/fim-watch/gen_00002.txt,file_deleted,alert_only,high,2026-09-17 21:59:20.837589+00,2026-09-17 21:59:20.869134+00
3765e74f-4550-4faf-bb2b-fa0ee39a08c0,/srv/fim-watch/gen_00006.txt,file_modified,alert_only,high,2026-09-17 21:59:24.437304+00,2026-09-17 21:59:24.453082+00
bb9d8106-e6f3-4bb5-9b27-5feca278552c,/srv/fim-watch/gen_00003.txt,file_modified,alert_only,high,2026-09-17 21:59:28.036495+00,2026-09-17 21:59:28.054139+00
7237aa12-137e-4f9d-b20d-739fd5aea0e5,/srv/fim-watch/gen_00007.txt,file_modified,alert_only,high,2026-09-17 21:59:31.636694+00,2026-09-17 21:59:31.668919+00
940f8517-0585-4912-8001-26355fe49e0c,/srv/fim-watch/gen_00003.txt,file_modified,alert_only,high,2026-09-17 21:59:35.236328+00,2026-09-17 21:59:35.261461+00
2f280895-6848-4827-9652-dd0ec4f02977,/srv/fim-watch/gen_00003.txt,file_modified,alert_only,high,2026-09-17 21:59:38.836275+00,2026-09-17 21:59:38.863791+00
bd9615a0-3111-4005-b1a0-e8580ab5e648,/srv/fim-watch/gen_00006.txt,file_deleted,alert_only,high,2026-09-17 21:59:42.435547+00,2026-09-17 21:59:42.466266+00
b0ba7e6e-ed50-48fe-b4f4-8a3ecf81cdd1,/srv/fim-watch/gen_00008.txt,file_modified,alert_only,high,2026-09-17 21:59:46.034907+00,2026-09-17 21:59:46.057393+00
01078838-38ed-4c43-ac1d-a94dd7da2dbf,/srv/fim-watch/critico/gen_00009.txt,file_modified,alert_only,critical,2026-09-17 21:59:49.634843+00,2026-09-17 21:59:49.658951+00
3c170cab-3234-4aa8-84bd-154078710e3b,/srv/fim-watch/gen_00007.txt,file_modified,alert_only,high,2026-09-17 21:59:53.235023+00,2026-09-17 21:59:53.253318+00
dc5cce73-e6bd-4e88-be3f-f19d26acc531,/srv/fim-watch/critico/gen_00009.txt,file_modified,alert_only,critical,2026-09-17 21:59:56.834592+00,2026-09-17 21:59:56.857048+00
13b335f6-75ae-419c-8dd0-8710edc34db5,/srv/fim-watch/gen_00003.txt,file_modified,alert_only,high,2026-09-17 22:00:00.434351+00,2026-09-17 22:00:00.452982+00
837fee62-c7d2-4235-94d8-a0e6381eaab1,/srv/fim-watch/gen_00007.txt,file_modified,alert_only,high,2026-09-17 22:00:04.033535+00,2026-09-17 22:00:04.050837+00
052e9bf5-5538-4718-98b3-22f85ffb6fb1,/srv/fim-watch/gen_00007.txt,file_modified,alert_only,high,2026-09-17 22:00:07.633912+00,2026-09-17 22:00:07.660976+00
e4a80fcc-b0f8-4bd3-9db9-04e96a02c783,/srv/fim-watch/gen_00007.txt,file_modified,alert_only,high,2026-09-17 22:00:11.233242+00,2026-09-17 22:00:11.257113+00
7eba007d-b30a-4c21-8e2b-01db0290ea7b,/srv/fim-watch/critico/gen_00010.txt,file_modified,alert_only,critical,2026-09-17 22:00:14.833211+00,2026-09-17 22:00:14.855655+00
cea75693-e60d-48ce-a80f-e9f1cc34c58b,/srv/fim-watch/gen_00004.txt,file_modified,alert_only,high,2026-09-17 22:00:18.432989+00,2026-09-17 22:00:18.452459+00
98ced44c-df61-4ffa-9308-714eb50026f5,/srv/fim-watch/gen_00008.txt,file_modified,alert_only,high,2026-09-17 22:00:22.032741+00,2026-09-17 22:00:22.063382+00
259f5b7b-8020-43a6-91a0-16b2adcd5f3e,/srv/fim-watch/critico/gen_00009.txt,file_modified,alert_only,critical,2026-09-17 22:00:25.632344+00,2026-09-17 22:00:25.659218+00
a02b4287-5602-4b2e-b537-97f7e23c2679,/srv/fim-watch/critico/gen_00009.txt,file_modified,alert_only,critical,2026-09-17 22:00:29.231546+00,2026-09-17 22:00:29.257099+00
a88b4908-7b49-4a7a-80bb-56fbf9f55731,/srv/fim-watch/gen_00007.txt,file_modified,alert_only,high,2026-09-17 22:00:32.831808+00,2026-09-17 22:00:32.856373+00
0c674044-ec37-40c1-b453-00256721fb86,/srv/fim-watch/critico/gen_00010.txt,file_modified,alert_only,critical,2026-09-17 22:00:36.431508+00,2026-09-17 22:00:36.455383+00
ad6479e6-65de-4e22-a596-4a71d0f93651,/srv/fim-watch/critico/gen_00009.txt,file_modified,alert_only,critical,2026-09-17 22:00:40.031261+00,2026-09-17 22:00:40.059912+00
46444b02-6fff-4861-827b-e5660ead18fe,/srv/fim-watch/critico/gen_00011.txt,file_modified,alert_only,critical,2026-09-17 22:00:43.63078+00,2026-09-17 22:00:43.65406+00
51685d36-4311-44cc-9113-6f1a5cbeca64,/srv/fim-watch/gen_00012.txt,file_modified,alert_only,high,2026-09-17 22:00:47.23082+00,2026-09-17 22:00:47.259557+00
92cd824d-361e-4745-91dd-406c9074ad5c,/srv/fim-watch/gen_00008.txt,file_modified,alert_only,high,2026-09-17 22:00:50.829816+00,2026-09-17 22:00:50.842912+00
163d8f80-a424-4f39-b68a-9f4e9f6552bf,/srv/fim-watch/gen_00004.txt,file_deleted,alert_only,high,2026-09-17 22:00:54.429811+00,2026-09-17 22:00:54.467915+00
4deccaef-48c1-4f2b-b4d8-055a90ecdcb2,/srv/fim-watch/gen_00013.txt,file_modified,alert_only,high,2026-09-17 22:00:58.029292+00,2026-09-17 22:00:58.050546+00
985af261-4b38-420d-b802-0b43688b24cd,/srv/fim-watch/gen_00005.txt,file_modified,alert_only,high,2026-09-17 22:01:01.629629+00,2026-09-17 22:01:01.657095+00
58ebb5f5-a568-4b92-b0a1-ae97aa031cc9,/srv/fim-watch/gen_00003.txt,file_modified,alert_only,high,2026-09-17 22:01:05.229374+00,2026-09-17 22:01:05.258709+00
7a4465cb-ca9f-44f6-9a63-aa24e590df12,/srv/fim-watch/gen_00012.txt,file_modified,alert_only,high,2026-09-17 22:01:08.828826+00,2026-09-17 22:01:08.848607+00
5d66d407-202e-4220-bd34-2dd7163d9885,/srv/fim-watch/gen_00012.txt,file_modified,alert_only,high,2026-09-17 22:01:12.428497+00,2026-09-17 22:01:12.454087+00
bb9387fd-8a7e-4a2c-a0bd-4775152af6a8,/srv/fim-watch/gen_00012.txt,file_modified,alert_only,high,2026-09-17 22:01:16.028586+00,2026-09-17 22:01:16.052074+00
ef369f3c-d007-4f9e-b91e-2a48c8a971f5,/srv/fim-watch/gen_00012.txt,file_modified,alert_only,high,2026-09-17 22:01:19.628013+00,2026-09-17 22:01:19.65534+00
ee2bdb36-9dd2-4259-872b-d68512832f58,/srv/fim-watch/gen_00012.txt,file_modified,alert_only,high,2026-09-17 22:01:23.228018+00,2026-09-17 22:01:23.246714+00
45d58bf0-6312-4c2e-b643-d1ccfad86bac,/srv/fim-watch/gen_00012.txt,file_modified,alert_only,high,2026-09-17 22:01:26.826923+00,2026-09-17 22:01:26.851228+00
2b027541-26c0-480b-9f77-9b70af5629b7,/srv/fim-watch/gen_00014.txt,file_modified,alert_only,high,2026-09-17 22:01:30.427257+00,2026-09-17 22:01:30.452347+00
cc9bc5e3-35b2-41d8-a305-63d3c54b124e,/srv/fim-watch/critico/gen_00011.txt,file_modified,alert_only,critical,2026-09-17 22:01:34.027046+00,2026-09-17 22:01:34.048507+00
83ba30c3-7a25-4f45-91b2-1ff76276c7a0,/srv/fim-watch/critico/gen_00011.txt,file_modified,alert_only,critical,2026-09-17 22:01:37.626416+00,2026-09-17 22:01:37.651954+00
f58a00b1-58d7-4a56-bf5b-0fcbfec7e277,/srv/fim-watch/gen_00014.txt,file_modified,alert_only,high,2026-09-17 22:01:41.226681+00,2026-09-17 22:01:41.257912+00
faf4db98-cfc9-4bce-ad3a-cdc9aadcab19,/srv/fim-watch/gen_00015.txt,file_modified,alert_only,high,2026-09-17 22:01:44.82584+00,2026-09-17 22:01:44.855498+00
8187fca5-e31d-45cc-9239-bdf15b8800bb,/srv/fim-watch/gen_00015.txt,file_modified,alert_only,high,2026-09-17 22:01:48.425671+00,2026-09-17 22:01:48.453405+00
2e76e867-db27-47b1-a675-3a442cab47e0,/srv/fim-watch/critico/gen_00009.txt,file_modified,alert_only,critical,2026-09-17 22:01:52.025808+00,2026-09-17 22:01:52.05501+00
a72451c4-0176-458a-82ec-d9412da674b6,/srv/fim-watch/gen_00005.txt,file_modified,alert_only,high,2026-09-17 22:01:55.625377+00,2026-09-17 22:01:55.652704+00
3dce74d5-0012-46a6-9bb1-b0fa3dabc38b,/srv/fim-watch/gen_00014.txt,file_modified,alert_only,high,2026-09-17 22:01:59.22482+00,2026-09-17 22:01:59.244755+00
71f3d2dc-cb3f-461f-bbdd-bdd8a2fb61a5,/srv/fim-watch/gen_00014.txt,file_modified,alert_only,high,2026-09-17 22:02:02.824641+00,2026-09-17 22:02:02.851674+00
b11fd588-ee79-4d2c-85ee-756464dfcb4d,/srv/fim-watch/gen_00005.txt,file_modified,alert_only,high,2026-09-17 22:02:06.424305+00,2026-09-17 22:02:06.446615+00
7207771a-2b94-4e4a-8f82-d4fa93a251fc,/srv/fim-watch/gen_00005.txt,file_modified,alert_only,high,2026-09-17 22:02:10.024086+00,2026-09-17 22:02:10.105483+00
70a0bde2-cc98-425a-b703-51051d7e39b2,/srv/fim-watch/gen_00016.txt,file_created,alert_only,high,2026-09-17 22:02:13.623568+00,2026-09-17 22:02:13.656188+00
7e4e6c9a-0043-472c-9178-f2ef932cf649,/srv/fim-watch/critico/gen_00011.txt,file_modified,alert_only,critical,2026-09-17 22:02:17.22349+00,2026-09-17 22:02:17.252098+00
5abc0ff9-65b2-47a9-9318-bc218bb65a18,/srv/fim-watch/critico/gen_00011.txt,file_modified,alert_only,critical,2026-09-17 22:02:20.822709+00,2026-09-17 22:02:20.843925+00
194c7030-6597-4273-9066-1e55e3a58b2c,/srv/fim-watch/critico/gen_00011.txt,file_modified,alert_only,critical,2026-09-17 22:02:24.422758+00,2026-09-17 22:02:24.443613+00
1ce8bad7-969e-4619-9817-2c81515f36f6,/srv/fim-watch/critico/gen_00011.txt,file_modified,alert_only,critical,2026-09-17 22:02:28.022624+00,2026-09-17 22:02:28.05021+00
f3522466-2217-445b-a38e-d14f25e2bbcc,/srv/fim-watch/critico/gen_00011.txt,file_modified,alert_only,critical,2026-09-17 22:02:31.621814+00,2026-09-17 22:02:31.635923+00
da5a18b9-7962-4b0d-b06b-5d0e446ebd75,/srv/fim-watch/gen_00017.txt,file_modified,alert_only,high,2026-09-17 22:02:35.222069+00,2026-09-17 22:02:35.250328+00
2445904a-e617-4076-a736-f1098e4185e0,/srv/fim-watch/gen_00003.txt,file_modified,alert_only,high,2026-09-17 22:02:38.821804+00,2026-09-17 22:02:38.850007+00
84e6e03d-3e6a-49a6-9d3e-f94059e463fc,/srv/fim-watch/gen_00003.txt,file_modified,alert_only,high,2026-09-17 22:02:42.420966+00,2026-09-17 22:02:42.45067+00
6f3418e1-faaa-4dd7-b4c4-779824cd591d,/srv/fim-watch/critico/gen_00010.txt,file_modified,alert_only,critical,2026-09-17 22:02:46.021247+00,2026-09-17 22:02:46.050752+00
1aab2595-afbe-42de-946c-912e3eacc030,/srv/fim-watch/gen_00008.txt,file_deleted,alert_only,high,2026-09-17 22:02:49.620604+00,2026-09-17 22:02:49.644541+00
dfb68267-4d74-4328-86d8-336cc8d24b7a,/srv/fim-watch/critico/gen_00010.txt,file_modified,alert_only,critical,2026-09-17 22:02:53.220998+00,2026-09-17 22:02:53.249195+00
2c7cd1bc-58ca-4d11-b2b2-281c84948d3f,/srv/fim-watch/gen_00013.txt,file_modified,alert_only,high,2026-09-17 22:02:56.819692+00,2026-09-17 22:02:56.845549+00
1c61beca-8364-434f-bb6c-97524095bd77,/srv/fim-watch/gen_00012.txt,file_deleted,alert_only,high,2026-09-17 22:03:00.420026+00,2026-09-17 22:03:00.452573+00
bc5c1115-0d0b-4397-b38d-88d16d01513d,/srv/fim-watch/gen_00016.txt,file_deleted,alert_only,high,2026-09-17 22:03:04.019464+00,2026-09-17 22:03:04.12583+00
3b000849-0040-4461-9d13-148d80e98622,/srv/fim-watch/gen_00015.txt,file_modified,alert_only,high,2026-09-17 22:03:07.619398+00,2026-09-17 22:03:07.648877+00
0b2aa55e-3367-4475-84c0-bf8cdc4acaf1,/srv/fim-watch/critico/gen_00018.txt,file_modified,alert_only,critical,2026-09-17 22:03:11.219178+00,2026-09-17 22:03:11.249561+00
55f1b6d0-1115-40f0-a2c0-3d57efa3d2c4,/srv/fim-watch/critico/gen_00018.txt,file_deleted,alert_only,critical,2026-09-17 22:03:14.81845+00,2026-09-17 22:03:14.839213+00
42e0c829-a10c-435a-831f-48cc5d2c62d3,/srv/fim-watch/critico/gen_00010.txt,file_modified,alert_only,critical,2026-09-17 22:03:18.418307+00,2026-09-17 22:03:18.441215+00
9c722196-e1e2-44e5-a939-b1ee0eac4157,/srv/fim-watch/gen_00003.txt,file_deleted,alert_only,high,2026-09-17 22:03:22.01852+00,2026-09-17 22:03:22.053403+00
0eff56ba-2166-499a-a9e5-452502e34122,/srv/fim-watch/gen_00019.txt,file_modified,alert_only,high,2026-09-17 22:03:25.617454+00,2026-09-17 22:03:25.640402+00
facd4252-1569-4e2a-b909-c0482ee02081,/srv/fim-watch/critico/gen_00011.txt,file_modified,alert_only,critical,2026-09-17 22:03:29.217556+00,2026-09-17 22:03:29.24928+00
3bf32e94-5682-4fb6-802e-8728cde02b41,/srv/fim-watch/gen_00020.txt,file_modified,alert_only,high,2026-09-17 22:03:32.8175+00,2026-09-17 22:03:32.848944+00
7e0717ce-dd09-4f44-a425-3a28e0a0bddc,/srv/fim-watch/gen_00017.txt,file_modified,alert_only,high,2026-09-17 22:03:36.416539+00,2026-09-17 22:03:36.439234+00
177e26c6-12b1-41da-966f-33f354b82897,/srv/fim-watch/gen_00015.txt,file_modified,alert_only,high,2026-09-17 22:03:40.016761+00,2026-09-17 22:03:40.040106+00
8490fd13-a0d5-4791-8035-9f9d8f95cd3c,/srv/fim-watch/critico/gen_00021.txt,file_modified,alert_only,critical,2026-09-17 22:03:43.616416+00,2026-09-17 22:03:43.643416+00
45d8e67a-58c0-4432-8aff-324cd73e0a22,/srv/fim-watch/critico/gen_00022.txt,file_modified,alert_only,critical,2026-09-17 22:03:47.216039+00,2026-09-17 22:03:47.231444+00
b4fdbfbb-de20-4a87-9c2b-877ddbc70809,/srv/fim-watch/critico/gen_00011.txt,file_modified,alert_only,critical,2026-09-17 22:03:50.815936+00,2026-09-17 22:03:50.827178+00
5deb1ca9-418f-42b2-bc3e-e60b5a61f7f3,/srv/fim-watch/gen_00005.txt,file_modified,alert_only,high,2026-09-17 22:03:54.415555+00,2026-09-17 22:03:54.43386+00
4fba8cf9-c7d0-4aff-8710-9d9469273bc8,/srv/fim-watch/gen_00023.txt,file_created,alert_only,high,2026-09-17 22:03:58.014836+00,2026-09-17 22:03:58.036324+00
0fc4b25a-4642-4d05-a9e6-3a4dd718a853,/srv/fim-watch/gen_00014.txt,file_modified,alert_only,high,2026-09-17 22:04:01.61522+00,2026-09-17 22:04:01.641281+00
3e773d89-6b34-4f16-9416-190ef8b8e90d,/srv/fim-watch/gen_00015.txt,file_deleted,alert_only,high,2026-09-17 22:04:05.214749+00,2026-09-17 22:04:05.242518+00
39a7819e-ec62-4aaa-91f6-8bf1a973a4ea,/srv/fim-watch/gen_00019.txt,file_modified,alert_only,high,2026-09-17 22:04:08.814113+00,2026-09-17 22:04:08.842935+00
e6f49dfa-f09e-4cb1-8e76-c9c7a4905104,/srv/fim-watch/gen_00007.txt,file_modified,alert_only,high,2026-09-17 22:04:12.414376+00,2026-09-17 22:04:12.439413+00
b38269e6-6721-4cc4-b332-f37da225400f,/srv/fim-watch/gen_00023.txt,file_modified,alert_only,high,2026-09-17 22:04:16.013708+00,2026-09-17 22:04:16.045503+00
e91290c1-5dc8-4ef8-869a-55a6518c3ff1,/srv/fim-watch/gen_00023.txt,file_modified,alert_only,high,2026-09-17 22:04:19.613532+00,2026-09-17 22:04:19.640413+00
ed2789e6-cbd9-4fd3-94b8-bd54252ee1a8,/srv/fim-watch/gen_00023.txt,file_modified,alert_only,high,2026-09-17 22:04:23.213643+00,2026-09-17 22:04:23.246734+00
ea1fb053-b160-4883-8692-a41a40186cf3,/srv/fim-watch/gen_00023.txt,file_modified,alert_only,high,2026-09-17 22:04:26.813142+00,2026-09-17 22:04:26.840263+00
dbbfe3ae-80e1-4585-a771-1132cbae3fcb,/srv/fim-watch/gen_00023.txt,file_modified,alert_only,high,2026-09-17 22:04:30.412708+00,2026-09-17 22:04:30.433524+00
63b8adf8-a966-4776-954a-59b47ec6e2eb,/srv/fim-watch/gen_00013.txt,file_modified,alert_only,high,2026-09-17 22:04:34.012536+00,2026-09-17 22:04:34.040421+00
6ed90462-4f38-4d8b-86cd-54a1714a7d78,/srv/fim-watch/gen_00005.txt,file_modified,alert_only,high,2026-09-17 22:04:37.612044+00,2026-09-17 22:04:37.632289+00
4711d2f0-4f7f-4167-99e5-d87b20d4ca9e,/srv/fim-watch/critico/gen_00022.txt,file_modified,alert_only,critical,2026-09-17 22:04:41.211781+00,2026-09-17 22:04:41.236468+00
50b8bbe4-8fab-4693-8d00-7c338d79e985,/srv/fim-watch/gen_00023.txt,file_modified,alert_only,high,2026-09-17 22:04:44.811501+00,2026-09-17 22:04:44.844744+00
ba4e23b9-e3ed-44ea-bfbb-55a420cebec2,/srv/fim-watch/critico/gen_00024.txt,file_modified,alert_only,critical,2026-09-17 22:04:48.411452+00,2026-09-17 22:04:48.438245+00
f82b3a74-241b-4228-b2fd-65fac2ca3a2f,/srv/fim-watch/critico/gen_00024.txt,file_modified,alert_only,critical,2026-09-17 22:04:52.011052+00,2026-09-17 22:04:52.036078+00
78ef524f-7d66-4c37-a9e9-6b5037cad38f,/srv/fim-watch/critico/gen_00010.txt,file_deleted,alert_only,critical,2026-09-17 22:04:55.610583+00,2026-09-17 22:04:55.642629+00
248bffe6-a53c-4ebb-beaf-4264b052ea17,/srv/fim-watch/gen_00025.txt,file_modified,alert_only,high,2026-09-17 22:04:59.210298+00,2026-09-17 22:04:59.237987+00
3af95d93-f2b9-442a-a951-2c3ee0b8b42c,/srv/fim-watch/critico/gen_00021.txt,file_modified,alert_only,critical,2026-09-17 22:05:02.810189+00,2026-09-17 22:05:02.836623+00
bc853c45-8f7d-4808-be3a-c9295b8aeb93,/srv/fim-watch/critico/gen_00021.txt,file_deleted,alert_only,critical,2026-09-17 22:05:06.40957+00,2026-09-17 22:05:06.432218+00
81180f7f-905a-4ff7-a99e-e4d4acf06f64,/srv/fim-watch/gen_00017.txt,file_modified,alert_only,high,2026-09-17 22:05:10.009955+00,2026-09-17 22:05:10.039311+00
6210643d-8f07-488a-86d7-b473e9e4bec6,/srv/fim-watch/gen_00017.txt,file_modified,alert_only,high,2026-09-17 22:05:13.609219+00,2026-09-17 22:05:13.678341+00
ee7a1ffc-7221-4065-9b48-705bac7a2b7c,/srv/fim-watch/gen_00017.txt,file_modified,alert_only,high,2026-09-17 22:05:17.208768+00,2026-09-17 22:05:17.231397+00
74f75cb9-341a-45e8-b729-822dd33416ef,/srv/fim-watch/critico/gen_00024.txt,file_modified,alert_only,critical,2026-09-17 22:05:20.808724+00,2026-09-17 22:05:20.838441+00
a292b8b5-0620-49a5-ab0a-43076e5a3966,/srv/fim-watch/gen_00007.txt,file_deleted,alert_only,high,2026-09-17 22:05:24.408253+00,2026-09-17 22:05:24.432126+00
324f2139-60da-4e22-a5f4-cd30d4a9cab8,/srv/fim-watch/gen_00017.txt,file_modified,alert_only,high,2026-09-17 22:05:28.008161+00,2026-09-17 22:05:28.035987+00
161fb246-aea5-42f3-89e0-924e441c360d,/srv/fim-watch/gen_00014.txt,file_modified,alert_only,high,2026-09-17 22:05:31.607767+00,2026-09-17 22:05:31.625465+00
e66e5637-b2cc-4bfe-9ae0-2afdb79fa63a,/srv/fim-watch/gen_00026.txt,file_modified,alert_only,high,2026-09-17 22:05:35.207451+00,2026-09-17 22:05:35.236021+00
ae6e01dc-4a24-4fa0-907f-2b0bee96f6f2,/srv/fim-watch/gen_00005.txt,file_deleted,alert_only,high,2026-09-17 22:05:38.807152+00,2026-09-17 22:05:38.841735+00
55c76ade-fd62-4e73-9a2f-bf85901a9b06,/srv/fim-watch/gen_00023.txt,file_modified,alert_only,high,2026-09-17 22:05:42.407207+00,2026-09-17 22:05:42.433251+00
9631ff42-a0a6-4d9a-a1e7-63c7cc2c977a,/srv/fim-watch/critico/gen_00022.txt,file_deleted,alert_only,critical,2026-09-17 22:05:46.006422+00,2026-09-17 22:05:46.085733+00
a40635d9-e11c-41d0-9496-61d840b9dbf0,/srv/fim-watch/gen_00026.txt,file_modified,alert_only,high,2026-09-17 22:05:49.606249+00,2026-09-17 22:05:49.628479+00
ba7fce62-6d69-4d45-a914-c0422884b12b,/srv/fim-watch/critico/gen_00009.txt,file_modified,alert_only,critical,2026-09-17 22:05:53.205501+00,2026-09-17 22:05:53.223586+00
b6dfea8c-e00a-48eb-a4a8-dc2cd685de91,/srv/fim-watch/gen_00020.txt,file_modified,alert_only,high,2026-09-17 22:05:56.805845+00,2026-09-17 22:05:56.832258+00
2703d866-9e63-4df2-bad5-52358e7faea7,/srv/fim-watch/gen_00025.txt,file_modified,alert_only,high,2026-09-17 22:06:00.4057+00,2026-09-17 22:06:00.438092+00
d379272c-4f0c-4282-9927-e59edc96e6ea,/srv/fim-watch/gen_00019.txt,file_modified,alert_only,high,2026-09-17 22:06:04.005438+00,2026-09-17 22:06:04.033652+00
338fdfaa-b269-4594-945f-fb73491cd6f2,/srv/fim-watch/gen_00019.txt,file_modified,alert_only,high,2026-09-17 22:06:07.604458+00,2026-09-17 22:06:07.628861+00
0c0e99c9-1609-4c8c-98e3-cee793ae69f1,/srv/fim-watch/gen_00014.txt,file_modified,alert_only,high,2026-09-17 22:06:11.205433+00,2026-09-17 22:06:11.228175+00
436a4090-cc54-4889-902e-8d002b28c77b,/srv/fim-watch/gen_00014.txt,file_modified,alert_only,high,2026-09-17 22:06:14.804448+00,2026-09-17 22:06:14.831392+00
07f062e4-0940-4c2c-b75d-483175a5a47c,/srv/fim-watch/gen_00014.txt,file_modified,alert_only,high,2026-09-17 22:06:18.404805+00,2026-09-17 22:06:18.429914+00
1db6539a-646d-4f65-8f8e-f84f58e699b7,/srv/fim-watch/critico/gen_00027.txt,file_modified,alert_only,critical,2026-09-17 22:06:22.004514+00,2026-09-17 22:06:22.028708+00
b09a9470-6930-4cf7-9103-369e6b8796e0,/srv/fim-watch/gen_00025.txt,file_modified,alert_only,high,2026-09-17 22:06:25.604461+00,2026-09-17 22:06:25.634318+00
51c7a00b-4c2f-46bf-bee0-cc558336b3b0,/srv/fim-watch/critico/gen_00024.txt,file_modified,alert_only,critical,2026-09-17 22:06:29.203755+00,2026-09-17 22:06:29.226364+00
c2a99431-9761-4254-ad1c-0bd0bf0b7454,/srv/fim-watch/critico/gen_00024.txt,file_modified,alert_only,critical,2026-09-17 22:06:32.803337+00,2026-09-17 22:06:32.823247+00
552dab48-d149-419e-8d01-571b9de72c4d,/srv/fim-watch/gen_00019.txt,file_deleted,alert_only,high,2026-09-17 22:06:36.403408+00,2026-09-17 22:06:36.432141+00
ef1d6c90-53d7-4d04-b2aa-6540aa0b6db7,/srv/fim-watch/gen_00014.txt,file_modified,alert_only,high,2026-09-17 22:06:40.004205+00,2026-09-17 22:06:40.029807+00
bc89c84d-2abc-44c3-a054-71cfb6bc2076,/srv/fim-watch/gen_00028.txt,file_modified,alert_only,high,2026-09-17 22:06:43.60243+00,2026-09-17 22:06:43.630318+00
240c384a-5ab9-4344-b4b9-a9dc045b1071,/srv/fim-watch/critico/gen_00029.txt,file_modified,alert_only,critical,2026-09-17 22:06:47.202653+00,2026-09-17 22:06:47.227837+00
9138802d-74c7-448f-9336-7bf4788ed62c,/srv/fim-watch/critico/gen_00011.txt,file_modified,alert_only,critical,2026-09-17 22:06:50.804287+00,2026-09-17 22:06:50.834724+00
1594c59a-702d-4371-9cf6-bee413d645a5,/srv/fim-watch/gen_00013.txt,file_modified,alert_only,high,2026-09-17 22:06:54.401531+00,2026-09-17 22:06:54.431117+00
d683f6ea-aa6a-4249-bd45-197a08e3f7ee,/srv/fim-watch/critico/gen_00024.txt,file_modified,alert_only,critical,2026-09-17 22:06:58.001419+00,2026-09-17 22:06:58.039003+00
58558417-1bf9-4f29-9ece-9998fac03b04,/srv/fim-watch/gen_00030.txt,file_created,alert_only,high,2026-09-17 22:07:01.600423+00,2026-09-17 22:07:01.634679+00
c360790a-3df0-41ff-9316-a23d7d016065,/srv/fim-watch/gen_00020.txt,file_modified,alert_only,high,2026-09-17 22:07:05.200462+00,2026-09-17 22:07:05.234892+00
d397a563-8929-4749-a54a-b15da47778d1,/srv/fim-watch/critico/gen_00029.txt,file_modified,alert_only,critical,2026-09-17 22:07:08.800204+00,2026-09-17 22:07:08.827266+00
fe9bce4a-cdcd-498c-9b07-b9e08726eb62,/srv/fim-watch/critico/gen_00011.txt,file_modified,alert_only,critical,2026-09-17 22:07:12.400337+00,2026-09-17 22:07:12.425745+00
ee8c30e0-3d8d-4dfd-9cac-13d2345b585a,/srv/fim-watch/gen_00031.txt,file_modified,alert_only,high,2026-09-17 22:07:15.999561+00,2026-09-17 22:07:16.028241+00
55f480e9-80c2-4214-97a3-8a5760bbe31f,/srv/fim-watch/gen_00032.txt,file_modified,alert_only,high,2026-09-17 22:07:19.59927+00,2026-09-17 22:07:19.636622+00
1096cb62-cc24-407f-8d07-117e03150774,/srv/fim-watch/gen_00026.txt,file_modified,alert_only,high,2026-09-17 22:07:23.199192+00,2026-09-17 22:07:23.228189+00
af0ddb47-eb14-46d1-87df-8dbcebf59998,/srv/fim-watch/critico/gen_00033.txt,file_modified,alert_only,critical,2026-09-17 22:07:26.798976+00,2026-09-17 22:07:26.824709+00
3007ac15-178f-4309-8874-e3786c4a404e,/srv/fim-watch/critico/gen_00033.txt,file_deleted,alert_only,critical,2026-09-17 22:07:30.398296+00,2026-09-17 22:07:30.422238+00
99c6278b-7734-467d-a672-238522871236,/srv/fim-watch/gen_00034.txt,file_modified,alert_only,high,2026-09-17 22:07:33.998135+00,2026-09-17 22:07:34.022965+00
5699031f-3fd5-4eee-be5f-35092a946863,/srv/fim-watch/gen_00028.txt,file_deleted,alert_only,high,2026-09-17 22:07:37.598281+00,2026-09-17 22:07:37.633914+00
6d245d16-87c5-4ba8-afd5-ae094422d18a,/srv/fim-watch/critico/gen_00035.txt,file_modified,alert_only,critical,2026-09-17 22:07:41.197235+00,2026-09-17 22:07:41.220342+00
e4a43597-d099-4340-9d7e-4d7400ac96a8,/srv/fim-watch/gen_00036.txt,file_modified,alert_only,high,2026-09-17 22:07:44.797284+00,2026-09-17 22:07:44.826827+00
e67f337f-ddcc-40dd-8cd6-6dad0e9dd166,/srv/fim-watch/gen_00037.txt,file_modified,alert_only,high,2026-09-17 22:07:48.396843+00,2026-09-17 22:07:48.47552+00
99441aba-f120-41ea-84b5-400deb7d4c83,/srv/fim-watch/gen_00025.txt,file_modified,alert_only,high,2026-09-17 22:07:51.996348+00,2026-09-17 22:07:52.025612+00
d2a9458b-868d-4743-98c0-80db60b7291e,/srv/fim-watch/critico/gen_00009.txt,file_modified,alert_only,critical,2026-09-17 22:07:55.596027+00,2026-09-17 22:07:55.622277+00
7dfcce49-7174-4a80-af97-984c40ff03dd,/srv/fim-watch/critico/gen_00009.txt,file_modified,alert_only,critical,2026-09-17 22:07:59.19628+00,2026-09-17 22:07:59.227179+00
1f5732d6-4259-4291-8cb9-3ed7e2bed57a,/srv/fim-watch/critico/gen_00035.txt,file_deleted,alert_only,critical,2026-09-17 22:08:02.795643+00,2026-09-17 22:08:02.828347+00
5dccb96d-ac88-4e35-abf6-807b59b50630,/srv/fim-watch/gen_00026.txt,file_modified,alert_only,high,2026-09-17 22:08:06.395844+00,2026-09-17 22:08:06.425538+00
1593871b-8ec4-4c47-8bc6-f46eaf58051b,/srv/fim-watch/gen_00036.txt,file_modified,alert_only,high,2026-09-17 22:08:09.995249+00,2026-09-17 22:08:10.027164+00
3e5ee5ff-9de0-4da3-85a5-77847cd52dba,/srv/fim-watch/gen_00017.txt,file_modified,alert_only,high,2026-09-17 22:08:13.595073+00,2026-09-17 22:08:13.62467+00
e3c2fc3d-228e-4d72-8617-ad3e2747c7b3,/srv/fim-watch/gen_00023.txt,file_deleted,alert_only,high,2026-09-17 22:08:17.194437+00,2026-09-17 22:08:17.221095+00
a4261f8f-1460-4e26-af51-195aefbf1916,/srv/fim-watch/gen_00014.txt,file_modified,alert_only,high,2026-09-17 22:08:20.795019+00,2026-09-17 22:08:20.89284+00
e77ee557-e2ff-4e46-bc2c-af7e90a1c13c,/srv/fim-watch/critico/gen_00029.txt,file_modified,alert_only,critical,2026-09-17 22:08:24.39422+00,2026-09-17 22:08:24.419155+00
9700ba7a-b1a7-4875-a9a8-8e8dd1c69226,/srv/fim-watch/gen_00032.txt,file_modified,alert_only,high,2026-09-17 22:08:27.994809+00,2026-09-17 22:08:28.02039+00
54cebb03-f7c5-4373-901e-8b833fa0c0b4,/srv/fim-watch/gen_00025.txt,file_modified,alert_only,high,2026-09-17 22:08:31.593314+00,2026-09-17 22:08:31.62122+00
a78b9bb2-e077-4eae-b357-f76126e5253d,/srv/fim-watch/gen_00017.txt,file_deleted,alert_only,high,2026-09-17 22:08:35.192912+00,2026-09-17 22:08:35.216111+00
4d84833f-48d4-4579-9520-c73dfb4b7a34,/srv/fim-watch/gen_00030.txt,file_deleted,alert_only,high,2026-09-17 22:08:38.792982+00,2026-09-17 22:08:38.824258+00
e540ee4c-27a8-4543-9c8a-47cb2009bfc3,/srv/fim-watch/gen_00034.txt,file_modified,alert_only,high,2026-09-17 22:08:42.392744+00,2026-09-17 22:08:42.421463+00
65751130-1571-46c6-9c59-df7962ffe36f,/srv/fim-watch/gen_00037.txt,file_deleted,alert_only,high,2026-09-17 22:08:45.992105+00,2026-09-17 22:08:46.018741+00
300ab248-b6b2-4645-bec8-abfc72f6fb24,/srv/fim-watch/gen_00038.txt,file_modified,alert_only,high,2026-09-17 22:08:49.591998+00,2026-09-17 22:08:49.614408+00
31f36510-af8f-4d2b-a0f2-c0179d796703,/srv/fim-watch/gen_00025.txt,file_modified,alert_only,high,2026-09-17 22:08:53.191773+00,2026-09-17 22:08:53.223373+00
392f79ab-f99d-4844-9481-272ec26f6c33,/srv/fim-watch/critico/gen_00011.txt,file_modified,alert_only,critical,2026-09-17 22:08:56.791011+00,2026-09-17 22:08:56.814117+00
405ae57b-f7b0-44ec-a56d-205a453e3e30,/srv/fim-watch/gen_00036.txt,file_modified,alert_only,high,2026-09-17 22:09:00.39232+00,2026-09-17 22:09:00.412288+00
ef16ca74-9c7d-40d3-b3b4-8c0c2bfb4aba,/srv/fim-watch/critico/gen_00027.txt,file_modified,alert_only,critical,2026-09-17 22:09:03.990955+00,2026-09-17 22:09:04.022334+00
93fc57fd-9349-4f6d-abe5-b0edb507f0eb,/srv/fim-watch/gen_00031.txt,file_modified,alert_only,high,2026-09-17 22:09:07.591311+00,2026-09-17 22:09:07.61172+00
096edf16-bd72-446d-aed6-88918a6490d0,/srv/fim-watch/gen_00034.txt,file_modified,alert_only,high,2026-09-17 22:09:11.19066+00,2026-09-17 22:09:11.216848+00
d289d7c9-a553-4d0b-a515-c653e6d116aa,/srv/fim-watch/gen_00034.txt,file_modified,alert_only,high,2026-09-17 22:09:14.789704+00,2026-09-17 22:09:14.812374+00
f61b51c2-facc-4101-9f9b-40db4b190d3c,/srv/fim-watch/critico/gen_00039.txt,file_modified,alert_only,critical,2026-09-17 22:09:18.389837+00,2026-09-17 22:09:18.412631+00
e77b46eb-ab05-41b6-8a51-cf43a391e7c7,/srv/fim-watch/gen_00040.txt,file_modified,alert_only,high,2026-09-17 22:09:21.989551+00,2026-09-17 22:09:22.019305+00
767e4cb2-52c4-4d75-b006-e1bc79b513fd,/srv/fim-watch/gen_00041.txt,file_modified,alert_only,high,2026-09-17 22:09:25.589478+00,2026-09-17 22:09:25.624454+00
4ccfde52-b736-4589-85f8-42915c9635bc,/srv/fim-watch/critico/gen_00011.txt,file_deleted,alert_only,critical,2026-09-17 22:09:29.18884+00,2026-09-17 22:09:29.223105+00
8892b777-0342-4c6b-a736-6664dce573c7,/srv/fim-watch/gen_00034.txt,file_modified,alert_only,high,2026-09-17 22:09:32.788275+00,2026-09-17 22:09:32.820889+00
e31e991f-a528-4da6-81c1-bb549fdb7201,/srv/fim-watch/critico/gen_00029.txt,file_modified,alert_only,critical,2026-09-17 22:09:36.388277+00,2026-09-17 22:09:36.454811+00
593132ee-1f43-412e-858f-1f4ddb988b2d,/srv/fim-watch/critico/gen_00042.txt,file_modified,alert_only,critical,2026-09-17 22:09:39.989144+00,2026-09-17 22:09:40.016426+00
7e96cb9c-808b-472c-86b0-994bd5c671e0,/srv/fim-watch/critico/gen_00027.txt,file_modified,alert_only,critical,2026-09-17 22:09:43.588109+00,2026-09-17 22:09:43.614566+00
671a3f40-24a7-4d0c-b284-36c612096534,/srv/fim-watch/critico/gen_00027.txt,file_modified,alert_only,critical,2026-09-17 22:09:47.187558+00,2026-09-17 22:09:47.218793+00
45fb4379-67c3-48aa-92a2-40b9d4524f99,/srv/fim-watch/gen_00034.txt,file_modified,alert_only,high,2026-09-17 22:09:50.787009+00,2026-09-17 22:09:50.812693+00
eb0c7e17-af93-4014-b589-e63aade2e602,/srv/fim-watch/gen_00031.txt,file_deleted,alert_only,high,2026-09-17 22:09:54.387147+00,2026-09-17 22:09:54.48613+00
1650bfee-354d-4331-a641-e448a7b964f4,/srv/fim-watch/gen_00034.txt,file_modified,alert_only,high,2026-09-17 22:09:57.987135+00,2026-09-17 22:09:58.00927+00
9de5bf09-9f97-4476-8612-e6c111f64aca,/srv/fim-watch/gen_00034.txt,file_modified,alert_only,high,2026-09-17 22:10:01.587236+00,2026-09-17 22:10:01.618118+00
482f3379-caf4-42f8-9da6-ff1c62e55b2f,/srv/fim-watch/gen_00034.txt,file_modified,alert_only,high,2026-09-17 22:10:05.186347+00,2026-09-17 22:10:05.214564+00
869a5d9d-0f6b-4275-9489-18e59668c8e1,/srv/fim-watch/gen_00034.txt,file_modified,alert_only,high,2026-09-17 22:10:08.785504+00,2026-09-17 22:10:08.80661+00
9924aa4d-03f0-450c-aafb-76eaeb0aa14a,/srv/fim-watch/gen_00034.txt,file_modified,alert_only,high,2026-09-17 22:10:12.385729+00,2026-09-17 22:10:12.413713+00
29224c55-c78a-48c4-a7a3-03f555847a00,/srv/fim-watch/gen_00032.txt,file_modified,alert_only,high,2026-09-17 22:10:15.986361+00,2026-09-17 22:10:16.014885+00
020bb89f-8514-48e8-8782-3e62f532aac6,/srv/fim-watch/gen_00038.txt,file_deleted,alert_only,high,2026-09-17 22:10:19.586276+00,2026-09-17 22:10:19.622132+00
76fd30e3-0159-46cd-9bca-f1120ed06877,/srv/fim-watch/gen_00034.txt,file_modified,alert_only,high,2026-09-17 22:10:23.18514+00,2026-09-17 22:10:23.21541+00
cabc03fa-7c56-4861-86bd-923fe5d30c4b,/srv/fim-watch/gen_00034.txt,file_modified,alert_only,high,2026-09-17 22:10:26.784614+00,2026-09-17 22:10:26.811981+00
6060c67b-9782-4cf3-abea-72401c96288a,/srv/fim-watch/critico/gen_00027.txt,file_modified,alert_only,critical,2026-09-17 22:10:30.384411+00,2026-09-17 22:10:30.410222+00
551b1474-6039-42b5-891e-ac44efee4bac,/srv/fim-watch/critico/gen_00027.txt,file_modified,alert_only,critical,2026-09-17 22:10:33.983763+00,2026-09-17 22:10:34.005366+00
767020e5-4174-44ec-b8b7-3cfe25bcf2dd,/srv/fim-watch/critico/gen_00027.txt,file_modified,alert_only,critical,2026-09-17 22:10:37.583164+00,2026-09-17 22:10:37.603003+00
0b80927b-c8bf-4494-8e3d-d9fd61b8de1a,/srv/fim-watch/critico/gen_00027.txt,file_modified,alert_only,critical,2026-09-17 22:10:41.183323+00,2026-09-17 22:10:41.210106+00
241fee31-4ade-42c5-9aa3-658330481a97,/srv/fim-watch/critico/gen_00027.txt,file_modified,alert_only,critical,2026-09-17 22:10:44.782992+00,2026-09-17 22:10:44.808136+00
cfafa0db-88e9-4b54-8799-690cc719e6d6,/srv/fim-watch/critico/gen_00027.txt,file_modified,alert_only,critical,2026-09-17 22:10:48.38274+00,2026-09-17 22:10:48.409711+00
ec4eb682-e116-4684-9c0a-a62ed105b7b9,/srv/fim-watch/gen_00014.txt,file_modified,alert_only,high,2026-09-17 22:10:51.982433+00,2026-09-17 22:10:52.008964+00
ae70b151-5ea1-4ab9-9166-8e6f6ccdf985,/srv/fim-watch/critico/gen_00029.txt,file_modified,alert_only,critical,2026-09-17 22:10:55.582102+00,2026-09-17 22:10:55.638411+00
c953ed9d-1e51-487e-adfc-05ed7f2d0d09,/srv/fim-watch/gen_00025.txt,file_modified,alert_only,high,2026-09-17 22:10:59.181927+00,2026-09-17 22:10:59.211338+00
3fea8aed-fefd-48b1-9197-717f3b741fa4,/srv/fim-watch/critico/gen_00027.txt,file_modified,alert_only,critical,2026-09-17 22:11:02.781525+00,2026-09-17 22:11:02.80745+00
9554f35e-2469-4b33-a382-07501f0d9e2c,/srv/fim-watch/critico/gen_00024.txt,file_modified,alert_only,critical,2026-09-17 22:11:06.380791+00,2026-09-17 22:11:06.39641+00
5518057b-0409-4fe2-8b30-bf2647670800,/srv/fim-watch/critico/gen_00024.txt,file_modified,alert_only,critical,2026-09-17 22:11:09.980833+00,2026-09-17 22:11:10.003902+00
69bf6934-88c8-480e-90e0-0c10b5cf6b50,/srv/fim-watch/gen_00034.txt,file_modified,alert_only,high,2026-09-17 22:11:13.580415+00,2026-09-17 22:11:13.606582+00
ee897ada-c303-472a-b9f0-3623b5b33d2d,/srv/fim-watch/gen_00026.txt,file_modified,alert_only,high,2026-09-17 22:11:17.180315+00,2026-09-17 22:11:17.202234+00
4f87b875-f780-45d9-864a-e1eab67a39a7,/srv/fim-watch/gen_00013.txt,file_modified,alert_only,high,2026-09-17 22:11:20.780338+00,2026-09-17 22:11:20.807554+00
8c4e01b1-66e4-408d-a9e8-3fbd120c1448,/srv/fim-watch/gen_00043.txt,file_modified,alert_only,high,2026-09-17 22:11:24.379541+00,2026-09-17 22:11:24.397248+00
be296045-20d7-4931-80aa-963ebc6272c3,/srv/fim-watch/critico/gen_00029.txt,file_modified,alert_only,critical,2026-09-17 22:11:27.978984+00,2026-09-17 22:11:27.991838+00
ba3e9ada-0ec6-4ba0-a070-20b00cb5af4c,/srv/fim-watch/critico/gen_00029.txt,file_modified,alert_only,critical,2026-09-17 22:11:31.578673+00,2026-09-17 22:11:31.602368+00
500d80f2-cb84-4a2d-a390-ffd72472a804,/srv/fim-watch/gen_00013.txt,file_modified,alert_only,high,2026-09-17 22:11:35.179+00,2026-09-17 22:11:35.196704+00
83efccc9-407f-4ca7-8164-a751fbdcf427,/srv/fim-watch/gen_00041.txt,file_modified,alert_only,high,2026-09-17 22:11:38.778471+00,2026-09-17 22:11:38.794407+00
0df79b08-f15c-4b43-b789-8819af057259,/srv/fim-watch/critico/gen_00009.txt,file_modified,alert_only,critical,2026-09-17 22:11:42.378055+00,2026-09-17 22:11:42.396675+00
69addff7-d4b3-40ac-b789-f88002f6fc28,/srv/fim-watch/gen_00013.txt,file_modified,alert_only,high,2026-09-17 22:11:45.978113+00,2026-09-17 22:11:46.002333+00
bacbfe92-a1a8-427b-b275-622c4e9ebb3f,/srv/fim-watch/critico/gen_00024.txt,file_modified,alert_only,critical,2026-09-17 22:11:49.57756+00,2026-09-17 22:11:49.600238+00
1b4f99fa-f0c3-44c8-a118-11fb2b51c869,/srv/fim-watch/gen_00020.txt,file_modified,alert_only,high,2026-09-17 22:11:53.177537+00,2026-09-17 22:11:53.204407+00
358a6cf2-6da7-4326-9be1-c4c62b386f7e,/srv/fim-watch/gen_00043.txt,file_modified,alert_only,high,2026-09-17 22:11:56.777286+00,2026-09-17 22:11:56.830989+00
310cba3e-9657-4802-b9af-5f19b94df75c,/srv/fim-watch/gen_00020.txt,file_modified,alert_only,high,2026-09-17 22:12:00.3767+00,2026-09-17 22:12:00.403777+00
6969ce71-43e1-401f-979f-fb388cc86167,/srv/fim-watch/gen_00043.txt,file_deleted,alert_only,high,2026-09-17 22:12:03.976371+00,2026-09-17 22:12:03.994953+00
d3ec81d0-9f87-457a-862a-14669a346cfc,/srv/fim-watch/gen_00026.txt,file_deleted,alert_only,high,2026-09-17 22:12:07.576119+00,2026-09-17 22:12:07.608431+00
b00a6b7f-a6d0-41ff-a07f-4b6c5b3347b9,/srv/fim-watch/critico/gen_00029.txt,file_modified,alert_only,critical,2026-09-17 22:12:11.175999+00,2026-09-17 22:12:11.202109+00
d673cab1-9e27-415b-a31a-9d8e7f272951,/srv/fim-watch/gen_00032.txt,file_modified,alert_only,high,2026-09-17 22:12:14.775587+00,2026-09-17 22:12:14.803141+00
459ebb69-99e6-44fb-aafb-6984aacf1362,/srv/fim-watch/gen_00044.txt,file_modified,alert_only,high,2026-09-17 22:12:18.375379+00,2026-09-17 22:12:18.398811+00
2819720f-04b1-4a68-bff7-ea3d2e7228ed,/srv/fim-watch/gen_00040.txt,file_modified,alert_only,high,2026-09-17 22:12:21.974678+00,2026-09-17 22:12:21.992047+00
88236bc9-755e-4517-b601-befd5aab9d05,/srv/fim-watch/gen_00041.txt,file_modified,alert_only,high,2026-09-17 22:12:25.574819+00,2026-09-17 22:12:25.595698+00
2eeeb214-7142-45c9-adb9-3f6a58c2f2f5,/srv/fim-watch/gen_00013.txt,file_modified,alert_only,high,2026-09-17 22:12:29.174046+00,2026-09-17 22:12:29.190018+00
0ab9d242-b218-4e49-999c-84d61398a57c,/srv/fim-watch/gen_00013.txt,file_modified,alert_only,high,2026-09-17 22:12:32.774222+00,2026-09-17 22:12:32.7958+00
0d40db78-a8ef-497f-a664-ed81a794af06,/srv/fim-watch/gen_00013.txt,file_modified,alert_only,high,2026-09-17 22:12:36.373931+00,2026-09-17 22:12:36.392661+00
b223cd0b-8ba7-445f-9131-ca4339dab227,/srv/fim-watch/gen_00013.txt,file_modified,alert_only,high,2026-09-17 22:12:39.973495+00,2026-09-17 22:12:40.000921+00
15c4b04b-ee3b-4fd5-9be4-2027500a3397,/srv/fim-watch/gen_00013.txt,file_modified,alert_only,high,2026-09-17 22:12:43.573828+00,2026-09-17 22:12:43.589861+00
f1d130d4-0ebb-4357-bc8e-fb734327a025,/srv/fim-watch/gen_00013.txt,file_modified,alert_only,high,2026-09-17 22:12:47.173058+00,2026-09-17 22:12:47.196574+00
4a4eccf3-8092-4401-8982-a92d2be2cdff,/srv/fim-watch/gen_00025.txt,file_modified,alert_only,high,2026-09-17 22:12:50.772767+00,2026-09-17 22:12:50.790507+00
72635fa4-5945-4464-a4af-a7b275b81454,/srv/fim-watch/gen_00025.txt,file_modified,alert_only,high,2026-09-17 22:12:54.372767+00,2026-09-17 22:12:54.393313+00
9dfd94de-c4ce-481e-9c37-1ab1fa131675,/srv/fim-watch/gen_00025.txt,file_modified,alert_only,high,2026-09-17 22:12:57.971713+00,2026-09-17 22:12:57.984289+00
d5d41437-5d87-4d5b-9e4b-de36dc4b9ac1,/srv/fim-watch/gen_00025.txt,file_modified,alert_only,high,2026-09-17 22:13:01.572576+00,2026-09-17 22:13:01.588776+00
392993d1-4240-44fd-a8ff-d9980e911525,/srv/fim-watch/gen_00025.txt,file_modified,alert_only,high,2026-09-17 22:13:05.171561+00,2026-09-17 22:13:05.193687+00
eab564fa-606c-410d-93b1-9cb278b4d2d2,/srv/fim-watch/gen_00040.txt,file_modified,alert_only,high,2026-09-17 22:13:08.771405+00,2026-09-17 22:13:08.788329+00
7c58d643-dda7-4909-83d7-f745844515b5,/srv/fim-watch/critico/gen_00027.txt,file_modified,alert_only,critical,2026-09-17 22:13:12.371217+00,2026-09-17 22:13:12.395872+00
70373f71-a90b-4207-90e7-3b66be50516c,/srv/fim-watch/gen_00034.txt,file_modified,alert_only,high,2026-09-17 22:13:15.970752+00,2026-09-17 22:13:15.988806+00
7c30d080-d49b-4d20-ab22-b7332f52a0a7,/srv/fim-watch/gen_00025.txt,file_modified,alert_only,high,2026-09-17 22:13:19.570579+00,2026-09-17 22:13:19.594371+00
7c5000a1-6d0f-4f33-93dd-4aa2611409e3,/srv/fim-watch/gen_00040.txt,file_modified,alert_only,high,2026-09-17 22:13:23.170227+00,2026-09-17 22:13:23.194912+00
226f034f-9b0a-44e0-bca2-66348c942447,/srv/fim-watch/gen_00040.txt,file_modified,alert_only,high,2026-09-17 22:13:26.769608+00,2026-09-17 22:13:26.793948+00
9925cf9e-2015-48a1-b5c3-4cc87353c513,/srv/fim-watch/gen_00044.txt,file_modified,alert_only,high,2026-09-17 22:13:30.37009+00,2026-09-17 22:13:30.394615+00
39301504-1f7a-453c-b44f-5976c99a10ce,/srv/fim-watch/gen_00045.txt,file_modified,alert_only,high,2026-09-17 22:13:33.969429+00,2026-09-17 22:13:33.995406+00
3f34c16a-70b7-438a-9d2a-fc9eb15c9b54,/srv/fim-watch/gen_00046.txt,file_modified,alert_only,high,2026-09-17 22:13:37.569031+00,2026-09-17 22:13:37.604115+00
9380e37b-1270-4454-9aff-c2ffb53702ff,/srv/fim-watch/critico/gen_00047.txt,file_modified,alert_only,critical,2026-09-17 22:13:41.168289+00,2026-09-17 22:13:41.187437+00
1df4059d-e0aa-4e5a-ab3d-fc25b1d49af3,/srv/fim-watch/critico/gen_00047.txt,file_deleted,alert_only,critical,2026-09-17 22:13:44.770705+00,2026-09-17 22:13:44.802087+00
cdfeb8e3-ebff-4023-8053-2eaa1c30776a,/srv/fim-watch/critico/gen_00024.txt,file_modified,alert_only,critical,2026-09-17 22:13:48.369092+00,2026-09-17 22:13:48.395152+00
93da78fe-6aef-45e4-907c-62b82d4caf3b,/srv/fim-watch/critico/gen_00048.txt,file_modified,alert_only,critical,2026-09-17 22:13:51.968275+00,2026-09-17 22:13:51.993707+00
933fd23c-3c7f-48de-b20f-3d3da1fff3af,/srv/fim-watch/critico/gen_00048.txt,file_deleted,alert_only,critical,2026-09-17 22:13:55.569205+00,2026-09-17 22:13:55.600749+00
ad4fd296-6bbf-4347-86fe-05ce117aa31a,/srv/fim-watch/critico/gen_00039.txt,file_modified,alert_only,critical,2026-09-17 22:13:59.168356+00,2026-09-17 22:13:59.194741+00
9b062f53-0adc-4932-8749-fcb2d4a0ca88,/srv/fim-watch/gen_00032.txt,file_deleted,alert_only,high,2026-09-17 22:14:02.767533+00,2026-09-17 22:14:02.792893+00
b232f29b-e990-404d-b1d4-0ba73530a279,/srv/fim-watch/gen_00046.txt,file_deleted,alert_only,high,2026-09-17 22:14:06.366743+00,2026-09-17 22:14:06.39165+00
ffabbbe1-44b7-433a-8552-c66f9a1dfcc8,/srv/fim-watch/gen_00025.txt,file_modified,alert_only,high,2026-09-17 22:14:09.966596+00,2026-09-17 22:14:09.990928+00
9bb93ece-7f74-4d04-b6ae-b903459690c1,/srv/fim-watch/gen_00025.txt,file_modified,alert_only,high,2026-09-17 22:14:13.56627+00,2026-09-17 22:14:13.595493+00
9cb09df2-a876-44fb-b83e-0614200e9c7e,/srv/fim-watch/gen_00049.txt,file_modified,alert_only,high,2026-09-17 22:14:17.165344+00,2026-09-17 22:14:17.186881+00
68158506-7337-44ca-bb4c-93adbcbaf3bb,/srv/fim-watch/gen_00034.txt,file_modified,alert_only,high,2026-09-17 22:14:20.76515+00,2026-09-17 22:14:20.790306+00
192988d1-cd7c-4ce8-b320-8d8670831482,/srv/fim-watch/critico/gen_00039.txt,file_modified,alert_only,critical,2026-09-17 22:14:24.365228+00,2026-09-17 22:14:24.393356+00
e4105a6b-16a2-4373-8737-07f2b6a21783,/srv/fim-watch/critico/gen_00039.txt,file_modified,alert_only,critical,2026-09-17 22:14:27.96526+00,2026-09-17 22:14:27.988381+00
225fdb6c-c419-4e41-9eb3-4f6060da6b58,/srv/fim-watch/gen_00036.txt,file_deleted,alert_only,high,2026-09-17 22:14:31.564187+00,2026-09-17 22:14:31.587647+00
e85c7a71-4c39-4de9-92e3-5dc8490f801c,/srv/fim-watch/gen_00050.txt,file_modified,alert_only,high,2026-09-17 22:14:35.164148+00,2026-09-17 22:14:35.186981+00
b2737edf-071c-476d-a1ad-4962735c3762,/srv/fim-watch/gen_00050.txt,file_deleted,alert_only,high,2026-09-17 22:14:38.763841+00,2026-09-17 22:14:38.789756+00
d4286611-80f4-447c-825a-654df6f98f42,/srv/fim-watch/critico/gen_00009.txt,file_deleted,alert_only,critical,2026-09-17 22:14:42.363463+00,2026-09-17 22:14:42.379858+00
ac7c65bb-21fa-49a0-acf0-7c7d0ccad4f0,/srv/fim-watch/gen_00051.txt,file_modified,alert_only,high,2026-09-17 22:14:45.963597+00,2026-09-17 22:14:45.982944+00
7cbc31c4-43b9-4050-932a-c40648eec7ec,/srv/fim-watch/gen_00052.txt,file_modified,alert_only,high,2026-09-17 22:14:49.56305+00,2026-09-17 22:14:49.580411+00
ed07b7d1-b282-469f-b53d-5f70ca8187b0,/srv/fim-watch/critico/gen_00027.txt,file_modified,alert_only,critical,2026-09-17 22:14:53.162662+00,2026-09-17 22:14:53.188508+00
0cfe6673-e611-40cd-a073-6b47828fb084,/srv/fim-watch/gen_00053.txt,file_modified,alert_only,high,2026-09-17 22:14:56.762518+00,2026-09-17 22:14:56.787145+00
6365f337-3ef6-4955-9696-b65f912af752,/srv/fim-watch/gen_00040.txt,file_modified,alert_only,high,2026-09-17 22:15:00.362375+00,2026-09-17 22:15:00.385229+00
fce8e2fc-b6ed-44e7-a276-959f941a8d24,/srv/fim-watch/gen_00040.txt,file_modified,alert_only,high,2026-09-17 22:15:03.962118+00,2026-09-17 22:15:03.987411+00
4f907eae-fdad-41bc-a7d1-389ba073f6c7,/srv/fim-watch/gen_00014.txt,file_modified,alert_only,high,2026-09-17 22:15:07.561802+00,2026-09-17 22:15:07.580071+00
dabf59fc-79b9-44c8-84ec-2849c1af1396,/srv/fim-watch/critico/gen_00039.txt,file_modified,alert_only,critical,2026-09-17 22:15:11.16161+00,2026-09-17 22:15:11.185835+00
b39714f5-7a23-4ec9-8566-6f01bfb73396,/srv/fim-watch/gen_00054.txt,file_modified,alert_only,high,2026-09-17 22:15:14.760695+00,2026-09-17 22:15:14.777334+00
e632eba9-3b62-4f0c-aab8-7e72b4955c3a,/srv/fim-watch/gen_00054.txt,file_deleted,alert_only,high,2026-09-17 22:15:18.360979+00,2026-09-17 22:15:18.387933+00
f4cff6b3-730c-4992-b5c8-51986ef8bd0a,/srv/fim-watch/gen_00055.txt,file_modified,alert_only,high,2026-09-17 22:15:21.960626+00,2026-09-17 22:15:21.98378+00
33386dde-cd94-42d6-a2ac-540727b40e11,/srv/fim-watch/gen_00056.txt,file_modified,alert_only,high,2026-09-17 22:15:25.560468+00,2026-09-17 22:15:25.584557+00
6b240a35-35a2-4de9-8d6b-0e2a558febe0,/srv/fim-watch/gen_00045.txt,file_modified,alert_only,high,2026-09-17 22:15:29.160218+00,2026-09-17 22:15:29.176338+00
b8628d48-cc73-4904-a6cd-694beb72fcea,/srv/fim-watch/gen_00041.txt,file_modified,alert_only,high,2026-09-17 22:15:32.760061+00,2026-09-17 22:15:32.778689+00
15b40f75-cc54-4975-a576-c54ae1635bec,/srv/fim-watch/gen_00053.txt,file_modified,alert_only,high,2026-09-17 22:15:36.359645+00,2026-09-17 22:15:36.383248+00
f9348bee-a4f6-4ede-9903-495cecc373e7,/srv/fim-watch/gen_00049.txt,file_modified,alert_only,high,2026-09-17 22:15:39.959285+00,2026-09-17 22:15:39.984936+00
139d43e7-baf8-4a9d-bd47-9c9378e6dfb1,/srv/fim-watch/gen_00051.txt,file_modified,alert_only,high,2026-09-17 22:15:43.55923+00,2026-09-17 22:15:43.583596+00
daad189c-7b86-4279-aeb2-7464f9b97830,/srv/fim-watch/critico/gen_00057.txt,file_modified,alert_only,critical,2026-09-17 22:15:47.158238+00,2026-09-17 22:15:47.175044+00
92e908a1-5faf-459a-bc45-141553a192c1,/srv/fim-watch/critico/gen_00057.txt,file_deleted,alert_only,critical,2026-09-17 22:15:50.75832+00,2026-09-17 22:15:50.788953+00
8c022d30-a8d8-465b-a75f-9bf4d24786ba,/srv/fim-watch/gen_00053.txt,file_modified,alert_only,high,2026-09-17 22:15:54.358202+00,2026-09-17 22:15:54.385476+00
de21612c-de21-4910-94de-b3e9756669df,/srv/fim-watch/gen_00053.txt,file_modified,alert_only,high,2026-09-17 22:15:57.957742+00,2026-09-17 22:15:57.986063+00
42161066-9dd6-4a0d-b921-8642553c0d71,/srv/fim-watch/gen_00044.txt,file_modified,alert_only,high,2026-09-17 22:16:01.557517+00,2026-09-17 22:16:01.582892+00
af4570a6-851f-4511-bb3c-9415fb0249a4,/srv/fim-watch/critico/gen_00058.txt,file_modified,alert_only,critical,2026-09-17 22:16:05.157218+00,2026-09-17 22:16:05.174639+00
404b15b8-1cd8-4ab8-a41c-311bebe86319,/srv/fim-watch/gen_00056.txt,file_modified,alert_only,high,2026-09-17 22:16:08.756978+00,2026-09-17 22:16:08.781934+00
1d9ccb73-11cc-4ce5-9755-6c744a49d7c1,/srv/fim-watch/critico/gen_00039.txt,file_modified,alert_only,critical,2026-09-17 22:16:12.356303+00,2026-09-17 22:16:12.373183+00
c9f93bfa-0a7c-40cf-8d15-c205c0a458e7,/srv/fim-watch/gen_00041.txt,file_modified,alert_only,high,2026-09-17 22:16:15.956485+00,2026-09-17 22:16:15.985111+00
3ca5a967-7cd8-4f38-8a02-adab3b01ece3,/srv/fim-watch/gen_00013.txt,file_modified,alert_only,high,2026-09-17 22:16:19.55628+00,2026-09-17 22:16:19.581793+00
ee438766-f2a2-42fe-ad81-8b81ca942e37,/srv/fim-watch/gen_00013.txt,file_modified,alert_only,high,2026-09-17 22:16:23.156114+00,2026-09-17 22:16:23.178682+00
4ce4a7da-4405-4e37-8cc7-b091d4f85963,/srv/fim-watch/gen_00013.txt,file_modified,alert_only,high,2026-09-17 22:16:26.755554+00,2026-09-17 22:16:26.777576+00
2e9b5c21-2479-4142-842d-abfe80a3c013,/srv/fim-watch/gen_00013.txt,file_modified,alert_only,high,2026-09-17 22:16:30.355026+00,2026-09-17 22:16:30.376345+00
60a68035-a48b-473e-85c0-fc833cb5a629,/srv/fim-watch/gen_00013.txt,file_modified,alert_only,high,2026-09-17 22:16:33.954582+00,2026-09-17 22:16:33.978186+00
d09d6c63-cca5-4373-80cb-369d333623ab,/srv/fim-watch/gen_00013.txt,file_modified,alert_only,high,2026-09-17 22:16:37.554322+00,2026-09-17 22:16:37.573994+00
20205ece-30bd-4513-98a1-1de448a6311e,/srv/fim-watch/gen_00020.txt,file_modified,alert_only,high,2026-09-17 22:16:41.15445+00,2026-09-17 22:16:41.177421+00
39ae2998-0d4f-4d22-8fbf-ff15e8c85dee,/srv/fim-watch/critico/gen_00058.txt,file_modified,alert_only,critical,2026-09-17 22:16:44.754699+00,2026-09-17 22:16:44.77996+00
c0fc9be0-99db-4643-b4c4-5cc975119b04,/srv/fim-watch/gen_00059.txt,file_modified,alert_only,high,2026-09-17 22:16:48.354002+00,2026-09-17 22:16:48.379857+00
f55c356e-1233-40bf-b154-af6252f4cec7,/srv/fim-watch/gen_00060.txt,file_modified,alert_only,high,2026-09-17 22:16:51.9533+00,2026-09-17 22:16:51.976963+00
352fb2e0-afe0-4726-8f15-223c584d2acc,/srv/fim-watch/critico/gen_00029.txt,file_modified,alert_only,critical,2026-09-17 22:16:55.553191+00,2026-09-17 22:16:55.57486+00
5490b9ed-0479-4bf1-bb7e-bbf169a69154,/srv/fim-watch/gen_00061.txt,file_created,alert_only,high,2026-09-17 22:16:59.152539+00,2026-09-17 22:16:59.180545+00
7aeadcf8-0507-4494-ad06-c76427f87251,/srv/fim-watch/critico/gen_00029.txt,file_modified,alert_only,critical,2026-09-17 22:17:02.753096+00,2026-09-17 22:17:02.778939+00
2222765f-1351-4072-a11e-dde4e9534add,/srv/fim-watch/gen_00062.txt,file_modified,alert_only,high,2026-09-17 22:17:06.352428+00,2026-09-17 22:17:06.378166+00
8cb355ab-f4a9-4c08-8e70-2248fcd8aec6,/srv/fim-watch/gen_00063.txt,file_modified,alert_only,high,2026-09-17 22:17:09.95228+00,2026-09-17 22:17:09.966615+00
8036beae-297a-40c5-9d71-3efd02b274a0,/srv/fim-watch/gen_00062.txt,file_modified,alert_only,high,2026-09-17 22:17:13.552964+00,2026-09-17 22:17:13.574437+00
66a7c4b0-b0a2-4958-b1b7-6e5f2b02136e,/srv/fim-watch/gen_00064.txt,file_modified,alert_only,high,2026-09-17 22:17:17.152282+00,2026-09-17 22:17:17.178452+00
53a36883-6a7e-41b7-8576-455b989a973e,/srv/fim-watch/gen_00014.txt,file_modified,alert_only,high,2026-09-17 22:17:20.751283+00,2026-09-17 22:17:20.780658+00
8c7ff4df-d51b-4a9d-89e1-031856ae8221,/srv/fim-watch/gen_00052.txt,file_modified,alert_only,high,2026-09-17 22:17:24.35108+00,2026-09-17 22:17:24.376872+00
32853779-189e-4f05-bfbf-d76db3e83e09,/srv/fim-watch/critico/gen_00027.txt,file_modified,alert_only,critical,2026-09-17 22:17:27.951011+00,2026-09-17 22:17:27.977004+00
7c936d36-2889-430d-b056-9f3476e32938,/srv/fim-watch/gen_00064.txt,file_modified,alert_only,high,2026-09-17 22:17:31.550459+00,2026-09-17 22:17:31.576827+00
ed0463e6-263c-4a39-b6e8-eefaf4b81040,/srv/fim-watch/gen_00064.txt,file_modified,alert_only,high,2026-09-17 22:17:35.150493+00,2026-09-17 22:17:35.173838+00
4c932f9b-4656-477b-9f84-9721b93581d6,/srv/fim-watch/gen_00025.txt,file_modified,alert_only,high,2026-09-17 22:17:38.750152+00,2026-09-17 22:17:38.776781+00
d33b7509-b555-4f75-a8b6-993e7209a4ac,/srv/fim-watch/gen_00025.txt,file_modified,alert_only,high,2026-09-17 22:17:42.350242+00,2026-09-17 22:17:42.377298+00
54c52962-fa8a-40eb-8246-04911db01cb9,/srv/fim-watch/gen_00051.txt,file_modified,alert_only,high,2026-09-17 22:17:45.950562+00,2026-09-17 22:17:45.976864+00
65cf673d-f9bb-427a-89db-9f50e21900f4,/srv/fim-watch/gen_00065.txt,file_modified,alert_only,high,2026-09-17 22:17:49.548838+00,2026-09-17 22:17:49.581929+00
60356f1e-27b0-4dbe-9dce-75e9fc8b0772,/srv/fim-watch/critico/gen_00027.txt,file_modified,alert_only,critical,2026-09-17 22:17:53.148714+00,2026-09-17 22:17:53.176263+00
93583aba-b8ae-4833-80b7-2205ad4766b3,/srv/fim-watch/gen_00045.txt,file_modified,alert_only,high,2026-09-17 22:17:56.749016+00,2026-09-17 22:17:56.769966+00
9c716215-ddc3-4c92-961b-0db2b5f22003,/srv/fim-watch/gen_00020.txt,file_modified,alert_only,high,2026-09-17 22:18:00.348091+00,2026-09-17 22:18:00.370755+00
7fd69a63-9307-46ab-8d37-b6675803ce67,/srv/fim-watch/gen_00066.txt,file_modified,alert_only,high,2026-09-17 22:18:03.948032+00,2026-09-17 22:18:03.971316+00
dd174d2f-54f2-4b54-a424-018f314a748a,/srv/fim-watch/gen_00049.txt,file_modified,alert_only,high,2026-09-17 22:18:07.547487+00,2026-09-17 22:18:07.574447+00
27faa99d-2a2b-465f-8237-5a7443ebcd5f,/srv/fim-watch/gen_00060.txt,file_modified,alert_only,high,2026-09-17 22:18:11.147307+00,2026-09-17 22:18:11.173178+00
88176d0e-4a42-4c98-97f5-f8b9d5d29ebb,/srv/fim-watch/gen_00067.txt,file_modified,alert_only,high,2026-09-17 22:18:14.746409+00,2026-09-17 22:18:14.767814+00
197f661b-bbda-4f8c-a1de-06120ae551db,/srv/fim-watch/gen_00068.txt,file_modified,alert_only,high,2026-09-17 22:18:18.346742+00,2026-09-17 22:18:18.371801+00
33efa819-827d-43ce-8006-d05c143b30fd,/srv/fim-watch/gen_00053.txt,file_modified,alert_only,high,2026-09-17 22:18:21.949515+00,2026-09-17 22:18:21.977203+00
8c0e7c31-fb8c-4df7-882b-fa15c779b419,/srv/fim-watch/gen_00069.txt,file_modified,alert_only,high,2026-09-17 22:18:25.546117+00,2026-09-17 22:18:25.574765+00
067cbe3e-33d3-485b-acb9-426f3246208d,/srv/fim-watch/gen_00056.txt,file_modified,alert_only,high,2026-09-17 22:18:29.14566+00,2026-09-17 22:18:29.166763+00
7e0d7c61-753a-40ab-9721-6b2fdadd3db5,/srv/fim-watch/gen_00056.txt,file_modified,alert_only,high,2026-09-17 22:18:32.745483+00,2026-09-17 22:18:32.77454+00
3ece3271-7f41-4ae9-a620-2b43d5ed6f35,/srv/fim-watch/critico/gen_00058.txt,file_modified,alert_only,critical,2026-09-17 22:18:36.345101+00,2026-09-17 22:18:36.372073+00
9940ac50-a92e-45a7-b0e4-24f48c64644e,/srv/fim-watch/gen_00063.txt,file_modified,alert_only,high,2026-09-17 22:18:39.944942+00,2026-09-17 22:18:39.967951+00
e8ae9845-ee56-4a19-aa48-64100a133169,/srv/fim-watch/critico/gen_00042.txt,file_modified,alert_only,critical,2026-09-17 22:18:43.544553+00,2026-09-17 22:18:43.571194+00
cc7da0a7-833d-43ad-baa4-9d612689da9d,/srv/fim-watch/critico/gen_00042.txt,file_modified,alert_only,critical,2026-09-17 22:18:47.144298+00,2026-09-17 22:18:47.161567+00
fea1d1da-d00c-45f4-bce1-c3e588898efa,/srv/fim-watch/gen_00067.txt,file_modified,alert_only,high,2026-09-17 22:18:50.744088+00,2026-09-17 22:18:50.766607+00
b5d7a403-229f-4a91-8a38-91aa41a2a9fd,/srv/fim-watch/gen_00070.txt,file_modified,alert_only,high,2026-09-17 22:18:54.343915+00,2026-09-17 22:18:54.371182+00
d310f6f3-ec1c-4998-a2af-860dd9900100,/srv/fim-watch/gen_00068.txt,file_modified,alert_only,high,2026-09-17 22:18:57.943047+00,2026-09-17 22:18:57.960592+00
8d24d3df-c80f-4399-b5d5-5fd921e9c99f,/srv/fim-watch/gen_00071.txt,file_modified,alert_only,high,2026-09-17 22:19:01.543144+00,2026-09-17 22:19:01.56791+00
e3629050-2295-4806-a3a5-fe573d6d08a7,/srv/fim-watch/critico/gen_00042.txt,file_deleted,alert_only,critical,2026-09-17 22:19:05.142597+00,2026-09-17 22:19:05.163023+00
d5dd75e4-7611-456c-9d7d-8a9931686ed5,/srv/fim-watch/gen_00072.txt,file_modified,alert_only,high,2026-09-17 22:19:08.742608+00,2026-09-17 22:19:08.767708+00
e96f008e-434e-468a-81cc-a2d83fc32346,/srv/fim-watch/gen_00072.txt,file_deleted,alert_only,high,2026-09-17 22:19:12.342079+00,2026-09-17 22:19:12.371083+00
e3d763a9-7a71-4f02-a679-268974c0c6d6,/srv/fim-watch/gen_00068.txt,file_modified,alert_only,high,2026-09-17 22:19:15.942255+00,2026-09-17 22:19:15.960965+00
13a386b2-4b57-4058-8b08-97faa521dfc4,/srv/fim-watch/gen_00068.txt,file_modified,alert_only,high,2026-09-17 22:19:19.542209+00,2026-09-17 22:19:19.56059+00
280e8291-9b9d-40fa-9ee3-845c7b967475,/srv/fim-watch/gen_00070.txt,file_deleted,alert_only,high,2026-09-17 22:19:23.141251+00,2026-09-17 22:19:23.167973+00
745c61ec-013b-4719-9e6f-312c4010f5a8,/srv/fim-watch/gen_00044.txt,file_deleted,alert_only,high,2026-09-17 22:19:26.741166+00,2026-09-17 22:19:26.770557+00
375b8b6c-00dd-4f47-bf5f-86058852bcc4,/srv/fim-watch/gen_00034.txt,file_modified,alert_only,high,2026-09-17 22:19:30.341661+00,2026-09-17 22:19:30.36622+00
e16979d2-8e7c-49ca-9983-4c120280611a,/srv/fim-watch/gen_00059.txt,file_modified,alert_only,high,2026-09-17 22:19:33.94056+00,2026-09-17 22:19:33.962378+00
eb003e49-8884-41eb-876b-30b0b1f13376,/srv/fim-watch/gen_00073.txt,file_modified,alert_only,high,2026-09-17 22:19:37.540158+00,2026-09-17 22:19:37.565331+00
1942a735-c921-41d3-b198-2f99359d7308,/srv/fim-watch/gen_00063.txt,file_modified,alert_only,high,2026-09-17 22:19:41.140008+00,2026-09-17 22:19:41.161115+00
7cad61b4-a879-4950-854f-1d09bb8da884,/srv/fim-watch/gen_00074.txt,file_modified,alert_only,high,2026-09-17 22:19:44.7396+00,2026-09-17 22:19:44.764285+00
feca982f-28ba-4d7d-9911-b34e75c947f4,/srv/fim-watch/gen_00067.txt,file_modified,alert_only,high,2026-09-17 22:19:48.339499+00,2026-09-17 22:19:48.363958+00
e0647db4-79d4-4026-8569-c5713f0f83c8,/srv/fim-watch/critico/gen_00058.txt,file_modified,alert_only,critical,2026-09-17 22:19:51.93913+00,2026-09-17 22:19:51.954362+00
baae5dd5-ade9-4291-9482-7144d2b43326,/srv/fim-watch/gen_00075.txt,file_created,alert_only,high,2026-09-17 22:19:55.538259+00,2026-09-17 22:19:55.5655+00
2072e294-75b1-47b9-920b-e08d5286746c,/srv/fim-watch/gen_00076.txt,file_modified,alert_only,high,2026-09-17 22:19:59.138393+00,2026-09-17 22:19:59.167128+00
3e7cdb30-6a06-4b44-ae1f-53034415b037,/srv/fim-watch/gen_00071.txt,file_modified,alert_only,high,2026-09-17 22:20:02.738361+00,2026-09-17 22:20:02.764163+00
3f4039d8-882f-4dd4-b627-6638ad297e08,/srv/fim-watch/gen_00077.txt,file_modified,alert_only,high,2026-09-17 22:20:06.337939+00,2026-09-17 22:20:06.353114+00
5cfaff56-411a-45d8-bd77-85fbc7b3c84a,/srv/fim-watch/gen_00064.txt,file_modified,alert_only,high,2026-09-17 22:20:09.937739+00,2026-09-17 22:20:09.962903+00
44502310-6d32-4259-b9b2-d21c0b622566,/srv/fim-watch/gen_00062.txt,file_modified,alert_only,high,2026-09-17 22:20:13.537491+00,2026-09-17 22:20:13.562427+00
7d8cc0d1-df2f-4597-9b3f-edc10ba4c363,/srv/fim-watch/gen_00034.txt,file_modified,alert_only,high,2026-09-17 22:20:17.13711+00,2026-09-17 22:20:17.160863+00
19d90da1-3fd0-408d-8e20-7771534ebe76,/srv/fim-watch/critico/gen_00029.txt,file_modified,alert_only,critical,2026-09-17 22:20:20.736289+00,2026-09-17 22:20:20.757718+00
c450d72f-1292-4589-a888-93fc10cdf51e,/srv/fim-watch/critico/gen_00029.txt,file_modified,alert_only,critical,2026-09-17 22:20:24.336655+00,2026-09-17 22:20:24.361467+00
c9fa1d2e-bb61-4b4f-9b58-5ea0f5be734d,/srv/fim-watch/critico/gen_00039.txt,file_modified,alert_only,critical,2026-09-17 22:20:27.936633+00,2026-09-17 22:20:27.960756+00
3e3add80-74cc-4751-a1b9-b0c5bf88bf26,/srv/fim-watch/gen_00052.txt,file_modified,alert_only,high,2026-09-17 22:20:31.53632+00,2026-09-17 22:20:31.560176+00
1244d3aa-82e7-4b86-be0f-08fdd17e5041,/srv/fim-watch/gen_00056.txt,file_modified,alert_only,high,2026-09-17 22:20:35.136402+00,2026-09-17 22:20:35.158124+00
6a08a75d-a289-4f32-bb76-c1cf6542f08f,/srv/fim-watch/critico/gen_00039.txt,file_modified,alert_only,critical,2026-09-17 22:20:38.735442+00,2026-09-17 22:20:38.75608+00
33db298e-4e58-4564-a690-e983de0a568a,/srv/fim-watch/gen_00061.txt,file_modified,alert_only,high,2026-09-17 22:20:42.334878+00,2026-09-17 22:20:42.358412+00
f9e65f07-9275-4be6-8deb-c70914ab95f9,/srv/fim-watch/gen_00049.txt,file_modified,alert_only,high,2026-09-17 22:20:45.935821+00,2026-09-17 22:20:45.964657+00
3c3b0d01-a0d0-4c42-91fd-c1481302b091,/srv/fim-watch/gen_00067.txt,file_modified,alert_only,high,2026-09-17 22:20:49.534389+00,2026-09-17 22:20:49.556523+00
81d3b6f0-f54d-468e-8c4e-eb51ae9b4e58,/srv/fim-watch/gen_00075.txt,file_modified,alert_only,high,2026-09-17 22:20:53.134514+00,2026-09-17 22:20:53.171163+00
9bd75a03-17ed-4f19-958c-127f0c9589d2,/srv/fim-watch/gen_00074.txt,file_modified,alert_only,high,2026-09-17 22:20:56.733842+00,2026-09-17 22:20:56.754997+00
42ce4018-90d7-4bf6-81c6-90d0d2c28c91,/srv/fim-watch/gen_00041.txt,file_modified,alert_only,high,2026-09-17 22:21:00.334369+00,2026-09-17 22:21:00.364882+00
a8f7b909-798a-4235-8f74-94d9645173fb,/srv/fim-watch/gen_00041.txt,file_modified,alert_only,high,2026-09-17 22:21:03.933352+00,2026-09-17 22:21:03.954953+00
3afe4495-a1d4-4212-80e0-251a0c31f2cb,/srv/fim-watch/gen_00041.txt,file_modified,alert_only,high,2026-09-17 22:21:07.5332+00,2026-09-17 22:21:07.554273+00
8ab5820f-7b52-4c3f-9e14-e29f34c4913f,/srv/fim-watch/gen_00041.txt,file_modified,alert_only,high,2026-09-17 22:21:11.133602+00,2026-09-17 22:21:11.161254+00
34cf22ed-18b5-4c27-b95d-313916aee640,/srv/fim-watch/gen_00041.txt,file_modified,alert_only,high,2026-09-17 22:21:14.733586+00,2026-09-17 22:21:14.753226+00
f549a5cf-3816-47ea-a266-b0b10b499968,/srv/fim-watch/critico/gen_00029.txt,file_modified,alert_only,critical,2026-09-17 22:21:18.333423+00,2026-09-17 22:21:18.356885+00
2241c0ae-34f1-4803-a32a-8e66471917e4,/srv/fim-watch/gen_00078.txt,file_modified,alert_only,high,2026-09-17 22:21:21.932594+00,2026-09-17 22:21:21.958917+00
fc3d3d50-8b37-4bf2-8f5d-0aa4ef81e8bd,/srv/fim-watch/critico/gen_00058.txt,file_modified,alert_only,critical,2026-09-17 22:21:25.53216+00,2026-09-17 22:21:25.559733+00
8182bcf8-e7e7-49a6-b5ae-35773f834a68,/srv/fim-watch/critico/gen_00058.txt,file_modified,alert_only,critical,2026-09-17 22:21:29.131947+00,2026-09-17 22:21:29.153674+00
af4439bd-5bb6-4487-a437-d5539f83ed93,/srv/fim-watch/gen_00065.txt,file_modified,alert_only,high,2026-09-17 22:21:32.731581+00,2026-09-17 22:21:32.754091+00
83956935-1e6e-498f-878b-450d4311446e,/srv/fim-watch/gen_00069.txt,file_modified,alert_only,high,2026-09-17 22:21:36.330439+00,2026-09-17 22:21:36.349665+00
9ee112e5-6d73-47f5-88d0-3de19e852636,/srv/fim-watch/critico/gen_00027.txt,file_modified,alert_only,critical,2026-09-17 22:21:39.930757+00,2026-09-17 22:21:39.960116+00
2316fd73-9c49-4368-bf76-c6275535541b,/srv/fim-watch/critico/gen_00027.txt,file_modified,alert_only,critical,2026-09-17 22:21:43.530195+00,2026-09-17 22:21:43.54978+00
89657409-dee2-46c6-802a-dae6b7e5cc67,/srv/fim-watch/critico/gen_00039.txt,file_modified,alert_only,critical,2026-09-17 22:21:47.130051+00,2026-09-17 22:21:47.159181+00
fd40754c-7457-4939-8110-b1ccc440d7b9,/srv/fim-watch/gen_00079.txt,file_modified,alert_only,high,2026-09-17 22:21:50.729566+00,2026-09-17 22:21:50.757051+00
078a0769-11ad-4b50-b787-6f2463027716,/srv/fim-watch/gen_00013.txt,file_modified,alert_only,high,2026-09-17 22:21:54.329392+00,2026-09-17 22:21:54.353877+00
8d2a5d59-ad08-4bbe-a27d-e4b9b3528a68,/srv/fim-watch/gen_00013.txt,file_modified,alert_only,high,2026-09-17 22:21:57.929348+00,2026-09-17 22:21:57.954528+00
8aa5fb76-07ce-46a0-9d4c-04317fab41d8,/srv/fim-watch/gen_00063.txt,file_modified,alert_only,high,2026-09-17 22:22:01.528319+00,2026-09-17 22:22:01.549795+00
9163757a-4234-4214-93b3-d1917c9650a1,/srv/fim-watch/gen_00063.txt,file_modified,alert_only,high,2026-09-17 22:22:05.128684+00,2026-09-17 22:22:05.156078+00
651cb7e8-2c49-4528-968b-3236c04183d2,/srv/fim-watch/gen_00063.txt,file_modified,alert_only,high,2026-09-17 22:22:08.728193+00,2026-09-17 22:22:08.752532+00
28d55cee-a878-4a01-ba0b-72382b190bbd,/srv/fim-watch/gen_00063.txt,file_modified,alert_only,high,2026-09-17 22:22:12.329144+00,2026-09-17 22:22:12.349931+00
da066d14-b6bf-4913-a065-297c9ad97428,/srv/fim-watch/gen_00063.txt,file_modified,alert_only,high,2026-09-17 22:22:15.927616+00,2026-09-17 22:22:15.951386+00
92e9d69b-f153-4eeb-9cbd-852b90374ca4,/srv/fim-watch/gen_00077.txt,file_modified,alert_only,high,2026-09-17 22:22:19.527223+00,2026-09-17 22:22:19.55479+00
055d6111-dd90-4be6-a3d9-24e9850d41cb,/srv/fim-watch/gen_00041.txt,file_deleted,alert_only,high,2026-09-17 22:22:23.126635+00,2026-09-17 22:22:23.151341+00
5f36d550-08d2-45ff-ab83-c464e81e148e,/srv/fim-watch/gen_00067.txt,file_modified,alert_only,high,2026-09-17 22:22:26.726785+00,2026-09-17 22:22:26.748523+00
a2f43e5f-9de7-46b6-974f-6b6b58a2e99f,/srv/fim-watch/gen_00020.txt,file_modified,alert_only,high,2026-09-17 22:22:30.326105+00,2026-09-17 22:22:30.350287+00
9881eeb3-1ff0-478e-92d2-2600d0f920fd,/srv/fim-watch/gen_00080.txt,file_modified,alert_only,high,2026-09-17 22:22:33.925762+00,2026-09-17 22:22:33.943891+00
7bd3145c-8988-4281-997b-796d38d3b270,/srv/fim-watch/gen_00067.txt,file_modified,alert_only,high,2026-09-17 22:22:37.525207+00,2026-09-17 22:22:37.54439+00
1be85718-36e3-4c33-9a1b-f478cac89748,/srv/fim-watch/gen_00052.txt,file_modified,alert_only,high,2026-09-17 22:22:41.125261+00,2026-09-17 22:22:41.142071+00
70a87ae6-6689-46bf-8066-dcabe3bee6cc,/srv/fim-watch/gen_00081.txt,file_modified,alert_only,high,2026-09-17 22:22:44.725196+00,2026-09-17 22:22:44.752981+00
3d5be20e-8ced-4ee9-b379-8a8882949caf,/srv/fim-watch/gen_00066.txt,file_modified,alert_only,high,2026-09-17 22:22:48.324706+00,2026-09-17 22:22:48.348804+00
027b1e9c-12fd-4bd5-abf2-78b65c39791a,/srv/fim-watch/gen_00079.txt,file_modified,alert_only,high,2026-09-17 22:22:51.924656+00,2026-09-17 22:22:51.947993+00
923873bf-9581-42a5-8a0b-583498dd544d,/srv/fim-watch/gen_00079.txt,file_modified,alert_only,high,2026-09-17 22:22:55.525212+00,2026-09-17 22:22:55.541155+00
f2223618-efe0-4f59-9921-e26c9aa95d99,/srv/fim-watch/gen_00079.txt,file_modified,alert_only,high,2026-09-17 22:22:59.124092+00,2026-09-17 22:22:59.144231+00
bf30ca5b-c727-47e0-a61d-290326a64b60,/srv/fim-watch/gen_00079.txt,file_modified,alert_only,high,2026-09-17 22:23:02.723838+00,2026-09-17 22:23:02.741953+00
24c89adc-3e8a-4aca-9bf2-47e4f81d19a4,/srv/fim-watch/gen_00079.txt,file_modified,alert_only,high,2026-09-17 22:23:06.323659+00,2026-09-17 22:23:06.350221+00
d43689ca-b9b6-4c8f-b369-2f2239c2d2a3,/srv/fim-watch/gen_00082.txt,file_modified,alert_only,high,2026-09-17 22:23:09.923249+00,2026-09-17 22:23:09.945675+00
4c8a2604-e287-4f0b-95f1-eb8ee7970dc2,/srv/fim-watch/gen_00034.txt,file_modified,alert_only,high,2026-09-17 22:23:13.523175+00,2026-09-17 22:23:13.542109+00
dfb3d90a-3a4c-4d91-be96-260e7225ea85,/srv/fim-watch/critico/gen_00029.txt,file_modified,alert_only,critical,2026-09-17 22:23:17.122438+00,2026-09-17 22:23:17.147618+00
0fc23d24-6029-4efe-ac93-3f016d14625d,/srv/fim-watch/critico/gen_00029.txt,file_modified,alert_only,critical,2026-09-17 22:23:20.722368+00,2026-09-17 22:23:20.74509+00
7704d1db-d3e5-4313-839a-2f7f82781aeb,/srv/fim-watch/gen_00083.txt,file_modified,alert_only,high,2026-09-17 22:23:24.322012+00,2026-09-17 22:23:24.340997+00
3e3271f0-87a5-43e2-8847-191dd51bdbdf,/srv/fim-watch/gen_00065.txt,file_modified,alert_only,high,2026-09-17 22:23:27.921777+00,2026-09-17 22:23:27.94531+00
1ae1dcfb-4b61-4fd6-9bdc-24c8ec566255,/srv/fim-watch/gen_00065.txt,file_modified,alert_only,high,2026-09-17 22:23:31.521591+00,2026-09-17 22:23:31.544522+00
718fbac7-7ff8-4000-9434-ede12f059d9d,/srv/fim-watch/gen_00059.txt,file_modified,alert_only,high,2026-09-17 22:23:35.121294+00,2026-09-17 22:23:35.144969+00
a5163b0a-0f0b-41e6-b2bb-cb374b166b6a,/srv/fim-watch/gen_00059.txt,file_modified,alert_only,high,2026-09-17 22:23:38.72116+00,2026-09-17 22:23:38.750359+00
0f36a228-11ca-48ec-97e4-96eb4c2cc5df,/srv/fim-watch/gen_00059.txt,file_modified,alert_only,high,2026-09-17 22:23:42.320377+00,2026-09-17 22:23:42.34027+00
b902d577-bc71-4b10-9fd1-469fe8756e09,/srv/fim-watch/gen_00059.txt,file_modified,alert_only,high,2026-09-17 22:23:45.920413+00,2026-09-17 22:23:45.943298+00
635caddd-0c70-4cbf-a4eb-08252c7c31ce,/srv/fim-watch/gen_00059.txt,file_modified,alert_only,high,2026-09-17 22:23:49.520746+00,2026-09-17 22:23:49.54178+00
1d4eaedb-032d-4693-b1b7-65c27c546216,/srv/fim-watch/gen_00066.txt,file_modified,alert_only,high,2026-09-17 22:23:53.119938+00,2026-09-17 22:23:53.142356+00
caaf6ded-3903-4e18-b94e-e89e8d7005cf,/srv/fim-watch/gen_00066.txt,file_modified,alert_only,high,2026-09-17 22:23:56.719645+00,2026-09-17 22:23:56.747286+00
daf8dfb6-ca6c-42af-aa60-f303b3b18366,/srv/fim-watch/gen_00071.txt,file_modified,alert_only,high,2026-09-17 22:24:00.319303+00,2026-09-17 22:24:00.346294+00
e2157903-fdf6-4a70-abfd-f70e109d5d35,/srv/fim-watch/gen_00068.txt,file_modified,alert_only,high,2026-09-17 22:24:03.919179+00,2026-09-17 22:24:03.945369+00
00ca94b4-fd7e-4a47-870f-c214e065f4db,/srv/fim-watch/gen_00077.txt,file_modified,alert_only,high,2026-09-17 22:24:07.518725+00,2026-09-17 22:24:07.528749+00
56ecc459-9e94-43e6-9dc6-0a466bae493a,/srv/fim-watch/gen_00077.txt,file_modified,alert_only,high,2026-09-17 22:24:11.118701+00,2026-09-17 22:24:11.14417+00
b82501e1-1004-4372-bf51-b28db60b3868,/srv/fim-watch/gen_00077.txt,file_modified,alert_only,high,2026-09-17 22:24:14.719057+00,2026-09-17 22:24:14.744533+00
323a7303-0d38-42a8-9d94-ba93a9f1aa87,/srv/fim-watch/gen_00077.txt,file_modified,alert_only,high,2026-09-17 22:24:18.317967+00,2026-09-17 22:24:18.345239+00
4cb8ce06-0883-4682-b89e-b1c76d4661ee,/srv/fim-watch/gen_00077.txt,file_modified,alert_only,high,2026-09-17 22:24:21.917316+00,2026-09-17 22:24:21.940017+00
aba7efe5-6e4c-4820-9356-8af6b2867e04,/srv/fim-watch/gen_00075.txt,file_deleted,alert_only,high,2026-09-17 22:24:25.517455+00,2026-09-17 22:24:25.550003+00
baa8b44c-7ffc-48f1-8a8f-ca6c9836a819,/srv/fim-watch/gen_00061.txt,file_modified,alert_only,high,2026-09-17 22:24:29.117447+00,2026-09-17 22:24:29.143425+00
88813625-69fb-4fb9-92c6-44eb6f220a99,/srv/fim-watch/gen_00064.txt,file_deleted,alert_only,high,2026-09-17 22:24:32.717272+00,2026-09-17 22:24:32.740067+00
2db45ab5-0db0-4e17-b030-5082acbe7624,/srv/fim-watch/critico/gen_00084.txt,file_modified,alert_only,critical,2026-09-17 22:24:36.316518+00,2026-09-17 22:24:36.341687+00
51b73b92-6578-4ebb-b47c-3a193b8b0a2a,/srv/fim-watch/gen_00085.txt,file_modified,alert_only,high,2026-09-17 22:24:39.916309+00,2026-09-17 22:24:39.934728+00
486d5160-e088-432a-b701-9f2781422dc6,/srv/fim-watch/gen_00034.txt,file_modified,alert_only,high,2026-09-17 22:24:43.516077+00,2026-09-17 22:24:43.542493+00
0f7c426c-0604-485e-afd4-7992414ec037,/srv/fim-watch/gen_00045.txt,file_modified,alert_only,high,2026-09-17 22:24:47.117439+00,2026-09-17 22:24:47.141847+00
dae18767-532d-4c6a-944f-bfe2a327719e,/srv/fim-watch/critico/gen_00024.txt,file_modified,alert_only,critical,2026-09-17 22:24:50.715558+00,2026-09-17 22:24:50.741006+00
239a60d0-5cf1-4e07-b193-9c464bbf8f72,/srv/fim-watch/gen_00086.txt,file_modified,alert_only,high,2026-09-17 22:24:54.315176+00,2026-09-17 22:24:54.338404+00
46bf0e02-5483-4b84-94fc-37dd54c73959,/srv/fim-watch/gen_00068.txt,file_modified,alert_only,high,2026-09-17 22:24:57.914505+00,2026-09-17 22:24:57.925428+00
b6f56b60-d097-4daf-90ac-601ba156ac37,/srv/fim-watch/gen_00074.txt,file_modified,alert_only,high,2026-09-17 22:25:01.514468+00,2026-09-17 22:25:01.540335+00
7b5efc8d-b5b2-40f0-a21d-8f32f8253050,/srv/fim-watch/gen_00087.txt,file_modified,alert_only,high,2026-09-17 22:25:05.113942+00,2026-09-17 22:25:05.14048+00
b38048f4-61fc-45f5-aaf4-57ceb6cc2bb4,/srv/fim-watch/gen_00088.txt,file_modified,alert_only,high,2026-09-17 22:25:08.715094+00,2026-09-17 22:25:08.733012+00
cf6b7949-faf8-42a1-9d5d-bbb9575f5491,/srv/fim-watch/gen_00089.txt,file_modified,alert_only,high,2026-09-17 22:25:12.313489+00,2026-09-17 22:25:12.340227+00
bfaeb83b-6493-4659-9649-f479d4e4e464,/srv/fim-watch/gen_00089.txt,file_deleted,alert_only,high,2026-09-17 22:25:15.913094+00,2026-09-17 22:25:15.944941+00
3a99072d-4659-4e6a-bba1-3d0f2a687f12,/srv/fim-watch/gen_00051.txt,file_modified,alert_only,high,2026-09-17 22:25:19.513113+00,2026-09-17 22:25:19.54061+00
f53dd8f8-1719-4191-9455-6df0263854f0,/srv/fim-watch/gen_00090.txt,file_modified,alert_only,high,2026-09-17 22:25:23.112677+00,2026-09-17 22:25:23.138877+00
eab66ced-6aa4-449f-a25a-8e4a0751cc79,/srv/fim-watch/gen_00074.txt,file_modified,alert_only,high,2026-09-17 22:25:26.712277+00,2026-09-17 22:25:26.738484+00
c4b87fc0-a158-4a7a-9abb-01d8b472cfc1,/srv/fim-watch/gen_00034.txt,file_modified,alert_only,high,2026-09-17 22:25:30.312701+00,2026-09-17 22:25:30.335633+00
f0baaeba-9635-4852-b188-20fd19eb9182,/srv/fim-watch/gen_00013.txt,file_modified,alert_only,high,2026-09-17 22:25:33.912454+00,2026-09-17 22:25:33.936259+00
ac44f682-8fd3-4e59-9f5d-f47f36d3775c,/srv/fim-watch/critico/gen_00091.txt,file_modified,alert_only,critical,2026-09-17 22:25:37.511504+00,2026-09-17 22:25:37.534295+00
537e184d-ce84-4b7b-9c6b-c8c2b3493b99,/srv/fim-watch/critico/gen_00091.txt,file_deleted,alert_only,critical,2026-09-17 22:25:41.111546+00,2026-09-17 22:25:41.141422+00
3710ee6c-b163-49d1-878b-c1915b22b027,/srv/fim-watch/gen_00059.txt,file_modified,alert_only,high,2026-09-17 22:25:44.711085+00,2026-09-17 22:25:44.738164+00
e6654a7d-70e1-41b2-acde-778041cf8076,/srv/fim-watch/gen_00013.txt,file_modified,alert_only,high,2026-09-17 22:25:48.311002+00,2026-09-17 22:25:48.326974+00
459d77ca-4821-41ca-8f7d-b6599dd28974,/srv/fim-watch/gen_00013.txt,file_modified,alert_only,high,2026-09-17 22:25:51.91026+00,2026-09-17 22:25:51.934221+00
bde7c6da-2049-4d5c-99df-d530d17ae7f4,/srv/fim-watch/gen_00085.txt,file_deleted,alert_only,high,2026-09-17 22:25:55.509804+00,2026-09-17 22:25:55.541833+00
0a377a81-e71f-43d2-b45e-dabedd59e997,/srv/fim-watch/gen_00092.txt,file_modified,alert_only,high,2026-09-17 22:25:59.109756+00,2026-09-17 22:25:59.136154+00
877fef04-9175-4411-8b46-0162fe84e2e7,/srv/fim-watch/gen_00069.txt,file_modified,alert_only,high,2026-09-17 22:26:02.709367+00,2026-09-17 22:26:02.734563+00
94c1f948-7544-4e51-9eea-d23ef6f21cad,/srv/fim-watch/gen_00093.txt,file_modified,alert_only,high,2026-09-17 22:26:06.309259+00,2026-09-17 22:26:06.335662+00
5a3323e1-0aff-45fe-80df-76ac0f507f2a,/srv/fim-watch/gen_00014.txt,file_modified,alert_only,high,2026-09-17 22:26:09.909212+00,2026-09-17 22:26:09.936198+00
8d28bcb3-fc1e-4c1b-8271-761540ee5a12,/srv/fim-watch/gen_00014.txt,file_modified,alert_only,high,2026-09-17 22:26:13.508277+00,2026-09-17 22:26:13.532754+00
6b9027d4-5d08-4158-aed3-bf6d31d02948,/srv/fim-watch/gen_00014.txt,file_modified,alert_only,high,2026-09-17 22:26:17.108214+00,2026-09-17 22:26:17.136902+00
706f128c-6a8e-4918-bf9e-5717f2689584,/srv/fim-watch/critico/gen_00029.txt,file_modified,alert_only,critical,2026-09-17 22:26:20.708545+00,2026-09-17 22:26:20.734748+00
93763f1a-9e51-4615-b624-44a90946b3fd,/srv/fim-watch/gen_00071.txt,file_modified,alert_only,high,2026-09-17 22:26:24.307738+00,2026-09-17 22:26:24.33323+00
3996f0e7-7c3e-41fb-b09f-adf53c1bea77,/srv/fim-watch/gen_00071.txt,file_modified,alert_only,high,2026-09-17 22:26:27.907438+00,2026-09-17 22:26:27.932954+00
1cb1be8a-de3d-404c-9256-ffa82bb7dfe6,/srv/fim-watch/gen_00040.txt,file_modified,alert_only,high,2026-09-17 22:26:31.507271+00,2026-09-17 22:26:31.533553+00
bd8a6831-80d4-4dc7-880e-fef0424b5e1a,/srv/fim-watch/gen_00071.txt,file_modified,alert_only,high,2026-09-17 22:26:35.106979+00,2026-09-17 22:26:35.130769+00
c126f45d-c00b-41e1-a67e-5fac20ec11d9,/srv/fim-watch/gen_00014.txt,file_modified,alert_only,high,2026-09-17 22:26:38.706935+00,2026-09-17 22:26:38.725444+00
4fa4abeb-03b6-4f0b-9204-faf5585d6a93,/srv/fim-watch/critico/gen_00094.txt,file_modified,alert_only,critical,2026-09-17 22:26:42.306374+00,2026-09-17 22:26:42.331428+00
d20b79a2-3d29-4bfb-8200-c8b102af9af0,/srv/fim-watch/gen_00066.txt,file_modified,alert_only,high,2026-09-17 22:26:45.90619+00,2026-09-17 22:26:45.924895+00
309ea537-6e22-41f9-a8c9-7ded5e0901e4,/srv/fim-watch/gen_00095.txt,file_modified,alert_only,high,2026-09-17 22:26:49.50551+00,2026-09-17 22:26:49.53012+00
80601555-4909-43c0-87a2-e584d3ef0a60,/srv/fim-watch/gen_00063.txt,file_modified,alert_only,high,2026-09-17 22:26:53.10583+00,2026-09-17 22:26:53.133451+00
2dbe59fb-855e-41c1-81c2-4c5367d90d0e,/srv/fim-watch/gen_00073.txt,file_modified,alert_only,high,2026-09-17 22:26:56.705466+00,2026-09-17 22:26:56.73337+00
fd6b74e9-1728-4cf9-974a-1e5e606eff53,/srv/fim-watch/critico/gen_00094.txt,file_deleted,alert_only,critical,2026-09-17 22:27:00.30459+00,2026-09-17 22:27:00.336222+00
896cf4f4-de05-43f0-b08f-c518faa4c081,/srv/fim-watch/gen_00071.txt,file_modified,alert_only,high,2026-09-17 22:27:03.90501+00,2026-09-17 22:27:03.931962+00
753b4140-1ce4-41d4-8db5-ebbb747dda68,/srv/fim-watch/gen_00092.txt,file_modified,alert_only,high,2026-09-17 22:27:07.505935+00,2026-09-17 22:27:07.534592+00
e7bc9b50-595c-44ee-81ab-97b6133b8a07,/srv/fim-watch/critico/gen_00096.txt,file_modified,alert_only,critical,2026-09-17 22:27:11.104304+00,2026-09-17 22:27:11.129992+00
4509037e-1055-4e9f-be6b-5bf92c506a9d,/srv/fim-watch/gen_00097.txt,file_created,alert_only,high,2026-09-17 22:27:14.70372+00,2026-09-17 22:27:14.726507+00
02d87887-0535-4b63-bca6-f6d05d40ba3d,/srv/fim-watch/gen_00097.txt,file_deleted,alert_only,high,2026-09-17 22:27:18.303512+00,2026-09-17 22:27:18.324876+00
c8b2bea2-db18-46c8-a0c7-2daa41fee94f,/srv/fim-watch/gen_00098.txt,file_modified,alert_only,high,2026-09-17 22:27:21.903087+00,2026-09-17 22:27:21.928495+00
aec00724-36e9-45cc-92a8-605153ce7c50,/srv/fim-watch/critico/gen_00058.txt,file_modified,alert_only,critical,2026-09-17 22:27:25.502942+00,2026-09-17 22:27:25.530918+00
009f088b-a71a-4844-8345-7eff2a23a4cc,/srv/fim-watch/gen_00099.txt,file_modified,alert_only,high,2026-09-17 22:27:29.102455+00,2026-09-17 22:27:29.129529+00
49a2ef0c-d8cf-4f62-82c2-fdf4e1627c9c,/srv/fim-watch/gen_00076.txt,file_deleted,alert_only,high,2026-09-17 22:27:32.702479+00,2026-09-17 22:27:32.733685+00
4fe8c88d-0eee-4f60-8fe2-cf3c332c0513,/srv/fim-watch/gen_00078.txt,file_modified,alert_only,high,2026-09-17 22:27:36.302061+00,2026-09-17 22:27:36.328509+00
55d77e78-34dd-4bb2-be83-92cc8971a3ba,/srv/fim-watch/gen_00056.txt,file_modified,alert_only,high,2026-09-17 22:27:39.901942+00,2026-09-17 22:27:39.929403+00
6e7c34be-e7e8-4dac-bfaa-a99d07a3d2be,/srv/fim-watch/gen_00100.txt,file_modified,alert_only,high,2026-09-17 22:27:43.501345+00,2026-09-17 22:27:43.528207+00
c5320f5a-4dfa-487e-b4f8-acdcd7053f07,/srv/fim-watch/gen_00061.txt,file_modified,alert_only,high,2026-09-17 22:27:47.10096+00,2026-09-17 22:27:47.129627+00
