event_id,path,detected_at,received_at
85c544da-6a4d-4af1-b06a-8d4948365aa1,/srv/fim-watch/critico/gen_00001.txt,2026-09-18 03:55:29.254623+00,2026-09-18 03:55:29.314206+00
8b304522-88d1-4f49-afd4-6d0c6cde438f,/srv/fim-watch/critico/gen_00001.txt,2026-09-18 03:55:32.855455+00,2026-09-18 03:55:32.931947+00
8378224e-e7d3-4ccf-8d6b-d987d96a3ebe,/srv/fim-watch/gen_00002.txt,2026-09-18 03:55:36.454757+00,2026-09-18 03:55:36.525377+00
02eaea4c-d002-4973-ac38-074c0e0d92ed,/srv/fim-watch/gen_00002.txt,2026-09-18 03:55:40.054917+00,2026-09-18 03:55:40.125117+00
0f60cd80-f474-4acf-b07e-ee1f84a0cb9b,/srv/fim-watch/gen_00002.txt,2026-09-18 03:55:43.654251+00,2026-09-18 03:55:43.716398+00
912a4925-8354-44e4-8a93-b11918433d45,/srv/fim-watch/gen_00002.txt,2026-09-18 03:55:47.253938+00,2026-09-18 03:55:47.317703+00
80fe134e-cfe0-4c95-931e-dc8dfd0a48a4,/srv/fim-watch/gen_00002.txt,2026-09-18 03:55:50.853625+00,2026-09-18 03:55:50.917535+00
85df2139-15b8-4b9b-b6be-ff6f3f87c6c5,/srv/fim-watch/gen_00003.txt,2026-09-18 03:55:54.453152+00,2026-09-18 03:55:54.511143+00
e30955df-ac00-4db2-860c-2fbd6016abed,/srv/fim-watch/gen_00002.txt,2026-09-18 03:55:58.053315+00,2026-09-18 03:55:58.119191+00
7300305e-37a6-4a21-bb73-b6aa5c92f6bb,/srv/fim-watch/gen_00003.txt,2026-09-18 03:56:01.652706+00,2026-09-18 03:56:01.711839+00
ab27a030-219d-4220-a39e-b189a9409f12,/srv/fim-watch/gen_00002.txt,2026-09-18 03:56:05.252808+00,2026-09-18 03:56:05.314494+00
2706b2f8-1473-450f-b1dd-602bf723c067,/srv/fim-watch/gen_00003.txt,2026-09-18 03:56:08.852616+00,2026-09-18 03:56:08.92105+00
dbe5c83c-6590-4ac1-abe4-d7925881ab88,/srv/fim-watch/gen_00003.txt,2026-09-18 03:56:12.45203+00,2026-09-18 03:56:12.518843+00
dc8c9396-ee72-4f9a-9722-453020ab978d,/srv/fim-watch/gen_00002.txt,2026-09-18 03:56:16.051164+00,2026-09-18 03:56:16.108293+00
eaab78be-f89c-4424-984d-ce6b21e2d991,/srv/fim-watch/gen_00002.txt,2026-09-18 03:56:19.651006+00,2026-09-18 03:56:19.706041+00
c65b3ebb-807a-4ba6-8777-d0b0bf114903,/srv/fim-watch/gen_00002.txt,2026-09-18 03:56:23.251301+00,2026-09-18 03:56:23.316971+00
28ec1f31-02e7-42c2-b6eb-72e207992f30,/srv/fim-watch/gen_00002.txt,2026-09-18 03:56:26.850295+00,2026-09-18 03:56:26.905093+00
52507f99-15ae-4f8b-b0f0-c844ce096234,/srv/fim-watch/gen_00002.txt,2026-09-18 03:56:30.45059+00,2026-09-18 03:56:30.511917+00
4992b64e-83e9-49d3-b0fb-5f071ceaef17,/srv/fim-watch/gen_00003.txt,2026-09-18 03:56:34.050089+00,2026-09-18 03:56:34.11389+00
0aa991c1-5b99-4f66-95f4-673769540146,/srv/fim-watch/gen_00003.txt,2026-09-18 03:56:37.650167+00,2026-09-18 03:56:37.717063+00
693a1cda-e83f-4e84-a28e-c6316f6e76ef,/srv/fim-watch/gen_00003.txt,2026-09-18 03:56:41.249276+00,2026-09-18 03:56:41.310957+00
a9ae7fd7-97c6-4140-8035-434bcdba04bc,/srv/fim-watch/gen_00002.txt,2026-09-18 03:56:44.849261+00,2026-09-18 03:56:44.903718+00
92b4fe7d-36ba-4d2f-ad4d-809c9c88c240,/srv/fim-watch/gen_00004.txt,2026-09-18 03:56:48.448901+00,2026-09-18 03:56:48.506716+00
b2751c5f-dd1d-4ca9-b5a1-6b0665a8cd6c,/srv/fim-watch/gen_00005.txt,2026-09-18 03:56:52.049015+00,2026-09-18 03:56:52.103366+00
193bf1bb-e45b-4d83-be4c-3df8d9a281b4,/srv/fim-watch/gen_00003.txt,2026-09-18 03:56:55.648675+00,2026-09-18 03:56:55.707717+00
e70529bd-b3b7-4094-9cde-a4f7b6aac133,/srv/fim-watch/gen_00002.txt,2026-09-18 03:56:59.248019+00,2026-09-18 03:56:59.308694+00
601f6534-7279-4ca6-9ffe-d2edcb3d1cae,/srv/fim-watch/gen_00006.txt,2026-09-18 03:57:02.847738+00,2026-09-18 03:57:02.910351+00
87de9669-913c-475a-b476-8bfdfcf651fb,/srv/fim-watch/gen_00003.txt,2026-09-18 03:57:06.447417+00,2026-09-18 03:57:06.503196+00
6feb491d-9f2f-4619-9ba8-ebdf9969aa3b,/srv/fim-watch/gen_00007.txt,2026-09-18 03:57:10.0468+00,2026-09-18 03:57:10.097997+00
d38133a8-7881-4975-9961-378e8182a0c1,/srv/fim-watch/gen_00003.txt,2026-09-18 03:57:13.646812+00,2026-09-18 03:57:13.691471+00
0b88a7ff-dfca-4cfb-a389-2f5db94d0c5d,/srv/fim-watch/gen_00003.txt,2026-09-18 03:57:17.246774+00,2026-09-18 03:57:17.308282+00
8a404765-5a6e-42b4-b0fa-5331c19200b1,/srv/fim-watch/gen_00006.txt,2026-09-18 03:57:20.846817+00,2026-09-18 03:57:20.913219+00
5131d7e9-d091-4894-b217-8bccab8323a4,/srv/fim-watch/gen_00008.txt,2026-09-18 03:57:24.445638+00,2026-09-18 03:57:24.503351+00
b64bc075-07f9-4d0e-ac6f-5b1e3fdd455f,/srv/fim-watch/critico/gen_00009.txt,2026-09-18 03:57:28.04534+00,2026-09-18 03:57:28.102539+00
c7ef91b7-8e03-4a37-9caa-3173216e94d4,/srv/fim-watch/gen_00007.txt,2026-09-18 03:57:31.645675+00,2026-09-18 03:57:31.697904+00
369dd569-c221-48b4-962e-3c2337d734bd,/srv/fim-watch/critico/gen_00009.txt,2026-09-18 03:57:35.245787+00,2026-09-18 03:57:35.3008+00
8ec0d714-6239-428b-8085-98c56854eadd,/srv/fim-watch/gen_00003.txt,2026-09-18 03:57:38.845136+00,2026-09-18 03:57:38.904176+00
41ce94d4-56bc-4793-b48d-31ab2637109d,/srv/fim-watch/gen_00007.txt,2026-09-18 03:57:42.444958+00,2026-09-18 03:57:42.502924+00
4965101a-fcb6-453d-a5d4-0203224b8cfb,/srv/fim-watch/gen_00007.txt,2026-09-18 03:57:46.044577+00,2026-09-18 03:57:46.102371+00
85d4ecd8-260b-42f1-97b3-a7335cb39cae,/srv/fim-watch/gen_00007.txt,2026-09-18 03:57:49.643779+00,2026-09-18 03:57:49.693668+00
9f21dc18-3a3e-40d6-974c-52642a6cea9c,/srv/fim-watch/critico/gen_00010.txt,2026-09-18 03:57:53.244248+00,2026-09-18 03:57:53.302588+00
4438d16e-1b9c-4978-bff7-03333d66f341,/srv/fim-watch/gen_00004.txt,2026-09-18 03:57:56.84348+00,2026-09-18 03:57:56.884272+00
779fdb55-6971-4cc5-bd34-67193c9e14df,/srv/fim-watch/gen_00008.txt,2026-09-18 03:58:00.443037+00,2026-09-18 03:58:00.492742+00
b5698455-707a-49ec-9d5b-bedfb58ce76a,/srv/fim-watch/critico/gen_00009.txt,2026-09-18 03:58:04.043334+00,2026-09-18 03:58:04.098081+00
84f5dd13-2d8e-4c94-9546-b02c20e76617,/srv/fim-watch/critico/gen_00009.txt,2026-09-18 03:58:07.642337+00,2026-09-18 03:58:07.688462+00
6cd06ffd-b969-4245-a046-17361ca04b80,/srv/fim-watch/gen_00007.txt,2026-09-18 03:58:11.242692+00,2026-09-18 03:58:11.293327+00
eb2dac03-cbd5-4b4c-8fcf-78fb12290faa,/srv/fim-watch/critico/gen_00010.txt,2026-09-18 03:58:14.84219+00,2026-09-18 03:58:14.894288+00
705df3f5-9086-4505-bc99-1d1166f774f7,/srv/fim-watch/critico/gen_00009.txt,2026-09-18 03:58:18.441927+00,2026-09-18 03:58:18.496018+00
0e74fb3f-2ece-4206-b178-fbfd48ddc299,/srv/fim-watch/critico/gen_00011.txt,2026-09-18 03:58:22.041372+00,2026-09-18 03:58:22.0877+00
f3714398-f327-4fdd-b721-dbd5303d817f,/srv/fim-watch/gen_00012.txt,2026-09-18 03:58:25.641097+00,2026-09-18 03:58:25.690638+00
a2303a9b-bafb-4cff-9e96-27b4e44be360,/srv/fim-watch/gen_00008.txt,2026-09-18 03:58:29.240965+00,2026-09-18 03:58:29.291737+00
3c2e5d63-3b69-4cb7-b17e-d3e68fe6e9b4,/srv/fim-watch/gen_00004.txt,2026-09-18 03:58:32.840644+00,2026-09-18 03:58:32.89827+00
ef01a1cc-18b3-4da4-bdaa-a8d352651562,/srv/fim-watch/gen_00013.txt,2026-09-18 03:58:36.440437+00,2026-09-18 03:58:36.490936+00
75b82fbb-4154-45b5-906c-a2e4a7c79c69,/srv/fim-watch/gen_00005.txt,2026-09-18 03:58:40.039951+00,2026-09-18 03:58:40.087503+00
3a2b5304-401f-4ed0-a110-04ae4a6041db,/srv/fim-watch/gen_00003.txt,2026-09-18 03:58:43.640158+00,2026-09-18 03:58:43.689534+00
e7426272-9231-46e0-a926-64b8c778ccab,/srv/fim-watch/gen_00012.txt,2026-09-18 03:58:47.239264+00,2026-09-18 03:58:47.282544+00
a578dd56-c37f-48dd-b2c4-b8e83050d68a,/srv/fim-watch/gen_00012.txt,2026-09-18 03:58:50.838791+00,2026-09-18 03:58:50.884326+00
78b60151-0dcf-43cd-8803-6326c0cb0531,/srv/fim-watch/gen_00012.txt,2026-09-18 03:58:54.439352+00,2026-09-18 03:58:54.495367+00
f3ee75e2-5131-44ec-8a12-da35885f08ee,/srv/fim-watch/gen_00012.txt,2026-09-18 03:58:58.038996+00,2026-09-18 03:58:58.089115+00
90568a09-4561-4c6d-92ad-3b233c2acf9f,/srv/fim-watch/gen_00012.txt,2026-09-18 03:59:01.63878+00,2026-09-18 03:59:01.687137+00
a85514f8-8a9e-4e9a-a2ee-cff20ea62686,/srv/fim-watch/gen_00012.txt,2026-09-18 03:59:05.238253+00,2026-09-18 03:59:05.290681+00
fca999e8-500d-4a04-a18a-b0da27767fa2,/srv/fim-watch/gen_00014.txt,2026-09-18 03:59:08.837729+00,2026-09-18 03:59:08.879914+00
e9e0d310-3bcf-4f85-a8a3-8773e8711946,/srv/fim-watch/critico/gen_00011.txt,2026-09-18 03:59:12.437265+00,2026-09-18 03:59:12.478943+00
36ea40e1-21df-42e2-8b69-85d0380c5b82,/srv/fim-watch/critico/gen_00011.txt,2026-09-18 03:59:16.037576+00,2026-09-18 03:59:16.090322+00
775868eb-9abd-48ba-934e-839017a1a2bc,/srv/fim-watch/gen_00014.txt,2026-09-18 03:59:19.637049+00,2026-09-18 03:59:19.688584+00
c990259f-c32e-45f9-9691-845b8ac61205,/srv/fim-watch/gen_00015.txt,2026-09-18 03:59:23.236827+00,2026-09-18 03:59:23.285484+00
84a0ea5e-2585-4847-8444-3c66e95674ca,/srv/fim-watch/gen_00015.txt,2026-09-18 03:59:26.836596+00,2026-09-18 03:59:26.888164+00
fa4a988c-1a2a-4825-a3b0-d67e73a478fd,/srv/fim-watch/critico/gen_00009.txt,2026-09-18 03:59:30.436141+00,2026-09-18 03:59:30.483475+00
2f4b9fca-438b-478c-b4f3-c6357f34bb9a,/srv/fim-watch/gen_00005.txt,2026-09-18 03:59:34.036264+00,2026-09-18 03:59:34.086373+00
af777b52-4683-49d2-8e02-660f906022b9,/srv/fim-watch/gen_00014.txt,2026-09-18 03:59:37.635412+00,2026-09-18 03:59:37.675875+00
d2a6ab9c-32ca-4472-beb2-8e8b8ac5dafe,/srv/fim-watch/gen_00014.txt,2026-09-18 03:59:41.23565+00,2026-09-18 03:59:41.279407+00
100c6cc9-d111-4f95-82dd-2f5f4774d181,/srv/fim-watch/gen_00005.txt,2026-09-18 03:59:44.834953+00,2026-09-18 03:59:44.880835+00
a22bd99d-aefe-41cb-9856-7813d5a52f0a,/srv/fim-watch/gen_00005.txt,2026-09-18 03:59:48.434717+00,2026-09-18 03:59:48.480665+00
4732e64f-4044-4804-95c1-67e258f8ec0e,/srv/fim-watch/gen_00016.txt,2026-09-18 03:59:52.034927+00,2026-09-18 03:59:52.083975+00
db252eea-1fec-40de-b992-46aaa50404d6,/srv/fim-watch/critico/gen_00011.txt,2026-09-18 03:59:55.635+00,2026-09-18 03:59:55.684712+00
57d54a52-c514-4c1a-b6c8-ba4954a315fe,/srv/fim-watch/critico/gen_00011.txt,2026-09-18 03:59:59.234259+00,2026-09-18 03:59:59.274014+00
167813b7-54ff-48a8-8f5d-07598aa49549,/srv/fim-watch/critico/gen_00011.txt,2026-09-18 04:00:02.833305+00,2026-09-18 04:00:02.870805+00
e1abeb19-f5e7-44a4-92c3-8e3d06286273,/srv/fim-watch/critico/gen_00011.txt,2026-09-18 04:00:06.433497+00,2026-09-18 04:00:06.477532+00
6d532c4f-b71d-4512-950e-63920f4d1b7a,/srv/fim-watch/critico/gen_00011.txt,2026-09-18 04:00:10.032803+00,2026-09-18 04:00:10.075655+00
8ac7bef0-7904-4ed4-9849-86e9cb043881,/srv/fim-watch/gen_00017.txt,2026-09-18 04:00:13.632275+00,2026-09-18 04:00:13.673474+00
879381f0-e473-4899-b487-b3ecc0a6acb4,/srv/fim-watch/gen_00003.txt,2026-09-18 04:00:17.232953+00,2026-09-18 04:00:17.279626+00
997354d8-048b-4ceb-863d-dcf102cadfde,/srv/fim-watch/gen_00003.txt,2026-09-18 04:00:20.832111+00,2026-09-18 04:00:20.884093+00
6769a708-1176-43bc-af3b-fcf5352f2163,/srv/fim-watch/critico/gen_00010.txt,2026-09-18 04:00:24.431379+00,2026-09-18 04:00:24.470887+00
e4ca5c99-c63c-43eb-924e-faeed8b3630c,/srv/fim-watch/gen_00008.txt,2026-09-18 04:00:28.031521+00,2026-09-18 04:00:28.073364+00
305cfa1f-f6be-40b6-b3ce-da209a6ce215,/srv/fim-watch/critico/gen_00010.txt,2026-09-18 04:00:31.631587+00,2026-09-18 04:00:31.674359+00
9763b822-6b8a-46c3-a649-2e544e5b4eec,/srv/fim-watch/gen_00013.txt,2026-09-18 04:00:35.231315+00,2026-09-18 04:00:35.276714+00
921dc19a-1d9f-448f-9ad4-b6bca93bd7b3,/srv/fim-watch/gen_00012.txt,2026-09-18 04:00:38.830836+00,2026-09-18 04:00:38.875467+00
8eff1d07-dba2-462d-83ef-d2c8f736100e,/srv/fim-watch/gen_00016.txt,2026-09-18 04:00:42.430731+00,2026-09-18 04:00:42.478086+00
e70c7fad-0d00-4df2-b215-4e41d377c31d,/srv/fim-watch/gen_00015.txt,2026-09-18 04:00:46.030232+00,2026-09-18 04:00:46.064076+00
79423d41-a0c4-4de9-a05e-be534a65e903,/srv/fim-watch/critico/gen_00018.txt,2026-09-18 04:00:49.630058+00,2026-09-18 04:00:49.668899+00
2cfa35a1-2c93-4643-a93c-4ef500178fbf,/srv/fim-watch/critico/gen_00018.txt,2026-09-18 04:00:53.229029+00,2026-09-18 04:00:53.272021+00
f17de1ad-26a4-4670-9825-67cec1bedfe9,/srv/fim-watch/critico/gen_00010.txt,2026-09-18 04:00:56.829066+00,2026-09-18 04:00:56.860972+00
fa818f0e-d789-4089-b660-35745b18b4d8,/srv/fim-watch/gen_00003.txt,2026-09-18 04:01:00.428977+00,2026-09-18 04:01:00.470569+00
5bae3240-c974-48ac-9b4e-ae183497dbba,/srv/fim-watch/gen_00019.txt,2026-09-18 04:01:04.02829+00,2026-09-18 04:01:04.070316+00
de149207-a733-4e45-bb80-2dd06b9c735e,/srv/fim-watch/critico/gen_00011.txt,2026-09-18 04:01:07.628254+00,2026-09-18 04:01:07.663427+00
cf3fa772-e7cd-45ce-b920-a646dc4e50c8,/srv/fim-watch/gen_00020.txt,2026-09-18 04:01:11.228331+00,2026-09-18 04:01:11.271854+00
952aa83e-a0ac-4bcf-b7e0-8cbee3b7ef41,/srv/fim-watch/gen_00017.txt,2026-09-18 04:01:14.827208+00,2026-09-18 04:01:14.85581+00
a17eb793-667c-4ce6-8d09-9ad182939d11,/srv/fim-watch/gen_00015.txt,2026-09-18 04:01:18.427974+00,2026-09-18 04:01:18.460713+00
92bccea1-8510-4839-b06a-fd55eca9dfdd,/srv/fim-watch/critico/gen_00021.txt,2026-09-18 04:01:22.027213+00,2026-09-18 04:01:22.073324+00
e7c19e96-9801-4343-b4f6-aba8b2868757,/srv/fim-watch/critico/gen_00022.txt,2026-09-18 04:01:25.626481+00,2026-09-18 04:01:25.663352+00
659fe55c-72e8-441f-874f-d59a318e2aa0,/srv/fim-watch/critico/gen_00011.txt,2026-09-18 04:01:29.227147+00,2026-09-18 04:01:29.272534+00
c787dc9b-7960-4473-9164-7ed982accbf7,/srv/fim-watch/gen_00005.txt,2026-09-18 04:01:32.826199+00,2026-09-18 04:01:32.866357+00
11a677d5-dd98-4c4f-9c64-89588d264448,/srv/fim-watch/gen_00023.txt,2026-09-18 04:01:36.426051+00,2026-09-18 04:01:36.468691+00
e97b42f6-be7c-4ff4-8a3e-95b1feb042a0,/srv/fim-watch/gen_00014.txt,2026-09-18 04:01:40.025816+00,2026-09-18 04:01:40.069513+00
fca64be1-753c-482a-ac48-c785ea651076,/srv/fim-watch/gen_00015.txt,2026-09-18 04:01:43.626064+00,2026-09-18 04:01:43.674923+00
a5328cc8-2dda-4809-8cca-7f2c3df58da5,/srv/fim-watch/gen_00019.txt,2026-09-18 04:01:47.22572+00,2026-09-18 04:01:47.268795+00
aa9bd7cb-124e-4484-8353-f11717aca0a2,/srv/fim-watch/gen_00007.txt,2026-09-18 04:01:50.825329+00,2026-09-18 04:01:50.865263+00
77d7dd0f-765e-43c5-bd65-bbaecfeac357,/srv/fim-watch/gen_00023.txt,2026-09-18 04:01:54.424992+00,2026-09-18 04:01:54.464353+00
cbc52955-0ca3-4a7c-9b70-6ae498fadf02,/srv/fim-watch/gen_00023.txt,2026-09-18 04:01:58.024718+00,2026-09-18 04:01:58.066771+00
8b71cc1a-86b9-4c77-b0be-a929d099ad22,/srv/fim-watch/gen_00023.txt,2026-09-18 04:02:01.624321+00,2026-09-18 04:02:01.655552+00
b6e6e662-d41a-4dad-a6de-8189b93eadea,/srv/fim-watch/gen_00023.txt,2026-09-18 04:02:05.223788+00,2026-09-18 04:02:05.264133+00
feef640b-725c-4776-b41e-0baa449d748a,/srv/fim-watch/gen_00023.txt,2026-09-18 04:02:08.823193+00,2026-09-18 04:02:08.856707+00
bf838e6b-5ab9-4a40-a0a8-63f59230a505,/srv/fim-watch/gen_00013.txt,2026-09-18 04:02:12.423004+00,2026-09-18 04:02:12.462327+00
bf2fed51-9938-42a8-b427-b470c3345c33,/srv/fim-watch/gen_00005.txt,2026-09-18 04:02:16.022884+00,2026-09-18 04:02:16.053164+00
01b38c9b-bed4-4407-8dba-6578b6d35a6d,/srv/fim-watch/critico/gen_00022.txt,2026-09-18 04:02:19.62264+00,2026-09-18 04:02:19.662806+00
bbe09ce3-3fc3-4511-b361-7e864a8cd99b,/srv/fim-watch/gen_00023.txt,2026-09-18 04:02:23.222044+00,2026-09-18 04:02:23.259295+00
95729e73-d6a9-471a-a7aa-09add5cae030,/srv/fim-watch/critico/gen_00024.txt,2026-09-18 04:02:26.822276+00,2026-09-18 04:02:26.868704+00
d302a5cf-5435-4779-8559-5e306c2872af,/srv/fim-watch/critico/gen_00024.txt,2026-09-18 04:02:30.421993+00,2026-09-18 04:02:30.458567+00
391cc164-c0a3-488f-ba91-35f92a4d89c8,/srv/fim-watch/critico/gen_00010.txt,2026-09-18 04:02:34.021514+00,2026-09-18 04:02:34.049757+00
92096518-ce3b-4638-b333-da59024df2cb,/srv/fim-watch/gen_00025.txt,2026-09-18 04:02:37.620984+00,2026-09-18 04:02:37.661955+00
49489472-566f-4b3a-adde-5db47b297635,/srv/fim-watch/critico/gen_00021.txt,2026-09-18 04:02:41.221012+00,2026-09-18 04:02:41.260662+00
675b67ce-8ecb-4e09-a4c9-60b4c42aaccc,/srv/fim-watch/critico/gen_00021.txt,2026-09-18 04:02:44.82072+00,2026-09-18 04:02:44.865096+00
ec4368c2-2fe7-4ca1-8388-6c96508609b3,/srv/fim-watch/gen_00017.txt,2026-09-18 04:02:48.420395+00,2026-09-18 04:02:48.459816+00
7317def5-0875-4e5f-ad01-a971a13c8c25,/srv/fim-watch/gen_00017.txt,2026-09-18 04:02:52.020272+00,2026-09-18 04:02:52.062874+00
3125d544-2cfd-4828-aaac-50b9a307bddb,/srv/fim-watch/gen_00017.txt,2026-09-18 04:02:55.620298+00,2026-09-18 04:02:55.658936+00
afa6926e-dbac-44fa-baaf-d18efff3b5de,/srv/fim-watch/critico/gen_00024.txt,2026-09-18 04:02:59.220128+00,2026-09-18 04:02:59.259639+00
8efa8252-da5f-4102-8e25-f1b910949f1e,/srv/fim-watch/gen_00007.txt,2026-09-18 04:03:02.819454+00,2026-09-18 04:03:02.853345+00
11bf1e54-c3d6-4f47-8086-f8b80f7ad136,/srv/fim-watch/gen_00017.txt,2026-09-18 04:03:06.419062+00,2026-09-18 04:03:06.45154+00
52bd2282-c8ed-4b34-9995-141da1745229,/srv/fim-watch/gen_00014.txt,2026-09-18 04:03:10.019102+00,2026-09-18 04:03:10.059391+00
7af6e0df-5b02-4a28-b168-fbf41d8e347b,/srv/fim-watch/gen_00026.txt,2026-09-18 04:03:13.619092+00,2026-09-18 04:03:13.659814+00
dc8cdc1f-b7b4-4d32-8d6c-149acb562402,/srv/fim-watch/gen_00005.txt,2026-09-18 04:03:17.218242+00,2026-09-18 04:03:17.259354+00
b846c82c-709b-40bb-8c86-47b0ffe42ebb,/srv/fim-watch/gen_00023.txt,2026-09-18 04:03:20.818234+00,2026-09-18 04:03:20.857536+00
bd6e6752-0010-4830-84eb-e70c0ebbd974,/srv/fim-watch/critico/gen_00022.txt,2026-09-18 04:03:24.417539+00,2026-09-18 04:03:24.458331+00
7d922655-4b52-466b-929f-9f499181591e,/srv/fim-watch/gen_00026.txt,2026-09-18 04:03:28.017396+00,2026-09-18 04:03:28.053092+00
a01da487-300f-4f93-8fd4-d11672bf2fc7,/srv/fim-watch/critico/gen_00009.txt,2026-09-18 04:03:31.617252+00,2026-09-18 04:03:31.657194+00
c88f8f65-d387-448c-8f63-7e54db14a588,/srv/fim-watch/gen_00020.txt,2026-09-18 04:03:35.216793+00,2026-09-18 04:03:35.256683+00
2f26f612-e8bb-43c5-864f-e12f3727e8c0,/srv/fim-watch/gen_00025.txt,2026-09-18 04:03:38.816602+00,2026-09-18 04:03:38.856913+00
8d3c9db4-2b2f-4c74-aa80-90e38bc7a2e7,/srv/fim-watch/gen_00019.txt,2026-09-18 04:03:42.416426+00,2026-09-18 04:03:42.4527+00
2bddeb3a-70f2-41f8-b3ef-f4207a854960,/srv/fim-watch/gen_00019.txt,2026-09-18 04:03:46.016304+00,2026-09-18 04:03:46.054472+00
338cec61-47c4-4a3d-8603-2a8dc6adda1c,/srv/fim-watch/gen_00014.txt,2026-09-18 04:03:49.615788+00,2026-09-18 04:03:49.653225+00
f4c4d51c-04d6-4b57-8f78-5da1212eac86,/srv/fim-watch/gen_00014.txt,2026-09-18 04:03:53.215539+00,2026-09-18 04:03:53.24944+00
3fd3ade0-3b5a-4dca-9370-7046d57f86a4,/srv/fim-watch/gen_00014.txt,2026-09-18 04:03:56.815103+00,2026-09-18 04:03:56.849683+00
fc72c6a2-3b36-49ad-950e-e53f39e986b1,/srv/fim-watch/critico/gen_00027.txt,2026-09-18 04:04:00.414576+00,2026-09-18 04:04:00.449263+00
d91647f5-6dc5-493a-8e67-bd104b0bac92,/srv/fim-watch/gen_00025.txt,2026-09-18 04:04:04.014561+00,2026-09-18 04:04:04.04999+00
f45218d0-aa7f-4fba-b67c-834b33af205d,/srv/fim-watch/critico/gen_00024.txt,2026-09-18 04:04:07.614222+00,2026-09-18 04:04:07.649479+00
d1d404af-3718-4318-9c25-7df8e2b0370a,/srv/fim-watch/critico/gen_00024.txt,2026-09-18 04:04:11.21404+00,2026-09-18 04:04:11.247779+00
6df103bc-cab0-48ce-aad0-5a52acec0c9e,/srv/fim-watch/gen_00019.txt,2026-09-18 04:04:14.812954+00,2026-09-18 04:04:14.850686+00
7a7da947-2fcb-4f01-ba4e-20d5958b4f2b,/srv/fim-watch/gen_00014.txt,2026-09-18 04:04:18.413231+00,2026-09-18 04:04:18.45065+00
5249aa8d-ebe2-48df-b23e-0e61b91bf781,/srv/fim-watch/gen_00028.txt,2026-09-18 04:04:22.012371+00,2026-09-18 04:04:22.044906+00
1c1393e4-b0fc-48ec-938d-1532df56cfab,/srv/fim-watch/critico/gen_00029.txt,2026-09-18 04:04:25.612326+00,2026-09-18 04:04:25.641452+00
856830e4-863d-4027-a0d8-de019b118fcb,/srv/fim-watch/critico/gen_00011.txt,2026-09-18 04:04:29.212253+00,2026-09-18 04:04:29.245455+00
7a9bc223-0c99-4367-882e-33cdecdd3b83,/srv/fim-watch/gen_00013.txt,2026-09-18 04:04:32.812159+00,2026-09-18 04:04:32.841435+00
24953544-a326-471f-89f6-3fe295d41cc2,/srv/fim-watch/critico/gen_00024.txt,2026-09-18 04:04:36.412014+00,2026-09-18 04:04:36.445275+00
2c922877-4f74-46df-8439-c9a82b9b006f,/srv/fim-watch/gen_00030.txt,2026-09-18 04:04:40.011356+00,2026-09-18 04:04:40.043889+00
fd4a6fc8-59be-4433-bffb-cf51d11065e5,/srv/fim-watch/gen_00020.txt,2026-09-18 04:04:43.61128+00,2026-09-18 04:04:43.646283+00
24dcb859-8be4-44f7-be66-4a2519a24959,/srv/fim-watch/critico/gen_00029.txt,2026-09-18 04:04:47.210762+00,2026-09-18 04:04:47.232115+00
382f4bd9-30e8-43aa-a284-560713c4a04a,/srv/fim-watch/critico/gen_00011.txt,2026-09-18 04:04:50.810247+00,2026-09-18 04:04:50.839303+00
19aac76c-62aa-4d81-b17e-4c199c44b91f,/srv/fim-watch/gen_00031.txt,2026-09-18 04:04:54.409816+00,2026-09-18 04:04:54.426075+00
982b9543-8948-455e-8807-acde526fe219,/srv/fim-watch/gen_00032.txt,2026-09-18 04:04:58.009945+00,2026-09-18 04:04:58.037512+00
362e6eba-e5a2-4da9-892e-77a1131c8ef5,/srv/fim-watch/gen_00026.txt,2026-09-18 04:05:01.609331+00,2026-09-18 04:05:01.638611+00
c3293a36-89c9-4356-b9cc-ba5200dc8d76,/srv/fim-watch/critico/gen_00033.txt,2026-09-18 04:05:05.209427+00,2026-09-18 04:05:05.239975+00
69787fd1-cced-4ca4-8b2c-4f158dcf1137,/srv/fim-watch/critico/gen_00033.txt,2026-09-18 04:05:08.80881+00,2026-09-18 04:05:08.844853+00
805c9fee-34f8-4678-9d80-1c5116c6b819,/srv/fim-watch/gen_00034.txt,2026-09-18 04:05:12.408329+00,2026-09-18 04:05:12.437238+00
fd13bca0-1ff3-453f-958a-314d61fb7dde,/srv/fim-watch/gen_00028.txt,2026-09-18 04:05:16.007937+00,2026-09-18 04:05:16.030509+00
f9251705-f500-412f-b878-16639d7ec758,/srv/fim-watch/critico/gen_00035.txt,2026-09-18 04:05:19.608102+00,2026-09-18 04:05:19.640969+00
ea570e1e-a158-4873-8352-a83068f4c54d,/srv/fim-watch/gen_00036.txt,2026-09-18 04:05:23.208011+00,2026-09-18 04:05:23.23971+00
a230282b-0a3f-4d47-8ca4-b69d8b173082,/srv/fim-watch/gen_00037.txt,2026-09-18 04:05:26.808013+00,2026-09-18 04:05:26.847936+00
c96fbc9b-48ca-4635-a461-eba4e7d16270,/srv/fim-watch/gen_00025.txt,2026-09-18 04:05:30.406909+00,2026-09-18 04:05:30.433774+00
11c4639b-237f-4cd2-befe-8c04b81ca27e,/srv/fim-watch/critico/gen_00009.txt,2026-09-18 04:05:34.006616+00,2026-09-18 04:05:34.03425+00
8c289b11-c17f-41a2-992f-87d831fefefd,/srv/fim-watch/critico/gen_00009.txt,2026-09-18 04:05:37.607365+00,2026-09-18 04:05:37.643124+00
8cd29bcc-d954-42da-8698-bda2d2b30fcf,/srv/fim-watch/critico/gen_00035.txt,2026-09-18 04:05:41.206504+00,2026-09-18 04:05:41.240507+00
ebbb6122-0807-4035-9fd3-a4db90cdf1cb,/srv/fim-watch/gen_00026.txt,2026-09-18 04:05:44.806779+00,2026-09-18 04:05:44.839201+00
71dd6897-4395-422a-839e-89d3143ff592,/srv/fim-watch/gen_00036.txt,2026-09-18 04:05:48.405774+00,2026-09-18 04:05:48.429932+00
2871e03f-a488-4d9a-bc3a-740272417318,/srv/fim-watch/gen_00017.txt,2026-09-18 04:05:52.005919+00,2026-09-18 04:05:52.033465+00
bd958875-0f5a-41dc-a43b-f7353ce580cb,/srv/fim-watch/gen_00023.txt,2026-09-18 04:05:55.60544+00,2026-09-18 04:05:55.636882+00
c9f9b87b-32fa-4f55-a5d4-8892a57c66af,/srv/fim-watch/gen_00014.txt,2026-09-18 04:05:59.205333+00,2026-09-18 04:05:59.233552+00
b56e38eb-dda9-49d5-b61f-9335568791f4,/srv/fim-watch/critico/gen_00029.txt,2026-09-18 04:06:02.805014+00,2026-09-18 04:06:02.835404+00
04b26424-8c3c-4f4a-9e40-8efbfd92ef17,/srv/fim-watch/gen_00032.txt,2026-09-18 04:06:06.404502+00,2026-09-18 04:06:06.432647+00
b51ad4ee-fde6-4e5e-8a58-eba61f6e0466,/srv/fim-watch/gen_00025.txt,2026-09-18 04:06:10.004016+00,2026-09-18 04:06:10.032404+00
ecbc0205-905c-415d-8d50-869510190473,/srv/fim-watch/gen_00017.txt,2026-09-18 04:06:13.603617+00,2026-09-18 04:06:13.634768+00
13fa34a0-c33f-46e3-bbaa-47c6f030bedd,/srv/fim-watch/gen_00030.txt,2026-09-18 04:06:17.203003+00,2026-09-18 04:06:17.229484+00
a78cae47-9864-4f79-8167-9b0f60241b3e,/srv/fim-watch/gen_00034.txt,2026-09-18 04:06:20.80331+00,2026-09-18 04:06:20.830504+00
0ea08783-0c2e-4321-95a8-082359324746,/srv/fim-watch/gen_00037.txt,2026-09-18 04:06:24.402433+00,2026-09-18 04:06:24.430402+00
1ee16842-e84a-43cc-9948-6e6c0e3eeadb,/srv/fim-watch/gen_00038.txt,2026-09-18 04:06:28.002145+00,2026-09-18 04:06:28.104936+00
fa4ee523-acf9-4b7e-b51f-b4ca2ac9f157,/srv/fim-watch/gen_00025.txt,2026-09-18 04:06:31.602528+00,2026-09-18 04:06:31.630434+00
4a6a085f-d234-47be-8a94-6a7b731476bc,/srv/fim-watch/critico/gen_00011.txt,2026-09-18 04:06:35.202199+00,2026-09-18 04:06:35.230699+00
8c215c05-b102-4863-9a6d-85993140e8d4,/srv/fim-watch/gen_00036.txt,2026-09-18 04:06:38.802326+00,2026-09-18 04:06:38.831822+00
edde6e63-456d-4724-9a98-99957c2a5d4f,/srv/fim-watch/critico/gen_00027.txt,2026-09-18 04:06:42.401148+00,2026-09-18 04:06:42.427115+00
7abf0b53-8136-4e3a-9b17-10fa2e15ebf5,/srv/fim-watch/gen_00031.txt,2026-09-18 04:06:46.001709+00,2026-09-18 04:06:46.020807+00
e255ac4f-a48f-41ca-91c5-7a0e01208fb4,/srv/fim-watch/gen_00034.txt,2026-09-18 04:06:49.601203+00,2026-09-18 04:06:49.629705+00
3724aa22-5436-41c1-838c-503b91f364b4,/srv/fim-watch/gen_00034.txt,2026-09-18 04:06:53.20094+00,2026-09-18 04:06:53.228544+00
3ef847d8-a373-4972-889c-aac814448ae1,/srv/fim-watch/critico/gen_00039.txt,2026-09-18 04:06:56.800807+00,2026-09-18 04:06:56.82763+00
1286e005-0b7e-413e-b423-bb94d8b7b74c,/srv/fim-watch/gen_00040.txt,2026-09-18 04:07:00.400528+00,2026-09-18 04:07:00.429575+00
e5d75d6b-6131-4e2e-9963-5b9791af7453,/srv/fim-watch/gen_00041.txt,2026-09-18 04:07:04.000511+00,2026-09-18 04:07:04.028987+00
f49b676f-3517-4113-aee7-09015a25bf7d,/srv/fim-watch/critico/gen_00011.txt,2026-09-18 04:07:07.599274+00,2026-09-18 04:07:07.623596+00
83f63013-11de-4f88-8ca1-8879af6533c8,/srv/fim-watch/gen_00034.txt,2026-09-18 04:07:11.199538+00,2026-09-18 04:07:11.228886+00
dca1b7eb-b629-4bd5-ad17-3bc69e55fb74,/srv/fim-watch/critico/gen_00029.txt,2026-09-18 04:07:14.799124+00,2026-09-18 04:07:14.829345+00
51a669de-81f0-4e62-aee2-f5c84b3c2d33,/srv/fim-watch/critico/gen_00042.txt,2026-09-18 04:07:18.398944+00,2026-09-18 04:07:18.418917+00
05585204-2316-4917-aed5-78803e014343,/srv/fim-watch/critico/gen_00027.txt,2026-09-18 04:07:21.998594+00,2026-09-18 04:07:22.028439+00
ac308a05-47c7-4a3a-8cc0-fa55c91bcf19,/srv/fim-watch/critico/gen_00027.txt,2026-09-18 04:07:25.598152+00,2026-09-18 04:07:25.62557+00
abb47560-bbc6-41af-abf3-670fa7d6a7c0,/srv/fim-watch/gen_00034.txt,2026-09-18 04:07:29.197399+00,2026-09-18 04:07:29.22083+00
2137b018-e162-4cf9-9f40-2d57b7bde591,/srv/fim-watch/gen_00031.txt,2026-09-18 04:07:32.797429+00,2026-09-18 04:07:32.823879+00
da6094d4-1cd1-432a-be69-906ce9e89744,/srv/fim-watch/gen_00034.txt,2026-09-18 04:07:36.397047+00,2026-09-18 04:07:36.419175+00
dc03ec57-d88f-4a7c-87fb-368f0ad72ed2,/srv/fim-watch/gen_00034.txt,2026-09-18 04:07:39.996691+00,2026-09-18 04:07:40.023714+00
003b3b89-1e03-41cc-9e4c-54863632ba6e,/srv/fim-watch/gen_00034.txt,2026-09-18 04:07:43.596529+00,2026-09-18 04:07:43.619732+00
49578330-7b10-47a6-a050-fd92a6cd6226,/srv/fim-watch/gen_00034.txt,2026-09-18 04:07:47.196217+00,2026-09-18 04:07:47.217445+00
fec58e32-46b6-4782-b5c0-d594f168306c,/srv/fim-watch/gen_00034.txt,2026-09-18 04:07:50.796294+00,2026-09-18 04:07:50.8211+00
7251c814-011e-4207-8655-f26cde5ade4d,/srv/fim-watch/gen_00032.txt,2026-09-18 04:07:54.395433+00,2026-09-18 04:07:54.418246+00
198a2601-3ff1-4d97-a0f2-82a26fe48c22,/srv/fim-watch/gen_00038.txt,2026-09-18 04:07:57.995138+00,2026-09-18 04:07:58.021963+00
115e8b1c-855a-42e3-b674-de599ef3fab3,/srv/fim-watch/gen_00034.txt,2026-09-18 04:08:01.594732+00,2026-09-18 04:08:01.615817+00
b623fa29-8e79-4c89-82a6-4722ca0a19e2,/srv/fim-watch/gen_00034.txt,2026-09-18 04:08:05.194665+00,2026-09-18 04:08:05.218056+00
d1567429-aa09-41c2-a4c7-85f46080e34a,/srv/fim-watch/critico/gen_00027.txt,2026-09-18 04:08:08.794768+00,2026-09-18 04:08:08.819802+00
13c50d63-9937-4f72-8ffb-cde91509d213,/srv/fim-watch/critico/gen_00027.txt,2026-09-18 04:08:12.394209+00,2026-09-18 04:08:12.419797+00
eb8d7ce8-fb48-4fc8-8fcf-b2f90fa7105a,/srv/fim-watch/critico/gen_00027.txt,2026-09-18 04:08:15.994187+00,2026-09-18 04:08:16.022434+00
51695876-184d-4dc3-b2a1-771809141566,/srv/fim-watch/critico/gen_00027.txt,2026-09-18 04:08:19.594604+00,2026-09-18 04:08:19.623154+00
496729bd-2b80-4f95-a1a6-99a2c7f95484,/srv/fim-watch/critico/gen_00027.txt,2026-09-18 04:08:23.193565+00,2026-09-18 04:08:23.214724+00
288affbf-8b76-4c5c-912d-a8caf5bb31c1,/srv/fim-watch/critico/gen_00027.txt,2026-09-18 04:08:26.793814+00,2026-09-18 04:08:26.819769+00
8ab65010-ed07-498a-99aa-b6f60a7c633c,/srv/fim-watch/gen_00014.txt,2026-09-18 04:08:30.392609+00,2026-09-18 04:08:30.409833+00
e422950c-d1b2-41d2-b4a7-58f9ab15453b,/srv/fim-watch/critico/gen_00029.txt,2026-09-18 04:08:33.992943+00,2026-09-18 04:08:34.016954+00
9dd1f14f-90e1-4ebb-b2e8-b3817a6b5bf1,/srv/fim-watch/gen_00025.txt,2026-09-18 04:08:37.59233+00,2026-09-18 04:08:37.615186+00
f8284a17-3e5b-42e9-81cf-c5bca26662db,/srv/fim-watch/critico/gen_00027.txt,2026-09-18 04:08:41.192391+00,2026-09-18 04:08:41.213589+00
fa4ebfc8-98e7-4876-b1cc-c1215eae95f9,/srv/fim-watch/critico/gen_00024.txt,2026-09-18 04:08:44.791938+00,2026-09-18 04:08:44.815131+00
a8ddc7e8-e6f7-469b-8cb4-759cd10313df,/srv/fim-watch/critico/gen_00024.txt,2026-09-18 04:08:48.39181+00,2026-09-18 04:08:48.409988+00
f73a6a65-4f24-4031-8f3b-6b02409906fd,/srv/fim-watch/gen_00034.txt,2026-09-18 04:08:51.991787+00,2026-09-18 04:08:52.017822+00
3b0780c0-afbf-4471-b802-064d671415f4,/srv/fim-watch/gen_00026.txt,2026-09-18 04:08:55.591011+00,2026-09-18 04:08:55.611913+00
65c8868e-d21d-466d-a836-9b5e1a55fbb2,/srv/fim-watch/gen_00013.txt,2026-09-18 04:08:59.190361+00,2026-09-18 04:08:59.212885+00
35f3212a-cb4f-4a8a-9b2e-49c993ba21c1,/srv/fim-watch/gen_00043.txt,2026-09-18 04:09:02.790285+00,2026-09-18 04:09:02.812771+00
bc911d95-87f0-48c9-bffa-6442d109949e,/srv/fim-watch/critico/gen_00029.txt,2026-09-18 04:09:06.390658+00,2026-09-18 04:09:06.419587+00
9ae97dee-3a66-4193-946d-091928460bd3,/srv/fim-watch/critico/gen_00029.txt,2026-09-18 04:09:09.9903+00,2026-09-18 04:09:10.014868+00
2d1154c5-24c3-47a3-ae2d-6cff9945a3f0,/srv/fim-watch/gen_00013.txt,2026-09-18 04:09:13.589523+00,2026-09-18 04:09:13.615229+00
b8b00ecc-0867-4acf-b83f-8da445c0401e,/srv/fim-watch/gen_00041.txt,2026-09-18 04:09:17.188816+00,2026-09-18 04:09:17.207803+00
eb8e2aa7-3569-4557-8cb7-130595a64666,/srv/fim-watch/critico/gen_00009.txt,2026-09-18 04:09:20.789384+00,2026-09-18 04:09:20.815826+00
868bdee1-6859-4100-93b5-7e7f4e4f3ad9,/srv/fim-watch/gen_00013.txt,2026-09-18 04:09:24.388624+00,2026-09-18 04:09:24.411742+00
bd035da2-30ca-4a91-95d0-60279ab82b5a,/srv/fim-watch/critico/gen_00024.txt,2026-09-18 04:09:27.988333+00,2026-09-18 04:09:28.010957+00
3db46537-33fd-4cc2-b493-a89049d57c1f,/srv/fim-watch/gen_00020.txt,2026-09-18 04:09:31.588198+00,2026-09-18 04:09:31.612954+00
556e4c91-a163-43b4-9db5-23e93b6fd787,/srv/fim-watch/gen_00043.txt,2026-09-18 04:09:35.188532+00,2026-09-18 04:09:35.210806+00
1f0ded99-2327-430b-9bd6-7d10df65c5a9,/srv/fim-watch/gen_00020.txt,2026-09-18 04:09:38.787316+00,2026-09-18 04:09:38.810942+00
9f1e0ba7-d707-4be5-8158-185888c43360,/srv/fim-watch/gen_00043.txt,2026-09-18 04:09:42.386681+00,2026-09-18 04:09:42.408165+00
28a5594d-7cce-42d5-bd8d-dd33aa7d9e74,/srv/fim-watch/gen_00026.txt,2026-09-18 04:09:45.987183+00,2026-09-18 04:09:46.014321+00
9390cb49-c9ff-4b17-a262-1064d9a2373d,/srv/fim-watch/critico/gen_00029.txt,2026-09-18 04:09:49.586179+00,2026-09-18 04:09:49.601357+00
e67c732d-56c8-4a41-aadc-85b331eb3f59,/srv/fim-watch/gen_00032.txt,2026-09-18 04:09:53.186641+00,2026-09-18 04:09:53.211697+00
5c11e27b-d2ba-4c96-bcee-61c3682cf7d9,/srv/fim-watch/gen_00044.txt,2026-09-18 04:09:56.78615+00,2026-09-18 04:09:56.80797+00
511792a8-efd4-4ace-93f0-4cc0c4d5ef4d,/srv/fim-watch/gen_00040.txt,2026-09-18 04:10:00.385839+00,2026-09-18 04:10:00.406324+00
613adb15-e5f9-4fe3-ac4e-65fbde27b2c5,/srv/fim-watch/gen_00041.txt,2026-09-18 04:10:03.985236+00,2026-09-18 04:10:04.006504+00
26d1cd58-ae86-40a0-abe8-9ed7fad5bafb,/srv/fim-watch/gen_00013.txt,2026-09-18 04:10:07.585366+00,2026-09-18 04:10:07.605939+00
0850661f-2b57-404a-90dc-5a4aae12770d,/srv/fim-watch/gen_00013.txt,2026-09-18 04:10:11.184928+00,2026-09-18 04:10:11.206664+00
e4c6e06a-28fb-4095-94fb-3daf8977997c,/srv/fim-watch/gen_00013.txt,2026-09-18 04:10:14.784338+00,2026-09-18 04:10:14.80417+00
eee08890-b6aa-4422-97b9-36f19f719fc1,/srv/fim-watch/gen_00013.txt,2026-09-18 04:10:18.384038+00,2026-09-18 04:10:18.396938+00
b3561d3e-edfc-4f05-8a57-e8e8ceabb9bc,/srv/fim-watch/gen_00013.txt,2026-09-18 04:10:21.983947+00,2026-09-18 04:10:22.006264+00
be64955e-7e4f-4772-9ec8-ba842c2a98c3,/srv/fim-watch/gen_00013.txt,2026-09-18 04:10:25.58363+00,2026-09-18 04:10:25.605206+00
94f76232-5bc8-4e29-afc4-f0a92c96ce12,/srv/fim-watch/gen_00025.txt,2026-09-18 04:10:29.183324+00,2026-09-18 04:10:29.200837+00
13447447-4450-42e9-a6a9-a383e8da76a3,/srv/fim-watch/gen_00025.txt,2026-09-18 04:10:32.783147+00,2026-09-18 04:10:32.801212+00
573aeb69-995b-4c5a-b8e9-ba823fab4d08,/srv/fim-watch/gen_00025.txt,2026-09-18 04:10:36.382647+00,2026-09-18 04:10:36.405844+00
d6f12c20-ced8-4fa8-9fcf-0cf7b97d4b4d,/srv/fim-watch/gen_00025.txt,2026-09-18 04:10:39.982456+00,2026-09-18 04:10:40.003103+00
403682b4-c113-4237-9537-f0aaf3ddad3c,/srv/fim-watch/gen_00025.txt,2026-09-18 04:10:43.581901+00,2026-09-18 04:10:43.59255+00
41dfc188-408a-4c9a-b897-9ee97a688e63,/srv/fim-watch/gen_00040.txt,2026-09-18 04:10:47.181723+00,2026-09-18 04:10:47.198874+00
4e94478d-6cf5-471f-ade8-5adee55ca8a4,/srv/fim-watch/critico/gen_00027.txt,2026-09-18 04:10:50.781949+00,2026-09-18 04:10:50.795767+00
345c06ca-9b71-4770-abe7-a595d2d248e7,/srv/fim-watch/gen_00034.txt,2026-09-18 04:10:54.381226+00,2026-09-18 04:10:54.39694+00
af701a9b-de1f-4e26-9081-37096f0c50c8,/srv/fim-watch/gen_00040.txt,2026-09-18 04:11:01.580914+00,2026-09-18 04:11:01.599394+00
ab20554d-1581-428c-96fc-02a224e5c9be,/srv/fim-watch/gen_00040.txt,2026-09-18 04:11:05.180446+00,2026-09-18 04:11:05.199334+00
aa582eed-8c05-40bf-9149-c63236d84e89,/srv/fim-watch/gen_00044.txt,2026-09-18 04:11:08.780625+00,2026-09-18 04:11:08.803608+00
ca4b0c40-1689-4c22-a821-dc1f7c20a469,/srv/fim-watch/gen_00045.txt,2026-09-18 04:11:12.379706+00,2026-09-18 04:11:12.401071+00
10ef782f-7e8b-4533-a6ce-ee9ea2a116f5,/srv/fim-watch/gen_00046.txt,2026-09-18 04:11:15.98004+00,2026-09-18 04:11:15.999705+00
b2bb10c9-eefe-4c19-8038-9fdb30ab73d9,/srv/fim-watch/critico/gen_00047.txt,2026-09-18 04:11:19.578989+00,2026-09-18 04:11:19.592477+00
037cb4df-0c8c-46bd-9c14-b46c00a8ebcc,/srv/fim-watch/critico/gen_00047.txt,2026-09-18 04:11:23.179159+00,2026-09-18 04:11:23.20359+00
9b22a5cf-7e70-49df-999c-6431038905ee,/srv/fim-watch/critico/gen_00024.txt,2026-09-18 04:11:26.778524+00,2026-09-18 04:11:26.79913+00
13c87540-6905-46c5-b670-0228dd6adf73,/srv/fim-watch/critico/gen_00048.txt,2026-09-18 04:11:30.378489+00,2026-09-18 04:11:30.395086+00
d85ac639-42bc-4b3e-b8a8-ef3251c2b055,/srv/fim-watch/critico/gen_00048.txt,2026-09-18 04:11:33.978423+00,2026-09-18 04:11:34.001262+00
a0cd55d2-d45b-4589-961f-2f08800896d5,/srv/fim-watch/critico/gen_00039.txt,2026-09-18 04:11:37.578123+00,2026-09-18 04:11:37.60232+00
81a2c136-629b-4587-93d4-b636958f9b06,/srv/fim-watch/gen_00032.txt,2026-09-18 04:11:41.17777+00,2026-09-18 04:11:41.199724+00
ed83546f-2ccb-42a3-8e39-f2f2bb210325,/srv/fim-watch/gen_00046.txt,2026-09-18 04:11:44.777738+00,2026-09-18 04:11:44.793975+00
87f796d2-156e-447a-bd66-cc9ed886c7cb,/srv/fim-watch/gen_00025.txt,2026-09-18 04:11:48.377189+00,2026-09-18 04:11:48.399486+00
c2c768e9-c857-4193-991c-6970fe547d69,/srv/fim-watch/gen_00049.txt,2026-09-18 04:11:55.576712+00,2026-09-18 04:11:55.599801+00
8be72036-180d-4b7b-b2c4-971fbfd731b5,/srv/fim-watch/gen_00034.txt,2026-09-18 04:11:59.176716+00,2026-09-18 04:11:59.199528+00
643f00ec-a95f-4d1c-95b8-e7ff4bbb7e46,/srv/fim-watch/critico/gen_00039.txt,2026-09-18 04:12:02.775702+00,2026-09-18 04:12:02.798083+00
e6eee7a0-6e8b-47a5-b848-f7b5caf33a9b,/srv/fim-watch/critico/gen_00039.txt,2026-09-18 04:12:06.375479+00,2026-09-18 04:12:06.389994+00
ef95bf00-5b70-4e6b-a72f-431ee17af004,/srv/fim-watch/gen_00036.txt,2026-09-18 04:12:09.975292+00,2026-09-18 04:12:09.994607+00
96c69aca-7523-4e4e-95f5-6f77f60bb121,/srv/fim-watch/gen_00050.txt,2026-09-18 04:12:13.57513+00,2026-09-18 04:12:13.599128+00
2c70d24d-a41b-430b-a6a9-4ef61879e276,/srv/fim-watch/gen_00050.txt,2026-09-18 04:12:17.174801+00,2026-09-18 04:12:17.198704+00
451ececa-261c-424d-8a40-f1a707a7d973,/srv/fim-watch/critico/gen_00009.txt,2026-09-18 04:12:20.774528+00,2026-09-18 04:12:20.800331+00
ed257847-29c2-4169-800e-a9c5f905fb4d,/srv/fim-watch/gen_00051.txt,2026-09-18 04:12:24.373962+00,2026-09-18 04:12:24.393127+00
845d5fb7-9d7b-48bd-ad11-5343e135450f,/srv/fim-watch/gen_00052.txt,2026-09-18 04:12:27.973792+00,2026-09-18 04:12:27.995706+00
8bda45f0-c0b3-42ef-bae3-0fe2f1a1cbe5,/srv/fim-watch/critico/gen_00027.txt,2026-09-18 04:12:31.574063+00,2026-09-18 04:12:31.592635+00
1a49d0bc-81a7-4216-8abc-fca4758b4a8d,/srv/fim-watch/gen_00053.txt,2026-09-18 04:12:35.173503+00,2026-09-18 04:12:35.195807+00
78cd4761-ae90-45a0-83c4-5797e80704ae,/srv/fim-watch/gen_00040.txt,2026-09-18 04:12:38.773117+00,2026-09-18 04:12:38.792546+00
5e515984-6dd0-4272-8200-69355b7a366a,/srv/fim-watch/gen_00040.txt,2026-09-18 04:12:42.372364+00,2026-09-18 04:12:42.384464+00
29e5dc79-cc4f-402e-a620-9985f1c810ca,/srv/fim-watch/gen_00014.txt,2026-09-18 04:12:45.972956+00,2026-09-18 04:12:45.994402+00
44d7dc2c-848a-403f-8c74-9602e09b3024,/srv/fim-watch/critico/gen_00039.txt,2026-09-18 04:12:49.572584+00,2026-09-18 04:12:49.584308+00
3e7a7c29-7810-4163-973c-a06f43e7f26b,/srv/fim-watch/gen_00054.txt,2026-09-18 04:12:53.17209+00,2026-09-18 04:12:53.18928+00
471d7fbd-5de5-4713-b1f1-481799ad29f3,/srv/fim-watch/gen_00054.txt,2026-09-18 04:12:56.771944+00,2026-09-18 04:12:56.78923+00
c0a93f21-0275-481b-873b-8e387ba22b68,/srv/fim-watch/gen_00055.txt,2026-09-18 04:13:00.371179+00,2026-09-18 04:13:00.386688+00
5230ee2f-184f-4edb-8cde-583de4d02cc2,/srv/fim-watch/gen_00056.txt,2026-09-18 04:13:03.970985+00,2026-09-18 04:13:03.9932+00
8b87ac00-2a4f-4cb6-b3ca-c5607cb80fdd,/srv/fim-watch/gen_00045.txt,2026-09-18 04:13:07.570665+00,2026-09-18 04:13:07.59525+00
87680b27-31c1-41da-8c33-e01ec7948b88,/srv/fim-watch/gen_00041.txt,2026-09-18 04:13:11.170693+00,2026-09-18 04:13:11.18713+00
4c158f6a-8e51-4c17-af84-2dbfd4864898,/srv/fim-watch/gen_00053.txt,2026-09-18 04:13:14.770429+00,2026-09-18 04:13:14.790691+00
00d74430-8039-4386-a79e-cbbd61d83a54,/srv/fim-watch/gen_00049.txt,2026-09-18 04:13:18.369808+00,2026-09-18 04:13:18.383282+00
ac82fa8a-afcb-4ae4-acbc-ee7f87540fec,/srv/fim-watch/gen_00051.txt,2026-09-18 04:13:21.969101+00,2026-09-18 04:13:21.983474+00
8d198130-1724-41a8-b0a5-805d1ce93e9e,/srv/fim-watch/critico/gen_00057.txt,2026-09-18 04:13:25.568937+00,2026-09-18 04:13:25.582097+00
e038bda7-4099-452f-b4d8-40c7a01afbe3,/srv/fim-watch/critico/gen_00057.txt,2026-09-18 04:13:29.168716+00,2026-09-18 04:13:29.18258+00
13168e21-8480-4683-b719-d323547fe0ac,/srv/fim-watch/gen_00053.txt,2026-09-18 04:13:32.769144+00,2026-09-18 04:13:32.786471+00
bf77eb1a-286c-48be-8480-fbe80b684311,/srv/fim-watch/gen_00053.txt,2026-09-18 04:13:36.368202+00,2026-09-18 04:13:36.383252+00
27ad0803-e79b-44a6-a693-772dfdbd14c6,/srv/fim-watch/gen_00044.txt,2026-09-18 04:13:39.968295+00,2026-09-18 04:13:39.983893+00
a6cdc8ab-431e-4818-8cc8-72a390a96dba,/srv/fim-watch/critico/gen_00058.txt,2026-09-18 04:13:43.56809+00,2026-09-18 04:13:43.581995+00
2d89c21f-51c1-4aa4-8963-b3783ae26961,/srv/fim-watch/gen_00056.txt,2026-09-18 04:13:47.167607+00,2026-09-18 04:13:47.181948+00
756deacc-e009-416c-97ba-5e8d93333bb2,/srv/fim-watch/critico/gen_00039.txt,2026-09-18 04:13:50.767535+00,2026-09-18 04:13:50.785211+00
35d6dec1-c25a-476c-9839-9d4a80b8b101,/srv/fim-watch/gen_00041.txt,2026-09-18 04:13:54.367021+00,2026-09-18 04:13:54.383657+00
4d4569c2-900f-4de1-a495-c0bc241cb241,/srv/fim-watch/gen_00013.txt,2026-09-18 04:13:57.96655+00,2026-09-18 04:13:57.981272+00
5a9e3dbd-1bdb-455e-be21-c2fbb7a570cb,/srv/fim-watch/gen_00013.txt,2026-09-18 04:14:01.566284+00,2026-09-18 04:14:01.583361+00
ead91bf0-0b11-494b-8c86-edfe9b598af0,/srv/fim-watch/gen_00013.txt,2026-09-18 04:14:05.166371+00,2026-09-18 04:14:05.184137+00
2a35c499-bc66-4070-a00a-19202d094e4e,/srv/fim-watch/gen_00013.txt,2026-09-18 04:14:08.765672+00,2026-09-18 04:14:08.782412+00
8d81af36-8629-4731-84bc-a60db8c21cbe,/srv/fim-watch/gen_00013.txt,2026-09-18 04:14:12.365428+00,2026-09-18 04:14:12.382317+00
84482d2a-6137-47d9-af1a-2c0bbfdcc0bb,/srv/fim-watch/gen_00013.txt,2026-09-18 04:14:15.9653+00,2026-09-18 04:14:15.978785+00
d0d21b13-fd94-460a-a733-a0ce65f49d2e,/srv/fim-watch/gen_00020.txt,2026-09-18 04:14:19.564952+00,2026-09-18 04:14:19.57877+00
1801dad1-5d4e-4ce0-8f51-31ccc76b7f72,/srv/fim-watch/critico/gen_00058.txt,2026-09-18 04:14:23.164655+00,2026-09-18 04:14:23.182505+00
3ada43b9-bc52-49be-ae7f-b754ee719628,/srv/fim-watch/gen_00059.txt,2026-09-18 04:14:26.764362+00,2026-09-18 04:14:26.777132+00
182d41ce-d727-4bb2-a193-59ebb8590056,/srv/fim-watch/gen_00060.txt,2026-09-18 04:14:30.363842+00,2026-09-18 04:14:30.383236+00
27b08d04-1071-4be3-a2cb-15300c085486,/srv/fim-watch/critico/gen_00029.txt,2026-09-18 04:14:33.963824+00,2026-09-18 04:14:33.981045+00
8837a7cf-3762-4f9b-81c8-211a015bb141,/srv/fim-watch/critico/gen_00029.txt,2026-09-18 04:14:41.163358+00,2026-09-18 04:14:41.178567+00
37285933-69cf-4a78-8f33-9895ca7a5515,/srv/fim-watch/gen_00063.txt,2026-09-18 04:14:48.362125+00,2026-09-18 04:14:48.375221+00
e44266df-c3d4-4036-a31b-70b8909e1947,/srv/fim-watch/gen_00062.txt,2026-09-18 04:14:51.962283+00,2026-09-18 04:14:51.977053+00
0fbb54c5-dde1-4ac3-a9f2-d4775a428c9c,/srv/fim-watch/gen_00064.txt,2026-09-18 04:14:55.562339+00,2026-09-18 04:14:55.583636+00
cb7ff40f-ca28-4ce0-85a1-3e9ddafa2154,/srv/fim-watch/gen_00014.txt,2026-09-18 04:14:59.162248+00,2026-09-18 04:14:59.183739+00
94d97d59-1d80-4771-9210-4e9214cefea9,/srv/fim-watch/gen_00052.txt,2026-09-18 04:15:02.76206+00,2026-09-18 04:15:02.779507+00
37616c0a-394a-4384-acda-b6eea911d5a6,/srv/fim-watch/critico/gen_00027.txt,2026-09-18 04:15:06.361957+00,2026-09-18 04:15:06.378529+00
795dd1cf-86b0-4195-8994-e5d96ca3830d,/srv/fim-watch/gen_00064.txt,2026-09-18 04:15:09.960777+00,2026-09-18 04:15:09.977948+00
ff64d911-0504-4f5e-88a5-c8b263bca6b4,/srv/fim-watch/gen_00064.txt,2026-09-18 04:15:13.560823+00,2026-09-18 04:15:13.574954+00
61346bf7-e813-4888-afcc-dd6df05a9a1c,/srv/fim-watch/gen_00025.txt,2026-09-18 04:15:17.160465+00,2026-09-18 04:15:17.17413+00
475b253a-a8b5-4785-9bd5-af2399171379,/srv/fim-watch/gen_00051.txt,2026-09-18 04:15:24.359526+00,2026-09-18 04:15:24.377579+00
c629d964-c827-4f38-a282-c3dd7cb84138,/srv/fim-watch/gen_00065.txt,2026-09-18 04:15:27.959481+00,2026-09-18 04:15:27.969924+00
4455540e-96f7-45f3-84b6-bce75369ffbd,/srv/fim-watch/gen_00045.txt,2026-09-18 04:15:35.159189+00,2026-09-18 04:15:35.177738+00
78fd47cf-d286-4a52-86fa-ac1cb1bf7532,/srv/fim-watch/gen_00020.txt,2026-09-18 04:15:38.759224+00,2026-09-18 04:15:38.776006+00
97d69588-6dbf-4b51-a7a7-c82f75b669cd,/srv/fim-watch/gen_00066.txt,2026-09-18 04:15:42.358612+00,2026-09-18 04:15:42.377699+00
c26c93e0-b7bf-44cb-bb68-2ac22b82ebaa,/srv/fim-watch/gen_00049.txt,2026-09-18 04:15:45.95791+00,2026-09-18 04:15:45.970846+00
7d576782-15ec-4f77-9690-852a14ba6344,/srv/fim-watch/gen_00060.txt,2026-09-18 04:15:49.557751+00,2026-09-18 04:15:49.568598+00
ac1ae977-fc80-475a-a31c-213e3958537c,/srv/fim-watch/gen_00067.txt,2026-09-18 04:15:53.157063+00,2026-09-18 04:15:53.16979+00
ab3ae8f4-c30c-422e-a488-06314659387a,/srv/fim-watch/gen_00068.txt,2026-09-18 04:15:56.758719+00,2026-09-18 04:15:56.779988+00
e8463608-591d-4e40-9fc1-dbfab2e5219c,/srv/fim-watch/gen_00069.txt,2026-09-18 04:16:03.956697+00,2026-09-18 04:16:03.974212+00
314993bb-1003-468b-9c9b-71866cfadad4,/srv/fim-watch/gen_00056.txt,2026-09-18 04:16:07.556456+00,2026-09-18 04:16:07.570293+00
fc4f984a-6af5-4b62-81dd-a0eaa34e0b33,/srv/fim-watch/gen_00056.txt,2026-09-18 04:16:11.155549+00,2026-09-18 04:16:11.16172+00
4240de68-ae59-457e-812e-93cfb27a1c22,/srv/fim-watch/critico/gen_00058.txt,2026-09-18 04:16:14.756314+00,2026-09-18 04:16:14.771605+00
a7725ce8-0be1-40b3-abf2-caa4d15db0f8,/srv/fim-watch/gen_00063.txt,2026-09-18 04:16:18.355797+00,2026-09-18 04:16:18.375763+00
08ba2d35-18fe-475f-a552-6ba851e27edf,/srv/fim-watch/critico/gen_00042.txt,2026-09-18 04:16:21.955542+00,2026-09-18 04:16:21.968363+00
7afbd7bd-0655-4a6c-8331-db5d5c972793,/srv/fim-watch/critico/gen_00042.txt,2026-09-18 04:16:25.55448+00,2026-09-18 04:16:25.565368+00
ebb52479-b8f8-4f7e-898d-e2cdb6ba0e11,/srv/fim-watch/gen_00067.txt,2026-09-18 04:16:29.154406+00,2026-09-18 04:16:29.159068+00
e31f2ae4-c1cd-4f98-b14f-6520e9d02e1f,/srv/fim-watch/gen_00070.txt,2026-09-18 04:16:32.754123+00,2026-09-18 04:16:32.769257+00
249ba2ef-07e0-4d77-83d5-0a8c6eef2113,/srv/fim-watch/gen_00068.txt,2026-09-18 04:16:36.354048+00,2026-09-18 04:16:36.371991+00
18096b33-53a8-4684-b089-43eb77fd940a,/srv/fim-watch/gen_00071.txt,2026-09-18 04:16:39.95357+00,2026-09-18 04:16:39.967147+00
9460a126-c179-4a35-801b-1f4da7e7b4a0,/srv/fim-watch/critico/gen_00042.txt,2026-09-18 04:16:43.553812+00,2026-09-18 04:16:43.571783+00
53d0e4a5-f132-466b-86fd-ee9c4d7a066e,/srv/fim-watch/gen_00072.txt,2026-09-18 04:16:47.152767+00,2026-09-18 04:16:47.164307+00
b0fa2a8d-9206-41ea-aa1c-5aa3c67f9bbf,/srv/fim-watch/gen_00072.txt,2026-09-18 04:16:50.752735+00,2026-09-18 04:16:50.765715+00
0b6ab162-5777-47e0-b885-bcec49912a83,/srv/fim-watch/gen_00068.txt,2026-09-18 04:16:54.353+00,2026-09-18 04:16:54.369167+00
1a1788ec-5be4-4e6a-a9a2-67e35ab6c370,/srv/fim-watch/gen_00068.txt,2026-09-18 04:16:57.952728+00,2026-09-18 04:16:57.963385+00
b2eb7ab2-4464-4487-b3ff-0dc764d10109,/srv/fim-watch/gen_00070.txt,2026-09-18 04:17:01.551534+00,2026-09-18 04:17:01.565022+00
8689722d-0202-4bba-bc04-40fe1dd6535f,/srv/fim-watch/gen_00044.txt,2026-09-18 04:17:05.151595+00,2026-09-18 04:17:05.166939+00
51e7615a-21d6-458c-88f6-85c132ed2f7a,/srv/fim-watch/gen_00034.txt,2026-09-18 04:17:08.751246+00,2026-09-18 04:17:08.761256+00
3ce89af3-9f97-4fa6-8ebb-8f003606a694,/srv/fim-watch/gen_00059.txt,2026-09-18 04:17:12.35066+00,2026-09-18 04:17:12.35959+00
9866a5eb-30bb-4c5f-9179-ebdc1e6d90ed,/srv/fim-watch/gen_00073.txt,2026-09-18 04:17:15.950748+00,2026-09-18 04:17:15.962744+00
e2ec116c-7f78-4f41-b5f5-bfeed0b57b16,/srv/fim-watch/gen_00063.txt,2026-09-18 04:17:19.550293+00,2026-09-18 04:17:19.559202+00
500cc019-4a09-45ff-83f5-64f1116fca6c,/srv/fim-watch/gen_00074.txt,2026-09-18 04:17:23.150101+00,2026-09-18 04:17:23.162417+00
686cc71b-d37d-4a61-9674-5b8ae059afac,/srv/fim-watch/gen_00067.txt,2026-09-18 04:17:26.749665+00,2026-09-18 04:17:26.75813+00
bab7010b-b633-4912-814f-14e19cb162db,/srv/fim-watch/critico/gen_00058.txt,2026-09-18 04:17:30.349398+00,2026-09-18 04:17:30.358567+00
87cb8990-2f85-4a77-9493-a5ba5d1cdbe1,/srv/fim-watch/gen_00075.txt,2026-09-18 04:17:33.949234+00,2026-09-18 04:17:33.962656+00
eb3e2cbb-664a-4990-83d4-ab64bf81e6d4,/srv/fim-watch/gen_00076.txt,2026-09-18 04:17:37.5489+00,2026-09-18 04:17:37.558664+00
251bd08d-be8a-4522-a520-c34b660051dd,/srv/fim-watch/gen_00071.txt,2026-09-18 04:17:41.149194+00,2026-09-18 04:17:41.160526+00
3510ef3c-6091-4d28-ad20-f8678ec26c09,/srv/fim-watch/gen_00077.txt,2026-09-18 04:17:44.748456+00,2026-09-18 04:17:44.761952+00
380f1974-27dd-4940-a87d-d4e61f3c236d,/srv/fim-watch/gen_00064.txt,2026-09-18 04:17:48.348202+00,2026-09-18 04:17:48.36027+00
28d61891-c7ca-4fe2-be75-b6e3c7f293cf,/srv/fim-watch/gen_00062.txt,2026-09-18 04:17:51.948062+00,2026-09-18 04:17:51.962797+00
66f4ae60-97bc-4dae-990b-8e209d692804,/srv/fim-watch/gen_00034.txt,2026-09-18 04:17:55.547615+00,2026-09-18 04:17:55.562533+00
efbe00cd-99d2-4e85-94fb-e07d94151a4d,/srv/fim-watch/critico/gen_00029.txt,2026-09-18 04:17:59.147532+00,2026-09-18 04:17:59.159482+00
ce981807-b8d0-4873-806c-d90a0769b2f0,/srv/fim-watch/critico/gen_00029.txt,2026-09-18 04:18:02.747367+00,2026-09-18 04:18:02.766018+00
cdcc5272-f2aa-4e15-bd64-e3a1e5a139a4,/srv/fim-watch/critico/gen_00039.txt,2026-09-18 04:18:06.347168+00,2026-09-18 04:18:06.364503+00
8a55b53b-f549-48c3-b3ed-6b6f31fa7dd4,/srv/fim-watch/gen_00052.txt,2026-09-18 04:18:09.947377+00,2026-09-18 04:18:09.962096+00
ca8b8603-ac1a-46f1-9f6b-3126aefe4ecf,/srv/fim-watch/gen_00056.txt,2026-09-18 04:18:13.54682+00,2026-09-18 04:18:13.557198+00
a1fcfb64-e966-4be9-acfc-9952cd38c69a,/srv/fim-watch/critico/gen_00039.txt,2026-09-18 04:18:17.145729+00,2026-09-18 04:18:17.156855+00
b619234c-cac5-4895-a05d-90d1a98833a8,/srv/fim-watch/gen_00061.txt,2026-09-18 04:18:20.745696+00,2026-09-18 04:18:20.760597+00
251fb171-7d8d-446b-bcc8-4dbb8c84b7b8,/srv/fim-watch/gen_00049.txt,2026-09-18 04:18:24.345302+00,2026-09-18 04:18:24.352898+00
054066b0-3da0-4448-9345-5f4a6ae15179,/srv/fim-watch/gen_00067.txt,2026-09-18 04:18:27.944813+00,2026-09-18 04:18:27.951115+00
67e2c8b8-9145-4cfd-a77e-4bf5aa4f631e,/srv/fim-watch/gen_00075.txt,2026-09-18 04:18:31.54446+00,2026-09-18 04:18:31.553192+00
dcaf786c-58f0-49dc-950f-ff12fb689903,/srv/fim-watch/gen_00074.txt,2026-09-18 04:18:35.144458+00,2026-09-18 04:18:35.153125+00
1a95dad7-45ec-4cac-9613-a26b262a2bc1,/srv/fim-watch/gen_00041.txt,2026-09-18 04:18:38.744027+00,2026-09-18 04:18:38.755424+00
f50c1980-2d1b-461f-9765-aa37c8e76c72,/srv/fim-watch/gen_00041.txt,2026-09-18 04:18:42.343843+00,2026-09-18 04:18:42.353434+00
7dbc7296-3916-449b-b620-bba5e95f685b,/srv/fim-watch/gen_00041.txt,2026-09-18 04:18:45.944151+00,2026-09-18 04:18:45.956712+00
3fe477b6-fefd-447a-b9d8-580523f223c5,/srv/fim-watch/gen_00041.txt,2026-09-18 04:18:49.543644+00,2026-09-18 04:18:49.556609+00
34e0809d-f406-40eb-8022-4870e95a28bc,/srv/fim-watch/gen_00041.txt,2026-09-18 04:18:53.144691+00,2026-09-18 04:18:53.153172+00
06a7160c-ff72-4a90-b4bd-923bd0264dce,/srv/fim-watch/critico/gen_00029.txt,2026-09-18 04:18:56.743349+00,2026-09-18 04:18:56.760679+00
c99b857d-8470-4da1-9fd9-37ad3a92a11d,/srv/fim-watch/gen_00078.txt,2026-09-18 04:19:00.342919+00,2026-09-18 04:19:00.357901+00
a092023f-aa49-47a6-a5ac-6a7d013da418,/srv/fim-watch/critico/gen_00058.txt,2026-09-18 04:19:03.942792+00,2026-09-18 04:19:03.950861+00
3ccf4c63-95ae-45f8-bcb8-96c6bc146547,/srv/fim-watch/critico/gen_00058.txt,2026-09-18 04:19:07.542143+00,2026-09-18 04:19:07.556632+00
093914ae-651e-487c-8848-6da9697f426c,/srv/fim-watch/gen_00065.txt,2026-09-18 04:19:11.142147+00,2026-09-18 04:19:11.159804+00
fd0e5b90-8f22-47d7-bf2d-640989fb2983,/srv/fim-watch/gen_00069.txt,2026-09-18 04:19:14.741984+00,2026-09-18 04:19:14.756758+00
52ba788d-f8ad-409e-8791-eae6f8ba2e52,/srv/fim-watch/critico/gen_00027.txt,2026-09-18 04:19:18.34181+00,2026-09-18 04:19:18.349021+00
dd0585c8-cb33-4880-b19b-ef0ee65f27e1,/srv/fim-watch/gen_00079.txt,2026-09-18 04:19:29.140318+00,2026-09-18 04:19:29.156592+00
6cc879aa-00b0-4f69-835f-9412c38dca4b,/srv/fim-watch/gen_00013.txt,2026-09-18 04:19:32.740066+00,2026-09-18 04:19:32.755284+00
d2c600b1-6ae3-4507-8bae-dfa8ae7527c7,/srv/fim-watch/gen_00013.txt,2026-09-18 04:19:36.340103+00,2026-09-18 04:19:36.352945+00
a6558237-a1c4-4d60-b826-c273f6f4ddd6,/srv/fim-watch/gen_00063.txt,2026-09-18 04:19:39.939584+00,2026-09-18 04:19:39.953917+00
9256f2e4-21d8-4251-948c-1812a2b5c514,/srv/fim-watch/gen_00063.txt,2026-09-18 04:19:43.539557+00,2026-09-18 04:19:43.555567+00
b55993ed-4aac-496f-a62e-ff3edeb8c228,/srv/fim-watch/gen_00063.txt,2026-09-18 04:19:47.138806+00,2026-09-18 04:19:47.14593+00
bce94a5e-46b4-47ba-adf0-333006994184,/srv/fim-watch/gen_00063.txt,2026-09-18 04:19:50.738568+00,2026-09-18 04:19:50.745352+00
02260ce9-6c2d-4714-8d0e-ab0c7d08cb7a,/srv/fim-watch/gen_00063.txt,2026-09-18 04:19:54.339396+00,2026-09-18 04:19:54.356506+00
b70165c5-abc3-4cc5-970f-abc1f0e713bf,/srv/fim-watch/gen_00077.txt,2026-09-18 04:19:57.938178+00,2026-09-18 04:19:57.95258+00
cb754951-cc37-4b8e-b1a9-aa409f01be84,/srv/fim-watch/gen_00041.txt,2026-09-18 04:20:01.537632+00,2026-09-18 04:20:01.539349+00
d167db28-60a7-481d-8220-0ddf25a08670,/srv/fim-watch/gen_00067.txt,2026-09-18 04:20:05.137759+00,2026-09-18 04:20:05.170921+00
ba542587-a27a-4fe6-8c01-d5603dbf3e01,/srv/fim-watch/gen_00020.txt,2026-09-18 04:20:08.737312+00,2026-09-18 04:20:08.747373+00
d4f7616e-5b01-4be1-8dec-922bfb69102d,/srv/fim-watch/gen_00080.txt,2026-09-18 04:20:12.337174+00,2026-09-18 04:20:12.357077+00
b34de07b-2d85-4859-8a6f-47098224fc62,/srv/fim-watch/gen_00067.txt,2026-09-18 04:20:15.937102+00,2026-09-18 04:20:15.953239+00
a26fbfac-7082-4d33-9697-884551d54932,/srv/fim-watch/gen_00052.txt,2026-09-18 04:20:19.536549+00,2026-09-18 04:20:19.551372+00
f54ac411-d7d9-48b4-8ceb-2bafd2146ea0,/srv/fim-watch/gen_00066.txt,2026-09-18 04:20:26.735751+00,2026-09-18 04:20:26.748936+00
504baee6-49ce-4eda-ac36-29ae5190e2d3,/srv/fim-watch/gen_00079.txt,2026-09-18 04:20:30.335809+00,2026-09-18 04:20:30.350939+00
c3a79fdc-ac1e-4262-98f0-2153a0cfb5c5,/srv/fim-watch/gen_00079.txt,2026-09-18 04:20:33.935308+00,2026-09-18 04:20:33.947752+00
20813df9-86fb-4758-8ace-bea8ce5e1873,/srv/fim-watch/gen_00079.txt,2026-09-18 04:20:37.535349+00,2026-09-18 04:20:37.551496+00
cdd66861-04ca-4970-8d26-b0f153095d6f,/srv/fim-watch/gen_00079.txt,2026-09-18 04:20:41.134911+00,2026-09-18 04:20:41.151194+00
f1bafa3e-6242-4560-bec7-74ba86089eff,/srv/fim-watch/gen_00082.txt,2026-09-18 04:20:48.334038+00,2026-09-18 04:20:48.345479+00
c3584fe1-6970-41f0-805e-31caf3f3480e,/srv/fim-watch/gen_00034.txt,2026-09-18 04:20:51.933697+00,2026-09-18 04:20:51.944616+00
c8afb7d4-71be-47b3-9a7e-8cf835abaa33,/srv/fim-watch/critico/gen_00029.txt,2026-09-18 04:20:55.533536+00,2026-09-18 04:20:55.547501+00
072130ef-fe07-489e-85ba-b13ecd4d608b,/srv/fim-watch/critico/gen_00029.txt,2026-09-18 04:20:59.133121+00,2026-09-18 04:20:59.145762+00
dbe7ecd3-e541-447f-81c0-99fddd99b469,/srv/fim-watch/gen_00083.txt,2026-09-18 04:21:02.733375+00,2026-09-18 04:21:02.737247+00
becf2b1a-6df6-4883-9170-0b117018eeea,/srv/fim-watch/gen_00065.txt,2026-09-18 04:21:06.332846+00,2026-09-18 04:21:06.343304+00
fb824905-6edf-4af9-93fc-712d1b40b084,/srv/fim-watch/gen_00065.txt,2026-09-18 04:21:09.932114+00,2026-09-18 04:21:09.939495+00
1a600215-ab45-4a1a-aa44-f58395b124f9,/srv/fim-watch/gen_00059.txt,2026-09-18 04:21:13.531929+00,2026-09-18 04:21:13.542639+00
2631296f-1023-4f4c-b8b3-08fc04e16065,/srv/fim-watch/gen_00059.txt,2026-09-18 04:21:17.131678+00,2026-09-18 04:21:17.143753+00
026ab6cc-d187-4190-908a-dd0c23f9e2c6,/srv/fim-watch/gen_00059.txt,2026-09-18 04:21:20.731495+00,2026-09-18 04:21:20.744225+00
5e576af6-3488-42d2-8f05-7c82a7088a57,/srv/fim-watch/gen_00059.txt,2026-09-18 04:21:24.331401+00,2026-09-18 04:21:24.343495+00
311bdae6-ce85-4021-84cb-b4650b798740,/srv/fim-watch/gen_00059.txt,2026-09-18 04:21:27.931257+00,2026-09-18 04:21:27.944134+00
5e3fe5ab-4b59-4319-9435-f85db785d4a7,/srv/fim-watch/gen_00066.txt,2026-09-18 04:21:31.53059+00,2026-09-18 04:21:31.542104+00
f1d08bc0-a822-4b45-89c5-1413a47baa30,/srv/fim-watch/gen_00066.txt,2026-09-18 04:21:35.130566+00,2026-09-18 04:21:35.140136+00
5c557149-79a5-46f7-83b5-980abfe28450,/srv/fim-watch/gen_00071.txt,2026-09-18 04:21:38.730474+00,2026-09-18 04:21:38.734546+00
cc2d75a8-851a-4b02-a1b2-920e8ca53f1e,/srv/fim-watch/gen_00068.txt,2026-09-18 04:21:42.329123+00,2026-09-18 04:21:42.339038+00
c3d3b9d5-f2d1-4e81-808c-9f9ad9735fea,/srv/fim-watch/gen_00077.txt,2026-09-18 04:21:45.93001+00,2026-09-18 04:21:45.940932+00
14a57b6f-4299-4cf6-b025-240b988e9a1e,/srv/fim-watch/gen_00077.txt,2026-09-18 04:21:49.529291+00,2026-09-18 04:21:49.542627+00
219b42e9-f9d3-4056-b5fe-a0d0d44d9ef9,/srv/fim-watch/gen_00077.txt,2026-09-18 04:21:53.128949+00,2026-09-18 04:21:53.140323+00
794e7791-71da-40b6-bba4-ace0914686bd,/srv/fim-watch/gen_00077.txt,2026-09-18 04:21:56.728901+00,2026-09-18 04:21:56.741113+00
76ccee44-096c-4b96-b9fc-5a9e34411a69,/srv/fim-watch/gen_00077.txt,2026-09-18 04:22:00.328212+00,2026-09-18 04:22:00.334893+00
51c8ad96-a684-43cf-8be3-1c43f6535516,/srv/fim-watch/gen_00075.txt,2026-09-18 04:22:03.928158+00,2026-09-18 04:22:03.942639+00
3e6c9ebd-a82a-4a4e-806b-22b2a35dc044,/srv/fim-watch/gen_00061.txt,2026-09-18 04:22:07.528097+00,2026-09-18 04:22:07.532399+00
c8fb6808-fe35-4186-8702-fbcd63e138e2,/srv/fim-watch/gen_00064.txt,2026-09-18 04:22:11.127573+00,2026-09-18 04:22:11.138861+00
f73f18c8-8d00-4a2f-9474-c41eabe66e0f,/srv/fim-watch/gen_00085.txt,2026-09-18 04:22:18.327125+00,2026-09-18 04:22:18.333307+00
0f2f3aa2-e857-4f11-9c34-f92e488ef9d3,/srv/fim-watch/gen_00034.txt,2026-09-18 04:22:21.926401+00,2026-09-18 04:22:21.927209+00
f74f21dd-f80b-4f66-9a09-01b836a7d316,/srv/fim-watch/gen_00045.txt,2026-09-18 04:22:25.526398+00,2026-09-18 04:22:25.526528+00
ee77f30f-c861-4fec-8862-dffc52200b0f,/srv/fim-watch/critico/gen_00024.txt,2026-09-18 04:22:29.125671+00,2026-09-18 04:22:29.130356+00
626322e7-9140-4358-81eb-021399c742e5,/srv/fim-watch/gen_00086.txt,2026-09-18 04:22:32.72566+00,2026-09-18 04:22:32.734589+00
cab0f262-14dc-473e-b769-7784c11be219,/srv/fim-watch/gen_00068.txt,2026-09-18 04:22:36.325294+00,2026-09-18 04:22:36.334654+00
c2026761-416d-4d73-8912-c8fec60f5000,/srv/fim-watch/gen_00074.txt,2026-09-18 04:22:39.925286+00,2026-09-18 04:22:39.939769+00
8ae12f2b-cc89-486d-a2da-7be04a1f6e36,/srv/fim-watch/gen_00088.txt,2026-09-18 04:22:47.124504+00,2026-09-18 04:22:47.127249+00
d5f0efde-5c76-4821-a415-369caa959335,/srv/fim-watch/gen_00089.txt,2026-09-18 04:22:50.724405+00,2026-09-18 04:22:50.731146+00
2cdfc7a6-5996-45ae-94b9-6c9714ac6061,/srv/fim-watch/gen_00089.txt,2026-09-18 04:22:54.324075+00,2026-09-18 04:22:54.333241+00
55154a55-ef51-4abc-83d8-4911fd8de6ce,/srv/fim-watch/gen_00090.txt,2026-09-18 04:23:01.523712+00,2026-09-18 04:23:01.530333+00
37f1f625-2871-4d08-9775-9ddf7e968f99,/srv/fim-watch/gen_00074.txt,2026-09-18 04:23:05.123236+00,2026-09-18 04:23:05.132049+00
ced49933-3ec7-4ac5-86a9-289e1f719aa1,/srv/fim-watch/gen_00034.txt,2026-09-18 04:23:08.722706+00,2026-09-18 04:23:08.724624+00
1ff25f8a-d20f-4f24-884c-5312d8c2e07f,/srv/fim-watch/gen_00013.txt,2026-09-18 04:23:12.322959+00,2026-09-18 04:23:12.333156+00
08329754-3fc9-46a1-9b67-5df7a30a69e3,/srv/fim-watch/critico/gen_00091.txt,2026-09-18 04:23:15.922279+00,2026-09-18 04:23:15.932901+00
8f02b7db-3fcc-49ec-b8ce-55e6e50cabde,/srv/fim-watch/critico/gen_00091.txt,2026-09-18 04:23:19.52204+00,2026-09-18 04:23:19.533203+00
a16fb529-e27d-4884-8fc3-7a47303f22a5,/srv/fim-watch/gen_00059.txt,2026-09-18 04:23:23.12191+00,2026-09-18 04:23:23.135609+00
dd82b66d-0cd0-4cd8-91d0-960a55171c30,/srv/fim-watch/gen_00013.txt,2026-09-18 04:23:26.721671+00,2026-09-18 04:23:26.72662+00
8c33c563-b275-46ba-8702-b9d589650831,/srv/fim-watch/gen_00013.txt,2026-09-18 04:23:30.321351+00,2026-09-18 04:23:30.334447+00
4ac10c0d-f949-4aa6-983f-c72c1a392235,/srv/fim-watch/gen_00085.txt,2026-09-18 04:23:33.920459+00,2026-09-18 04:23:33.933345+00
f27cf079-b3cd-4a0c-bc5b-255f3dc7f819,/srv/fim-watch/gen_00092.txt,2026-09-18 04:23:37.520341+00,2026-09-18 04:23:37.530004+00
c91ba15c-2446-48c5-a11c-486225a73c64,/srv/fim-watch/gen_00093.txt,2026-09-18 04:23:44.720734+00,2026-09-18 04:23:44.7305+00
bf9c3ae0-5933-4410-8e5f-892dcc86dd83,/srv/fim-watch/gen_00014.txt,2026-09-18 04:23:48.320069+00,2026-09-18 04:23:48.329085+00
8ad1f2b3-a80d-4d50-b568-967adb74e3b2,/srv/fim-watch/gen_00014.txt,2026-09-18 04:23:51.919219+00,2026-09-18 04:23:51.921684+00
24ddea72-2ed9-499f-9f49-d1c3182e9739,/srv/fim-watch/gen_00014.txt,2026-09-18 04:23:55.519257+00,2026-09-18 04:23:55.529084+00
6a0dcff4-bf69-40df-80f5-3a679d637ab6,/srv/fim-watch/gen_00071.txt,2026-09-18 04:24:02.718791+00,2026-09-18 04:24:02.729823+00
583c6421-2647-4fec-8caf-65a76535a74a,/srv/fim-watch/gen_00071.txt,2026-09-18 04:24:06.318409+00,2026-09-18 04:24:06.327242+00
0cd07c34-70e0-43d4-82a2-e49abd67aeb6,/srv/fim-watch/gen_00040.txt,2026-09-18 04:24:09.917837+00,2026-09-18 04:24:09.922923+00
186a24f7-cbf0-475e-a553-aabb11fb15c9,/srv/fim-watch/gen_00071.txt,2026-09-18 04:24:13.517674+00,2026-09-18 04:24:13.529557+00
6aca277b-f4dc-4d8c-bae4-145f30b6efc9,/srv/fim-watch/gen_00014.txt,2026-09-18 04:24:17.116647+00,2026-09-18 04:24:17.119246+00
c00ea863-392c-4854-8747-1c4e85121dc0,/srv/fim-watch/critico/gen_00094.txt,2026-09-18 04:24:20.71671+00,2026-09-18 04:24:20.723875+00
3a6ab830-6970-424b-ae82-c1d8c4d4a635,/srv/fim-watch/gen_00066.txt,2026-09-18 04:24:24.316345+00,2026-09-18 04:24:24.321671+00
1a068651-c4c5-4b73-a168-7a582a27a8e2,/srv/fim-watch/gen_00095.txt,2026-09-18 04:24:27.916325+00,2026-09-18 04:24:27.924492+00
7c75955e-0cca-4c42-8b7b-e70a1866512d,/srv/fim-watch/gen_00063.txt,2026-09-18 04:24:31.515788+00,2026-09-18 04:24:31.516693+00
27620b3e-d3b6-4ca0-85f6-3c95009c65ac,/srv/fim-watch/gen_00073.txt,2026-09-18 04:24:35.115674+00,2026-09-18 04:24:35.121802+00
45dc7d2b-2a66-4b22-9ed7-7dce8d7ab9e7,/srv/fim-watch/critico/gen_00094.txt,2026-09-18 04:24:38.715184+00,2026-09-18 04:24:38.715468+00
db598ed2-4e67-4fa4-9cd1-10d0f1905b53,/srv/fim-watch/gen_00071.txt,2026-09-18 04:24:42.315029+00,2026-09-18 04:24:42.31619+00
7d8554fc-e64f-4c1b-b372-f5f82bb29d22,/srv/fim-watch/gen_00092.txt,2026-09-18 04:24:45.914523+00,2026-09-18 04:24:45.919237+00
99ab3769-cca2-47fa-b7f2-986903ab8fc1,/srv/fim-watch/gen_00097.txt,2026-09-18 04:24:53.114332+00,2026-09-18 04:24:53.121612+00
a5bd78c4-70ed-42ec-b7f7-c8c005443b8a,/srv/fim-watch/gen_00097.txt,2026-09-18 04:24:56.713897+00,2026-09-18 04:24:56.719278+00
7e640978-5647-4a75-9895-cdc416abd71c,/srv/fim-watch/gen_00099.txt,2026-09-18 04:25:07.513128+00,2026-09-18 04:25:07.51441+00
742a9b8f-ce49-4a9b-89dc-8a6e6c525578,/srv/fim-watch/gen_00076.txt,2026-09-18 04:25:11.112523+00,2026-09-18 04:25:11.114179+00
2b024191-4bfd-4cd8-b385-932a52a88575,/srv/fim-watch/gen_00078.txt,2026-09-18 04:25:14.712334+00,2026-09-18 04:25:14.72209+00
706f4bed-6f0c-47af-9dd0-40ea23c852b0,/srv/fim-watch/gen_00056.txt,2026-09-18 04:25:18.312472+00,2026-09-18 04:25:18.316874+00
1b4772df-2499-4e98-9a69-5f45c10c8143,/srv/fim-watch/gen_00100.txt,2026-09-18 04:25:21.911607+00,2026-09-18 04:25:21.912653+00
94632f83-7f67-4771-9267-2433a60052f7,/srv/fim-watch/gen_00061.txt,2026-09-18 04:25:25.511569+00,2026-09-18 04:25:25.526507+00
